ISO-10303-21;
HEADER;
/* Generated by software containing ST-Developer
 * from STEP Tools, Inc. (www.steptools.com) 
 */
/* OPTION: using custom renumber hook */

FILE_DESCRIPTION(
/* description */ ('STEP AP242 Edition 2',
'CAx-IF Rec.Pracs.---Representation and Presentation of Product Manufa
cturing Information (PMI)---4.0---2014-10-13',
'CAx-IF Rec.Pracs.---3D Tessellated Geometry---0.4---2014-09-14','2;1',
'CAx-IF Rec.Pracs.---User Defined Attributes---1.5---2016-08-15'),
/* implementation_level */ '2;1');

FILE_NAME(
/* name */ 'Palm - Palm',
/* time_stamp */ '2026-06-29T16:53:15Z',
/* author */ (''),
/* organization */ (''),
/* preprocessor_version */ 'ST-DEVELOPER v20',
/* originating_system */ 'ONSHAPE BY PTC INC, 1.217',
/* authorisation */ '  ');

FILE_SCHEMA (('AP242_MANAGED_MODEL_BASED_3D_ENGINEERING_MIM_LF { 1 0 10303 442 3 1 4 }'));
ENDSEC;

DATA;
#10=SHAPE_REPRESENTATION_RELATIONSHIP('','',#6719,#11);
#11=ADVANCED_BREP_SHAPE_REPRESENTATION('',(#6717),#11342);
#12=SPHERICAL_SURFACE('',#7260,0.005);
#13=SPHERICAL_SURFACE('',#7320,0.005);
#14=SPHERICAL_SURFACE('',#7325,0.005);
#15=TOROIDAL_SURFACE('',#7238,0.005,0.005);
#16=TOROIDAL_SURFACE('',#7242,0.005,0.005);
#17=TOROIDAL_SURFACE('',#7246,0.005,0.005);
#18=TOROIDAL_SURFACE('',#7252,0.005,0.005);
#19=TOROIDAL_SURFACE('',#7264,0.015,0.005);
#20=TOROIDAL_SURFACE('',#7268,0.005,0.005);
#21=TOROIDAL_SURFACE('',#7272,0.015,0.005);
#22=TOROIDAL_SURFACE('',#7276,0.005,0.005);
#23=TOROIDAL_SURFACE('',#7280,0.005,0.005);
#24=TOROIDAL_SURFACE('',#7284,0.015,0.005);
#25=TOROIDAL_SURFACE('',#7299,0.005,0.005);
#26=TOROIDAL_SURFACE('',#7303,0.015,0.005);
#27=TOROIDAL_SURFACE('',#7306,0.015,0.005);
#28=TOROIDAL_SURFACE('',#7310,0.005,0.005);
#29=ELLIPSE('',#7093,0.0107703296142775,0.01);
#30=ELLIPSE('',#7097,0.0107703296142775,0.01);
#31=ELLIPSE('',#7105,0.0107703296142729,0.01);
#32=ELLIPSE('',#7109,0.0107703296142729,0.01);
#33=ELLIPSE('',#7120,0.0107703296142729,0.01);
#34=ELLIPSE('',#7251,0.00707106781186547,0.005);
#35=ELLIPSE('',#7255,0.00707106781186547,0.005);
#36=ELLIPSE('',#7288,0.00707106781186547,0.005);
#37=ELLIPSE('',#7289,0.00707106781186548,0.005);
#38=ELLIPSE('',#7291,0.00707106781186547,0.005);
#39=ELLIPSE('',#7293,0.00707106781186547,0.005);
#40=ELLIPSE('',#7295,0.00707106781186547,0.005);
#41=ELLIPSE('',#7316,0.00707106781186547,0.005);
#42=ELLIPSE('',#7317,0.00707106781186547,0.005);
#43=B_SPLINE_CURVE_WITH_KNOTS('',3,(#9350,#9351,#9352,#9353),
 .UNSPECIFIED.,.F.,.F.,(4,4),(0.00640193048664324,0.00845179271873314),
 .UNSPECIFIED.);
#44=B_SPLINE_CURVE_WITH_KNOTS('',3,(#9770,#9771,#9772,#9773),
 .UNSPECIFIED.,.F.,.F.,(4,4),(0.,0.00240331234245003),.UNSPECIFIED.);
#45=B_SPLINE_CURVE_WITH_KNOTS('',3,(#9799,#9800,#9801,#9802),
 .UNSPECIFIED.,.F.,.F.,(4,4),(0.,0.00240331234245002),.UNSPECIFIED.);
#46=B_SPLINE_CURVE_WITH_KNOTS('',3,(#10624,#10625,#10626,#10627),
 .UNSPECIFIED.,.F.,.F.,(4,4),(0.,0.000808603721379726),.UNSPECIFIED.);
#47=B_SPLINE_CURVE_WITH_KNOTS('',3,(#10644,#10645,#10646,#10647),
 .UNSPECIFIED.,.F.,.F.,(4,4),(0.,0.00160660543842922),.UNSPECIFIED.);
#48=B_SPLINE_CURVE_WITH_KNOTS('',3,(#10877,#10878,#10879,#10880,#10881,
#10882,#10883,#10884,#10885,#10886,#10887),.UNSPECIFIED.,.F.,.F.,(4,1,1,
1,1,1,1,1,4),(0.,0.000770978950455877,0.00154195790091175,0.00231293685136763,
0.00308391580182351,0.00385489475227938,0.00462587370273526,0.00539685265319114,
0.00616783160364701),.UNSPECIFIED.);
#49=B_SPLINE_CURVE_WITH_KNOTS('',3,(#10888,#10889,#10890,#10891,#10892,
#10893,#10894,#10895),.UNSPECIFIED.,.F.,.F.,(4,1,1,1,1,4),(0.,0.00211294817968328,
0.00422589635936656,0.0052823704492082,0.00633884453904984,0.00845179271873312),
 .UNSPECIFIED.);
#50=B_SPLINE_CURVE_WITH_KNOTS('',3,(#10896,#10897,#10898,#10899,#10900,
#10901,#10902,#10903),.UNSPECIFIED.,.F.,.F.,(4,1,1,1,1,4),(0.,0.00212036757801328,
0.00318055136701993,0.00424073515602657,0.00636110273403986,0.00848147031205314),
 .UNSPECIFIED.);
#51=B_SPLINE_CURVE_WITH_KNOTS('',3,(#10905,#10906,#10907,#10908),
 .UNSPECIFIED.,.F.,.F.,(4,4),(0.000918513376565077,0.00302579522260964),
 .UNSPECIFIED.);
#52=B_SPLINE_CURVE_WITH_KNOTS('',3,(#10910,#10911,#10912,#10913,#10914,
#10915,#10916,#10917,#10918,#10919,#10920),.UNSPECIFIED.,.F.,.F.,(4,1,1,
1,1,1,1,1,4),(0.,0.000770978950455864,0.00154195790091173,0.00231293685136759,
0.00308391580182345,0.00385489475227932,0.00462587370273518,0.00539685265319105,
0.00616783160364691),.UNSPECIFIED.);
#53=B_SPLINE_CURVE_WITH_KNOTS('',3,(#10921,#10922,#10923,#10924,#10925),
 .UNSPECIFIED.,.F.,.F.,(4,1,4),(0.,0.00215153276597692,0.00430306553195385),
 .UNSPECIFIED.);
#54=B_SPLINE_CURVE_WITH_KNOTS('',3,(#10927,#10928,#10929,#10930),
 .UNSPECIFIED.,.F.,.F.,(4,4),(0.,0.00150116905020166),.UNSPECIFIED.);
#55=B_SPLINE_CURVE_WITH_KNOTS('',3,(#10933,#10934,#10935,#10936,#10937,
#10938,#10939),.UNSPECIFIED.,.F.,.F.,(4,1,1,1,4),(0.0012550510917491,0.00242110006912717,
0.00358714904650524,0.00475319802388332,0.00591924700126139),
 .UNSPECIFIED.);
#56=B_SPLINE_CURVE_WITH_KNOTS('',3,(#10940,#10941,#10942,#10943,#10944,
#10945,#10946,#10947),.UNSPECIFIED.,.F.,.F.,(4,1,1,1,1,4),(0.,0.00213232518361437,
0.00319848777542155,0.00426465036722873,0.0063969755508431,0.00852930073445746),
 .UNSPECIFIED.);
#57=B_SPLINE_CURVE_WITH_KNOTS('',3,(#10951,#10952,#10953,#10954,#10955,
#10956,#10957,#10958,#10959,#10960,#10961),.UNSPECIFIED.,.F.,.F.,(4,1,1,
1,1,1,1,1,4),(0.,0.000770978950455876,0.00154195790091175,0.00231293685136763,
0.00308391580182351,0.00385489475227938,0.00462587370273526,0.00539685265319113,
0.00616783160364701),.UNSPECIFIED.);
#58=B_SPLINE_CURVE_WITH_KNOTS('',3,(#10962,#10963,#10964,#10965,#10966,
#10967,#10968,#10969),.UNSPECIFIED.,.F.,.F.,(4,1,1,1,1,4),(0.,0.00211294817968328,
0.00422589635936657,0.00528237044920821,0.00633884453904985,0.00845179271873313),
 .UNSPECIFIED.);
#59=B_SPLINE_CURVE_WITH_KNOTS('',3,(#10971,#10972,#10973,#10974,#10975,
#10976,#10977,#10978,#10979,#10980,#10981),.UNSPECIFIED.,.F.,.F.,(4,1,1,
1,1,1,1,1,4),(0.,0.000770978950455861,0.00154195790091172,0.00231293685136758,
0.00308391580182344,0.0038548947522793,0.00462587370273516,0.00539685265319103,
0.00616783160364689),.UNSPECIFIED.);
#60=B_SPLINE_CURVE_WITH_KNOTS('',3,(#10982,#10983,#10984,#10985,#10986,
#10987,#10988,#10989),.UNSPECIFIED.,.F.,.F.,(4,1,1,1,1,4),(0.,0.00212036757801327,
0.00318055136701991,0.00424073515602654,0.00636110273403981,0.00848147031205308),
 .UNSPECIFIED.);
#61=B_SPLINE_CURVE_WITH_KNOTS('',3,(#11089,#11090,#11091,#11092,#11093,
#11094,#11095,#11096,#11097,#11098,#11099,#11100,#11101),.UNSPECIFIED.,
 .T.,.F.,(1,1,1,1,1,1,1,1,1,1,1,1,1,1,1,1,1),(-0.0020938921157956,-0.0010469460578978,
-0.000523473028948899,0.,0.000523473028948899,0.0010469460578978,0.0020938921157956,
0.00314083817369339,0.00418778423159119,0.00523473028948899,0.00628167634738679,
0.00732862240528459,0.00785209543423349,0.00837556846318239,0.00889904149213129,
0.00942251452108018,0.010469460578978),.UNSPECIFIED.);
#62=B_SPLINE_CURVE_WITH_KNOTS('',3,(#11107,#11108,#11109,#11110,#11111,
#11112,#11113,#11114,#11115,#11116,#11117,#11118,#11119),.UNSPECIFIED.,
 .T.,.F.,(1,1,1,1,1,1,1,1,1,1,1,1,1,1,1,1,1),(-0.00156172187201335,-0.00104114791467557,
-0.000520573957337785,0.,0.00104114791467557,0.00208229582935114,0.00312344374402671,
0.00416459165870228,0.00520573957337785,0.00624688748805342,0.0067674614453912,
0.00728803540272899,0.00780860936006677,0.00832918331740456,0.00937033123208013,
0.0104114791467557,0.0114526270614313),.UNSPECIFIED.);
#63=B_SPLINE_CURVE_WITH_KNOTS('',3,(#11129,#11130,#11131,#11132,#11133),
 .UNSPECIFIED.,.F.,.F.,(4,1,4),(0.,0.00105887641141481,0.00211775282282962),
 .UNSPECIFIED.);
#64=B_SPLINE_CURVE_WITH_KNOTS('',3,(#11143,#11144,#11145,#11146,#11147,
#11148,#11149),.UNSPECIFIED.,.F.,.F.,(4,1,1,1,4),(1.97173015514555E-7,0.00100642016321884,
0.00201264315342217,0.0030188661436255,0.00402508913382882),
 .UNSPECIFIED.);
#65=B_SPLINE_CURVE_WITH_KNOTS('',3,(#11153,#11154,#11155,#11156,#11157,
#11158,#11159),.UNSPECIFIED.,.F.,.F.,(4,1,1,1,4),(0.,0.00104817102392638,
0.00209634204785276,0.00314451307177914,0.00419268409570552),
 .UNSPECIFIED.);
#66=B_SPLINE_CURVE_WITH_KNOTS('',3,(#11189,#11190,#11191,#11192,#11193,
#11194,#11195,#11196,#11197,#11198,#11199,#11200,#11201),.UNSPECIFIED.,
 .F.,.F.,(4,1,1,1,1,1,1,1,1,1,4),(0.,0.000881112942589706,0.00176222588517941,
0.00264333882776912,0.00352445177035882,0.00396500824165368,0.00440556471294853,
0.00484612118424338,0.00528667765553823,0.00616779059812794,0.00704890354071765),
 .UNSPECIFIED.);
#67=B_SPLINE_CURVE_WITH_KNOTS('',3,(#11211,#11212,#11213,#11214,#11215),
 .UNSPECIFIED.,.F.,.F.,(4,1,4),(0.00180572000136723,0.00286410258274411,
0.00392248516412098),.UNSPECIFIED.);
#68=B_SPLINE_CURVE_WITH_KNOTS('',3,(#11233,#11234,#11235,#11236,#11237,
#11238,#11239,#11240,#11241),.UNSPECIFIED.,.F.,.F.,(4,1,1,1,1,1,4),(0.,
0.00264890809681874,0.0039733621452281,0.00529781619363747,0.00662227024204684,
0.00794672429045621,0.0105956323872749),.UNSPECIFIED.);
#69=B_SPLINE_CURVE_WITH_KNOTS('',3,(#11243,#11244,#11245,#11246,#11247,
#11248,#11249,#11250,#11251),.UNSPECIFIED.,.F.,.F.,(4,1,1,1,1,1,4),(0.,
0.00264890809681873,0.00397336214522809,0.00529781619363745,0.00662227024204682,
0.00794672429045618,0.0105956323872749),.UNSPECIFIED.);
#70=CYLINDRICAL_SURFACE('',#6740,0.005);
#71=CYLINDRICAL_SURFACE('',#6977,0.00115);
#72=CYLINDRICAL_SURFACE('',#6979,0.00115);
#73=CYLINDRICAL_SURFACE('',#6981,0.00115);
#74=CYLINDRICAL_SURFACE('',#6983,0.00115);
#75=CYLINDRICAL_SURFACE('',#6985,0.00115);
#76=CYLINDRICAL_SURFACE('',#6987,0.00115);
#77=CYLINDRICAL_SURFACE('',#6989,0.00115);
#78=CYLINDRICAL_SURFACE('',#6991,0.00115);
#79=CYLINDRICAL_SURFACE('',#6993,0.00115);
#80=CYLINDRICAL_SURFACE('',#6995,0.00115);
#81=CYLINDRICAL_SURFACE('',#6997,0.00115);
#82=CYLINDRICAL_SURFACE('',#6999,0.00115);
#83=CYLINDRICAL_SURFACE('',#7001,0.00115);
#84=CYLINDRICAL_SURFACE('',#7003,0.00115);
#85=CYLINDRICAL_SURFACE('',#7005,0.00115);
#86=CYLINDRICAL_SURFACE('',#7007,0.00115);
#87=CYLINDRICAL_SURFACE('',#7009,0.00115);
#88=CYLINDRICAL_SURFACE('',#7011,0.00115);
#89=CYLINDRICAL_SURFACE('',#7013,0.00115);
#90=CYLINDRICAL_SURFACE('',#7015,0.00115);
#91=CYLINDRICAL_SURFACE('',#7017,0.00215);
#92=CYLINDRICAL_SURFACE('',#7020,0.00215);
#93=CYLINDRICAL_SURFACE('',#7023,0.00215);
#94=CYLINDRICAL_SURFACE('',#7026,0.00215);
#95=CYLINDRICAL_SURFACE('',#7029,0.00215);
#96=CYLINDRICAL_SURFACE('',#7032,0.00215);
#97=CYLINDRICAL_SURFACE('',#7035,0.00215);
#98=CYLINDRICAL_SURFACE('',#7038,0.00215);
#99=CYLINDRICAL_SURFACE('',#7041,0.00215);
#100=CYLINDRICAL_SURFACE('',#7044,0.00215);
#101=CYLINDRICAL_SURFACE('',#7047,0.00215);
#102=CYLINDRICAL_SURFACE('',#7050,0.00215);
#103=CYLINDRICAL_SURFACE('',#7053,0.00215);
#104=CYLINDRICAL_SURFACE('',#7056,0.00215);
#105=CYLINDRICAL_SURFACE('',#7059,0.00215);
#106=CYLINDRICAL_SURFACE('',#7062,0.00215);
#107=CYLINDRICAL_SURFACE('',#7065,0.00215);
#108=CYLINDRICAL_SURFACE('',#7068,0.00215);
#109=CYLINDRICAL_SURFACE('',#7071,0.00215);
#110=CYLINDRICAL_SURFACE('',#7074,0.00215);
#111=CYLINDRICAL_SURFACE('',#7077,0.00255);
#112=CYLINDRICAL_SURFACE('',#7078,0.005);
#113=CYLINDRICAL_SURFACE('',#7079,0.00255);
#114=CYLINDRICAL_SURFACE('',#7080,0.005);
#115=CYLINDRICAL_SURFACE('',#7087,0.00255);
#116=CYLINDRICAL_SURFACE('',#7088,0.005);
#117=CYLINDRICAL_SURFACE('',#7089,0.00255);
#118=CYLINDRICAL_SURFACE('',#7090,0.005);
#119=CYLINDRICAL_SURFACE('',#7099,0.00255);
#120=CYLINDRICAL_SURFACE('',#7100,0.005);
#121=CYLINDRICAL_SURFACE('',#7101,0.005);
#122=CYLINDRICAL_SURFACE('',#7102,0.00255);
#123=CYLINDRICAL_SURFACE('',#7111,0.00255);
#124=CYLINDRICAL_SURFACE('',#7112,0.005);
#125=CYLINDRICAL_SURFACE('',#7113,0.00255);
#126=CYLINDRICAL_SURFACE('',#7114,0.005);
#127=CYLINDRICAL_SURFACE('',#7122,0.00255);
#128=CYLINDRICAL_SURFACE('',#7123,0.005);
#129=CYLINDRICAL_SURFACE('',#7124,0.00255);
#130=CYLINDRICAL_SURFACE('',#7125,0.005);
#131=CYLINDRICAL_SURFACE('',#7154,0.00165);
#132=CYLINDRICAL_SURFACE('',#7155,0.00165);
#133=CYLINDRICAL_SURFACE('',#7156,0.00165);
#134=CYLINDRICAL_SURFACE('',#7157,0.00165);
#135=CYLINDRICAL_SURFACE('',#7158,0.00165);
#136=CYLINDRICAL_SURFACE('',#7159,0.003);
#137=CYLINDRICAL_SURFACE('',#7160,0.003);
#138=CYLINDRICAL_SURFACE('',#7161,0.003);
#139=CYLINDRICAL_SURFACE('',#7162,0.003);
#140=CYLINDRICAL_SURFACE('',#7163,0.003);
#141=CYLINDRICAL_SURFACE('',#7194,0.01);
#142=CYLINDRICAL_SURFACE('',#7196,0.01);
#143=CYLINDRICAL_SURFACE('',#7199,0.01);
#144=CYLINDRICAL_SURFACE('',#7202,0.01);
#145=CYLINDRICAL_SURFACE('',#7204,0.01);
#146=CYLINDRICAL_SURFACE('',#7207,0.01);
#147=CYLINDRICAL_SURFACE('',#7210,0.01);
#148=CYLINDRICAL_SURFACE('',#7211,0.01);
#149=CYLINDRICAL_SURFACE('',#7213,0.01);
#150=CYLINDRICAL_SURFACE('',#7214,0.01);
#151=CYLINDRICAL_SURFACE('',#7215,0.01);
#152=CYLINDRICAL_SURFACE('',#7216,0.01);
#153=CYLINDRICAL_SURFACE('',#7218,0.01);
#154=CYLINDRICAL_SURFACE('',#7220,0.01);
#155=CYLINDRICAL_SURFACE('',#7222,0.01);
#156=CYLINDRICAL_SURFACE('',#7223,0.01);
#157=CYLINDRICAL_SURFACE('',#7224,0.01);
#158=CYLINDRICAL_SURFACE('',#7225,0.01);
#159=CYLINDRICAL_SURFACE('',#7226,0.01);
#160=CYLINDRICAL_SURFACE('',#7227,0.01);
#161=CYLINDRICAL_SURFACE('',#7228,0.01);
#162=CYLINDRICAL_SURFACE('',#7229,0.01);
#163=CYLINDRICAL_SURFACE('',#7230,0.01);
#164=CYLINDRICAL_SURFACE('',#7231,0.01);
#165=CYLINDRICAL_SURFACE('',#7232,0.01);
#166=CYLINDRICAL_SURFACE('',#7233,0.01);
#167=CYLINDRICAL_SURFACE('',#7234,0.01);
#168=CYLINDRICAL_SURFACE('',#7235,0.005);
#169=CYLINDRICAL_SURFACE('',#7240,0.005);
#170=CYLINDRICAL_SURFACE('',#7244,0.005);
#171=CYLINDRICAL_SURFACE('',#7248,0.005);
#172=CYLINDRICAL_SURFACE('',#7250,0.005);
#173=CYLINDRICAL_SURFACE('',#7254,0.005);
#174=CYLINDRICAL_SURFACE('',#7256,0.005);
#175=CYLINDRICAL_SURFACE('',#7258,0.005);
#176=CYLINDRICAL_SURFACE('',#7262,0.005);
#177=CYLINDRICAL_SURFACE('',#7266,0.005);
#178=CYLINDRICAL_SURFACE('',#7270,0.005);
#179=CYLINDRICAL_SURFACE('',#7274,0.005);
#180=CYLINDRICAL_SURFACE('',#7278,0.005);
#181=CYLINDRICAL_SURFACE('',#7282,0.005);
#182=CYLINDRICAL_SURFACE('',#7286,0.005);
#183=CYLINDRICAL_SURFACE('',#7290,0.005);
#184=CYLINDRICAL_SURFACE('',#7292,0.005);
#185=CYLINDRICAL_SURFACE('',#7294,0.005);
#186=CYLINDRICAL_SURFACE('',#7296,0.005);
#187=CYLINDRICAL_SURFACE('',#7297,0.005);
#188=CYLINDRICAL_SURFACE('',#7301,0.005);
#189=CYLINDRICAL_SURFACE('',#7305,0.005);
#190=CYLINDRICAL_SURFACE('',#7308,0.005);
#191=CYLINDRICAL_SURFACE('',#7312,0.005);
#192=CYLINDRICAL_SURFACE('',#7313,0.005);
#193=CYLINDRICAL_SURFACE('',#7314,0.005);
#194=CYLINDRICAL_SURFACE('',#7315,0.005);
#195=CYLINDRICAL_SURFACE('',#7318,0.005);
#196=CYLINDRICAL_SURFACE('',#7322,0.005);
#197=CYLINDRICAL_SURFACE('',#7323,0.005);
#198=CYLINDRICAL_SURFACE('',#7327,0.005);
#199=CYLINDRICAL_SURFACE('',#7328,0.00125);
#200=CYLINDRICAL_SURFACE('',#7329,0.00125);
#201=CYLINDRICAL_SURFACE('',#7330,0.00125);
#202=CYLINDRICAL_SURFACE('',#7331,0.00125);
#203=LINE('',#9253,#825);
#204=LINE('',#9256,#826);
#205=LINE('',#9258,#827);
#206=LINE('',#9260,#828);
#207=LINE('',#9266,#829);
#208=LINE('',#9269,#830);
#209=LINE('',#9271,#831);
#210=LINE('',#9273,#832);
#211=LINE('',#9279,#833);
#212=LINE('',#9282,#834);
#213=LINE('',#9284,#835);
#214=LINE('',#9286,#836);
#215=LINE('',#9292,#837);
#216=LINE('',#9295,#838);
#217=LINE('',#9297,#839);
#218=LINE('',#9299,#840);
#219=LINE('',#9301,#841);
#220=LINE('',#9304,#842);
#221=LINE('',#9306,#843);
#222=LINE('',#9308,#844);
#223=LINE('',#9310,#845);
#224=LINE('',#9314,#846);
#225=LINE('',#9318,#847);
#226=LINE('',#9322,#848);
#227=LINE('',#9326,#849);
#228=LINE('',#9328,#850);
#229=LINE('',#9333,#851);
#230=LINE('',#9336,#852);
#231=LINE('',#9338,#853);
#232=LINE('',#9340,#854);
#233=LINE('',#9342,#855);
#234=LINE('',#9344,#856);
#235=LINE('',#9346,#857);
#236=LINE('',#9348,#858);
#237=LINE('',#9358,#859);
#238=LINE('',#9366,#860);
#239=LINE('',#9370,#861);
#240=LINE('',#9374,#862);
#241=LINE('',#9378,#863);
#242=LINE('',#9384,#864);
#243=LINE('',#9388,#865);
#244=LINE('',#9392,#866);
#245=LINE('',#9397,#867);
#246=LINE('',#9399,#868);
#247=LINE('',#9403,#869);
#248=LINE('',#9410,#870);
#249=LINE('',#9414,#871);
#250=LINE('',#9419,#872);
#251=LINE('',#9423,#873);
#252=LINE('',#9425,#874);
#253=LINE('',#9429,#875);
#254=LINE('',#9431,#876);
#255=LINE('',#9433,#877);
#256=LINE('',#9435,#878);
#257=LINE('',#9437,#879);
#258=LINE('',#9439,#880);
#259=LINE('',#9441,#881);
#260=LINE('',#9444,#882);
#261=LINE('',#9446,#883);
#262=LINE('',#9448,#884);
#263=LINE('',#9450,#885);
#264=LINE('',#9453,#886);
#265=LINE('',#9455,#887);
#266=LINE('',#9457,#888);
#267=LINE('',#9459,#889);
#268=LINE('',#9461,#890);
#269=LINE('',#9463,#891);
#270=LINE('',#9465,#892);
#271=LINE('',#9467,#893);
#272=LINE('',#9471,#894);
#273=LINE('',#9474,#895);
#274=LINE('',#9476,#896);
#275=LINE('',#9480,#897);
#276=LINE('',#9482,#898);
#277=LINE('',#9485,#899);
#278=LINE('',#9487,#900);
#279=LINE('',#9491,#901);
#280=LINE('',#9495,#902);
#281=LINE('',#9498,#903);
#282=LINE('',#9500,#904);
#283=LINE('',#9502,#905);
#284=LINE('',#9504,#906);
#285=LINE('',#9507,#907);
#286=LINE('',#9509,#908);
#287=LINE('',#9511,#909);
#288=LINE('',#9513,#910);
#289=LINE('',#9516,#911);
#290=LINE('',#9517,#912);
#291=LINE('',#9521,#913);
#292=LINE('',#9525,#914);
#293=LINE('',#9528,#915);
#294=LINE('',#9530,#916);
#295=LINE('',#9532,#917);
#296=LINE('',#9534,#918);
#297=LINE('',#9537,#919);
#298=LINE('',#9538,#920);
#299=LINE('',#9542,#921);
#300=LINE('',#9546,#922);
#301=LINE('',#9549,#923);
#302=LINE('',#9551,#924);
#303=LINE('',#9553,#925);
#304=LINE('',#9555,#926);
#305=LINE('',#9558,#927);
#306=LINE('',#9560,#928);
#307=LINE('',#9564,#929);
#308=LINE('',#9568,#930);
#309=LINE('',#9571,#931);
#310=LINE('',#9573,#932);
#311=LINE('',#9575,#933);
#312=LINE('',#9577,#934);
#313=LINE('',#9580,#935);
#314=LINE('',#9582,#936);
#315=LINE('',#9584,#937);
#316=LINE('',#9621,#938);
#317=LINE('',#9624,#939);
#318=LINE('',#9626,#940);
#319=LINE('',#9628,#941);
#320=LINE('',#9630,#942);
#321=LINE('',#9632,#943);
#322=LINE('',#9636,#944);
#323=LINE('',#9640,#945);
#324=LINE('',#9644,#946);
#325=LINE('',#9648,#947);
#326=LINE('',#9652,#948);
#327=LINE('',#9660,#949);
#328=LINE('',#9664,#950);
#329=LINE('',#9666,#951);
#330=LINE('',#9668,#952);
#331=LINE('',#9670,#953);
#332=LINE('',#9672,#954);
#333=LINE('',#9674,#955);
#334=LINE('',#9678,#956);
#335=LINE('',#9682,#957);
#336=LINE('',#9686,#958);
#337=LINE('',#9690,#959);
#338=LINE('',#9693,#960);
#339=LINE('',#9695,#961);
#340=LINE('',#9697,#962);
#341=LINE('',#9699,#963);
#342=LINE('',#9701,#964);
#343=LINE('',#9703,#965);
#344=LINE('',#9705,#966);
#345=LINE('',#9707,#967);
#346=LINE('',#9709,#968);
#347=LINE('',#9711,#969);
#348=LINE('',#9714,#970);
#349=LINE('',#9716,#971);
#350=LINE('',#9718,#972);
#351=LINE('',#9720,#973);
#352=LINE('',#9722,#974);
#353=LINE('',#9724,#975);
#354=LINE('',#9726,#976);
#355=LINE('',#9728,#977);
#356=LINE('',#9730,#978);
#357=LINE('',#9732,#979);
#358=LINE('',#9734,#980);
#359=LINE('',#9736,#981);
#360=LINE('',#9737,#982);
#361=LINE('',#9739,#983);
#362=LINE('',#9741,#984);
#363=LINE('',#9743,#985);
#364=LINE('',#9745,#986);
#365=LINE('',#9747,#987);
#366=LINE('',#9749,#988);
#367=LINE('',#9752,#989);
#368=LINE('',#9754,#990);
#369=LINE('',#9756,#991);
#370=LINE('',#9758,#992);
#371=LINE('',#9761,#993);
#372=LINE('',#9762,#994);
#373=LINE('',#9764,#995);
#374=LINE('',#9767,#996);
#375=LINE('',#9768,#997);
#376=LINE('',#9775,#998);
#377=LINE('',#9777,#999);
#378=LINE('',#9779,#1000);
#379=LINE('',#9781,#1001);
#380=LINE('',#9783,#1002);
#381=LINE('',#9785,#1003);
#382=LINE('',#9786,#1004);
#383=LINE('',#9788,#1005);
#384=LINE('',#9790,#1006);
#385=LINE('',#9792,#1007);
#386=LINE('',#9794,#1008);
#387=LINE('',#9796,#1009);
#388=LINE('',#9798,#1010);
#389=LINE('',#9804,#1011);
#390=LINE('',#9806,#1012);
#391=LINE('',#9809,#1013);
#392=LINE('',#9811,#1014);
#393=LINE('',#9813,#1015);
#394=LINE('',#9819,#1016);
#395=LINE('',#9822,#1017);
#396=LINE('',#9824,#1018);
#397=LINE('',#9826,#1019);
#398=LINE('',#9828,#1020);
#399=LINE('',#9830,#1021);
#400=LINE('',#9832,#1022);
#401=LINE('',#9834,#1023);
#402=LINE('',#9836,#1024);
#403=LINE('',#9837,#1025);
#404=LINE('',#9838,#1026);
#405=LINE('',#9840,#1027);
#406=LINE('',#9842,#1028);
#407=LINE('',#9844,#1029);
#408=LINE('',#9846,#1030);
#409=LINE('',#9848,#1031);
#410=LINE('',#9850,#1032);
#411=LINE('',#9852,#1033);
#412=LINE('',#9854,#1034);
#413=LINE('',#9856,#1035);
#414=LINE('',#9858,#1036);
#415=LINE('',#9860,#1037);
#416=LINE('',#9862,#1038);
#417=LINE('',#9865,#1039);
#418=LINE('',#9867,#1040);
#419=LINE('',#9869,#1041);
#420=LINE('',#9871,#1042);
#421=LINE('',#9874,#1043);
#422=LINE('',#9876,#1044);
#423=LINE('',#9878,#1045);
#424=LINE('',#9880,#1046);
#425=LINE('',#9883,#1047);
#426=LINE('',#9884,#1048);
#427=LINE('',#9888,#1049);
#428=LINE('',#9894,#1050);
#429=LINE('',#9896,#1051);
#430=LINE('',#9898,#1052);
#431=LINE('',#9902,#1053);
#432=LINE('',#9906,#1054);
#433=LINE('',#9908,#1055);
#434=LINE('',#9910,#1056);
#435=LINE('',#9914,#1057);
#436=LINE('',#9918,#1058);
#437=LINE('',#9921,#1059);
#438=LINE('',#9923,#1060);
#439=LINE('',#9925,#1061);
#440=LINE('',#9929,#1062);
#441=LINE('',#9931,#1063);
#442=LINE('',#9934,#1064);
#443=LINE('',#9936,#1065);
#444=LINE('',#9938,#1066);
#445=LINE('',#9940,#1067);
#446=LINE('',#9943,#1068);
#447=LINE('',#9947,#1069);
#448=LINE('',#9948,#1070);
#449=LINE('',#9952,#1071);
#450=LINE('',#9955,#1072);
#451=LINE('',#9957,#1073);
#452=LINE('',#9959,#1074);
#453=LINE('',#9963,#1075);
#454=LINE('',#9965,#1076);
#455=LINE('',#9967,#1077);
#456=LINE('',#9971,#1078);
#457=LINE('',#9973,#1079);
#458=LINE('',#9976,#1080);
#459=LINE('',#9978,#1081);
#460=LINE('',#9980,#1082);
#461=LINE('',#9984,#1083);
#462=LINE('',#9986,#1084);
#463=LINE('',#9988,#1085);
#464=LINE('',#9992,#1086);
#465=LINE('',#9994,#1087);
#466=LINE('',#9996,#1088);
#467=LINE('',#9998,#1089);
#468=LINE('',#10000,#1090);
#469=LINE('',#10002,#1091);
#470=LINE('',#10004,#1092);
#471=LINE('',#10006,#1093);
#472=LINE('',#10008,#1094);
#473=LINE('',#10010,#1095);
#474=LINE('',#10012,#1096);
#475=LINE('',#10013,#1097);
#476=LINE('',#10014,#1098);
#477=LINE('',#10016,#1099);
#478=LINE('',#10018,#1100);
#479=LINE('',#10020,#1101);
#480=LINE('',#10021,#1102);
#481=LINE('',#10023,#1103);
#482=LINE('',#10025,#1104);
#483=LINE('',#10027,#1105);
#484=LINE('',#10029,#1106);
#485=LINE('',#10031,#1107);
#486=LINE('',#10032,#1108);
#487=LINE('',#10034,#1109);
#488=LINE('',#10036,#1110);
#489=LINE('',#10037,#1111);
#490=LINE('',#10045,#1112);
#491=LINE('',#10047,#1113);
#492=LINE('',#10050,#1114);
#493=LINE('',#10055,#1115);
#494=LINE('',#10056,#1116);
#495=LINE('',#10058,#1117);
#496=LINE('',#10060,#1118);
#497=LINE('',#10062,#1119);
#498=LINE('',#10064,#1120);
#499=LINE('',#10066,#1121);
#500=LINE('',#10067,#1122);
#501=LINE('',#10069,#1123);
#502=LINE('',#10071,#1124);
#503=LINE('',#10073,#1125);
#504=LINE('',#10074,#1126);
#505=LINE('',#10076,#1127);
#506=LINE('',#10078,#1128);
#507=LINE('',#10082,#1129);
#508=LINE('',#10085,#1130);
#509=LINE('',#10087,#1131);
#510=LINE('',#10089,#1132);
#511=LINE('',#10093,#1133);
#512=LINE('',#10095,#1134);
#513=LINE('',#10097,#1135);
#514=LINE('',#10099,#1136);
#515=LINE('',#10101,#1137);
#516=LINE('',#10103,#1138);
#517=LINE('',#10107,#1139);
#518=LINE('',#10109,#1140);
#519=LINE('',#10112,#1141);
#520=LINE('',#10114,#1142);
#521=LINE('',#10117,#1143);
#522=LINE('',#10119,#1144);
#523=LINE('',#10121,#1145);
#524=LINE('',#10123,#1146);
#525=LINE('',#10126,#1147);
#526=LINE('',#10128,#1148);
#527=LINE('',#10129,#1149);
#528=LINE('',#10131,#1150);
#529=LINE('',#10135,#1151);
#530=LINE('',#10137,#1152);
#531=LINE('',#10139,#1153);
#532=LINE('',#10140,#1154);
#533=LINE('',#10143,#1155);
#534=LINE('',#10144,#1156);
#535=LINE('',#10146,#1157);
#536=LINE('',#10148,#1158);
#537=LINE('',#10150,#1159);
#538=LINE('',#10152,#1160);
#539=LINE('',#10154,#1161);
#540=LINE('',#10155,#1162);
#541=LINE('',#10157,#1163);
#542=LINE('',#10159,#1164);
#543=LINE('',#10165,#1165);
#544=LINE('',#10167,#1166);
#545=LINE('',#10169,#1167);
#546=LINE('',#10171,#1168);
#547=LINE('',#10173,#1169);
#548=LINE('',#10174,#1170);
#549=LINE('',#10176,#1171);
#550=LINE('',#10180,#1172);
#551=LINE('',#10183,#1173);
#552=LINE('',#10185,#1174);
#553=LINE('',#10187,#1175);
#554=LINE('',#10189,#1176);
#555=LINE('',#10192,#1177);
#556=LINE('',#10194,#1178);
#557=LINE('',#10195,#1179);
#558=LINE('',#10197,#1180);
#559=LINE('',#10199,#1181);
#560=LINE('',#10201,#1182);
#561=LINE('',#10202,#1183);
#562=LINE('',#10209,#1184);
#563=LINE('',#10211,#1185);
#564=LINE('',#10213,#1186);
#565=LINE('',#10214,#1187);
#566=LINE('',#10217,#1188);
#567=LINE('',#10218,#1189);
#568=LINE('',#10220,#1190);
#569=LINE('',#10222,#1191);
#570=LINE('',#10225,#1192);
#571=LINE('',#10227,#1193);
#572=LINE('',#10229,#1194);
#573=LINE('',#10231,#1195);
#574=LINE('',#10233,#1196);
#575=LINE('',#10235,#1197);
#576=LINE('',#10239,#1198);
#577=LINE('',#10241,#1199);
#578=LINE('',#10243,#1200);
#579=LINE('',#10245,#1201);
#580=LINE('',#10247,#1202);
#581=LINE('',#10249,#1203);
#582=LINE('',#10251,#1204);
#583=LINE('',#10253,#1205);
#584=LINE('',#10257,#1206);
#585=LINE('',#10260,#1207);
#586=LINE('',#10262,#1208);
#587=LINE('',#10264,#1209);
#588=LINE('',#10266,#1210);
#589=LINE('',#10269,#1211);
#590=LINE('',#10271,#1212);
#591=LINE('',#10272,#1213);
#592=LINE('',#10273,#1214);
#593=LINE('',#10275,#1215);
#594=LINE('',#10277,#1216);
#595=LINE('',#10279,#1217);
#596=LINE('',#10280,#1218);
#597=LINE('',#10288,#1219);
#598=LINE('',#10291,#1220);
#599=LINE('',#10294,#1221);
#600=LINE('',#10296,#1222);
#601=LINE('',#10299,#1223);
#602=LINE('',#10301,#1224);
#603=LINE('',#10303,#1225);
#604=LINE('',#10304,#1226);
#605=LINE('',#10306,#1227);
#606=LINE('',#10307,#1228);
#607=LINE('',#10309,#1229);
#608=LINE('',#10311,#1230);
#609=LINE('',#10314,#1231);
#610=LINE('',#10316,#1232);
#611=LINE('',#10318,#1233);
#612=LINE('',#10320,#1234);
#613=LINE('',#10322,#1235);
#614=LINE('',#10324,#1236);
#615=LINE('',#10328,#1237);
#616=LINE('',#10330,#1238);
#617=LINE('',#10332,#1239);
#618=LINE('',#10334,#1240);
#619=LINE('',#10336,#1241);
#620=LINE('',#10338,#1242);
#621=LINE('',#10340,#1243);
#622=LINE('',#10342,#1244);
#623=LINE('',#10344,#1245);
#624=LINE('',#10347,#1246);
#625=LINE('',#10349,#1247);
#626=LINE('',#10350,#1248);
#627=LINE('',#10352,#1249);
#628=LINE('',#10354,#1250);
#629=LINE('',#10356,#1251);
#630=LINE('',#10358,#1252);
#631=LINE('',#10360,#1253);
#632=LINE('',#10362,#1254);
#633=LINE('',#10364,#1255);
#634=LINE('',#10367,#1256);
#635=LINE('',#10368,#1257);
#636=LINE('',#10370,#1258);
#637=LINE('',#10372,#1259);
#638=LINE('',#10374,#1260);
#639=LINE('',#10376,#1261);
#640=LINE('',#10378,#1262);
#641=LINE('',#10379,#1263);
#642=LINE('',#10385,#1264);
#643=LINE('',#10388,#1265);
#644=LINE('',#10390,#1266);
#645=LINE('',#10392,#1267);
#646=LINE('',#10394,#1268);
#647=LINE('',#10397,#1269);
#648=LINE('',#10399,#1270);
#649=LINE('',#10401,#1271);
#650=LINE('',#10403,#1272);
#651=LINE('',#10406,#1273);
#652=LINE('',#10408,#1274);
#653=LINE('',#10410,#1275);
#654=LINE('',#10412,#1276);
#655=LINE('',#10415,#1277);
#656=LINE('',#10417,#1278);
#657=LINE('',#10419,#1279);
#658=LINE('',#10421,#1280);
#659=LINE('',#10423,#1281);
#660=LINE('',#10427,#1282);
#661=LINE('',#10429,#1283);
#662=LINE('',#10432,#1284);
#663=LINE('',#10441,#1285);
#664=LINE('',#10442,#1286);
#665=LINE('',#10444,#1287);
#666=LINE('',#10446,#1288);
#667=LINE('',#10452,#1289);
#668=LINE('',#10454,#1290);
#669=LINE('',#10456,#1291);
#670=LINE('',#10457,#1292);
#671=LINE('',#10463,#1293);
#672=LINE('',#10465,#1294);
#673=LINE('',#10467,#1295);
#674=LINE('',#10468,#1296);
#675=LINE('',#10470,#1297);
#676=LINE('',#10472,#1298);
#677=LINE('',#10477,#1299);
#678=LINE('',#10654,#1300);
#679=LINE('',#10656,#1301);
#680=LINE('',#10658,#1302);
#681=LINE('',#10661,#1303);
#682=LINE('',#10663,#1304);
#683=LINE('',#10665,#1305);
#684=LINE('',#10672,#1306);
#685=LINE('',#10674,#1307);
#686=LINE('',#10676,#1308);
#687=LINE('',#10680,#1309);
#688=LINE('',#10682,#1310);
#689=LINE('',#10684,#1311);
#690=LINE('',#10688,#1312);
#691=LINE('',#10690,#1313);
#692=LINE('',#10696,#1314);
#693=LINE('',#10698,#1315);
#694=LINE('',#10700,#1316);
#695=LINE('',#10704,#1317);
#696=LINE('',#10706,#1318);
#697=LINE('',#10708,#1319);
#698=LINE('',#10712,#1320);
#699=LINE('',#10714,#1321);
#700=LINE('',#10720,#1322);
#701=LINE('',#10722,#1323);
#702=LINE('',#10724,#1324);
#703=LINE('',#10727,#1325);
#704=LINE('',#10729,#1326);
#705=LINE('',#10733,#1327);
#706=LINE('',#10735,#1328);
#707=LINE('',#10741,#1329);
#708=LINE('',#10743,#1330);
#709=LINE('',#10745,#1331);
#710=LINE('',#10748,#1332);
#711=LINE('',#10750,#1333);
#712=LINE('',#10752,#1334);
#713=LINE('',#10758,#1335);
#714=LINE('',#10760,#1336);
#715=LINE('',#10762,#1337);
#716=LINE('',#10763,#1338);
#717=LINE('',#10765,#1339);
#718=LINE('',#10767,#1340);
#719=LINE('',#10768,#1341);
#720=LINE('',#10770,#1342);
#721=LINE('',#10772,#1343);
#722=LINE('',#10773,#1344);
#723=LINE('',#10775,#1345);
#724=LINE('',#10777,#1346);
#725=LINE('',#10778,#1347);
#726=LINE('',#10780,#1348);
#727=LINE('',#10782,#1349);
#728=LINE('',#10784,#1350);
#729=LINE('',#10785,#1351);
#730=LINE('',#10787,#1352);
#731=LINE('',#10789,#1353);
#732=LINE('',#10791,#1354);
#733=LINE('',#10793,#1355);
#734=LINE('',#10795,#1356);
#735=LINE('',#10796,#1357);
#736=LINE('',#10798,#1358);
#737=LINE('',#10800,#1359);
#738=LINE('',#10802,#1360);
#739=LINE('',#10804,#1361);
#740=LINE('',#10806,#1362);
#741=LINE('',#10808,#1363);
#742=LINE('',#10811,#1364);
#743=LINE('',#10813,#1365);
#744=LINE('',#10815,#1366);
#745=LINE('',#10817,#1367);
#746=LINE('',#10820,#1368);
#747=LINE('',#10822,#1369);
#748=LINE('',#10824,#1370);
#749=LINE('',#10826,#1371);
#750=LINE('',#10828,#1372);
#751=LINE('',#10830,#1373);
#752=LINE('',#10832,#1374);
#753=LINE('',#10834,#1375);
#754=LINE('',#10836,#1376);
#755=LINE('',#10838,#1377);
#756=LINE('',#10841,#1378);
#757=LINE('',#10843,#1379);
#758=LINE('',#10845,#1380);
#759=LINE('',#10847,#1381);
#760=LINE('',#10850,#1382);
#761=LINE('',#10852,#1383);
#762=LINE('',#10854,#1384);
#763=LINE('',#10859,#1385);
#764=LINE('',#10862,#1386);
#765=LINE('',#10864,#1387);
#766=LINE('',#10866,#1388);
#767=LINE('',#10949,#1389);
#768=LINE('',#10991,#1390);
#769=LINE('',#10992,#1391);
#770=LINE('',#10996,#1392);
#771=LINE('',#10997,#1393);
#772=LINE('',#11001,#1394);
#773=LINE('',#11003,#1395);
#774=LINE('',#11006,#1396);
#775=LINE('',#11007,#1397);
#776=LINE('',#11011,#1398);
#777=LINE('',#11013,#1399);
#778=LINE('',#11016,#1400);
#779=LINE('',#11017,#1401);
#780=LINE('',#11021,#1402);
#781=LINE('',#11023,#1403);
#782=LINE('',#11026,#1404);
#783=LINE('',#11027,#1405);
#784=LINE('',#11031,#1406);
#785=LINE('',#11032,#1407);
#786=LINE('',#11036,#1408);
#787=LINE('',#11038,#1409);
#788=LINE('',#11139,#1410);
#789=LINE('',#11205,#1411);
#790=LINE('',#11270,#1412);
#791=LINE('',#11272,#1413);
#792=LINE('',#11274,#1414);
#793=LINE('',#11276,#1415);
#794=LINE('',#11278,#1416);
#795=LINE('',#11280,#1417);
#796=LINE('',#11282,#1418);
#797=LINE('',#11284,#1419);
#798=LINE('',#11286,#1420);
#799=LINE('',#11288,#1421);
#800=LINE('',#11291,#1422);
#801=LINE('',#11293,#1423);
#802=LINE('',#11295,#1424);
#803=LINE('',#11297,#1425);
#804=LINE('',#11299,#1426);
#805=LINE('',#11301,#1427);
#806=LINE('',#11303,#1428);
#807=LINE('',#11305,#1429);
#808=LINE('',#11307,#1430);
#809=LINE('',#11309,#1431);
#810=LINE('',#11311,#1432);
#811=LINE('',#11313,#1433);
#812=LINE('',#11315,#1434);
#813=LINE('',#11317,#1435);
#814=LINE('',#11319,#1436);
#815=LINE('',#11321,#1437);
#816=LINE('',#11323,#1438);
#817=LINE('',#11325,#1439);
#818=LINE('',#11327,#1440);
#819=LINE('',#11329,#1441);
#820=LINE('',#11331,#1442);
#821=LINE('',#11333,#1443);
#822=LINE('',#11335,#1444);
#823=LINE('',#11337,#1445);
#824=LINE('',#11339,#1446);
#825=VECTOR('',#7363,1.);
#826=VECTOR('',#7364,1.);
#827=VECTOR('',#7365,1.);
#828=VECTOR('',#7366,1.);
#829=VECTOR('',#7373,1.);
#830=VECTOR('',#7374,1.);
#831=VECTOR('',#7375,1.);
#832=VECTOR('',#7376,1.);
#833=VECTOR('',#7383,1.);
#834=VECTOR('',#7384,1.);
#835=VECTOR('',#7385,1.);
#836=VECTOR('',#7386,1.);
#837=VECTOR('',#7393,1.);
#838=VECTOR('',#7394,1.);
#839=VECTOR('',#7395,1.);
#840=VECTOR('',#7396,1.);
#841=VECTOR('',#7399,1.);
#842=VECTOR('',#7400,1.);
#843=VECTOR('',#7401,1.);
#844=VECTOR('',#7402,1.);
#845=VECTOR('',#7403,1.);
#846=VECTOR('',#7406,1.);
#847=VECTOR('',#7409,1.);
#848=VECTOR('',#7412,1.);
#849=VECTOR('',#7415,1.);
#850=VECTOR('',#7416,1.);
#851=VECTOR('',#7421,1.);
#852=VECTOR('',#7422,1.);
#853=VECTOR('',#7423,1.);
#854=VECTOR('',#7424,1.);
#855=VECTOR('',#7425,1.);
#856=VECTOR('',#7426,1.);
#857=VECTOR('',#7427,1.);
#858=VECTOR('',#7428,1.);
#859=VECTOR('',#7433,1.);
#860=VECTOR('',#7442,1.);
#861=VECTOR('',#7445,1.);
#862=VECTOR('',#7448,1.);
#863=VECTOR('',#7451,1.);
#864=VECTOR('',#7456,1.);
#865=VECTOR('',#7459,1.);
#866=VECTOR('',#7462,1.);
#867=VECTOR('',#7467,1.);
#868=VECTOR('',#7468,1.);
#869=VECTOR('',#7471,1.);
#870=VECTOR('',#7478,1.);
#871=VECTOR('',#7481,1.);
#872=VECTOR('',#7486,1.);
#873=VECTOR('',#7489,1.);
#874=VECTOR('',#7490,1.);
#875=VECTOR('',#7495,1.);
#876=VECTOR('',#7496,1.);
#877=VECTOR('',#7497,1.);
#878=VECTOR('',#7498,1.);
#879=VECTOR('',#7499,1.);
#880=VECTOR('',#7500,1.);
#881=VECTOR('',#7503,1.);
#882=VECTOR('',#7504,1.);
#883=VECTOR('',#7505,1.);
#884=VECTOR('',#7506,1.);
#885=VECTOR('',#7509,1.);
#886=VECTOR('',#7510,1.);
#887=VECTOR('',#7511,1.);
#888=VECTOR('',#7512,1.);
#889=VECTOR('',#7515,1.);
#890=VECTOR('',#7516,1.);
#891=VECTOR('',#7517,1.);
#892=VECTOR('',#7518,1.);
#893=VECTOR('',#7519,1.);
#894=VECTOR('',#7524,1.);
#895=VECTOR('',#7525,1.);
#896=VECTOR('',#7526,1.);
#897=VECTOR('',#7529,1.);
#898=VECTOR('',#7532,1.);
#899=VECTOR('',#7533,1.);
#900=VECTOR('',#7534,1.);
#901=VECTOR('',#7537,1.);
#902=VECTOR('',#7542,1.);
#903=VECTOR('',#7543,1.);
#904=VECTOR('',#7544,1.);
#905=VECTOR('',#7545,1.);
#906=VECTOR('',#7548,1.);
#907=VECTOR('',#7549,1.);
#908=VECTOR('',#7550,1.);
#909=VECTOR('',#7551,1.);
#910=VECTOR('',#7554,1.);
#911=VECTOR('',#7555,1.);
#912=VECTOR('',#7556,1.);
#913=VECTOR('',#7559,1.);
#914=VECTOR('',#7564,1.);
#915=VECTOR('',#7565,1.);
#916=VECTOR('',#7566,1.);
#917=VECTOR('',#7567,1.);
#918=VECTOR('',#7570,1.);
#919=VECTOR('',#7571,1.);
#920=VECTOR('',#7572,1.);
#921=VECTOR('',#7575,1.);
#922=VECTOR('',#7580,1.);
#923=VECTOR('',#7581,1.);
#924=VECTOR('',#7582,1.);
#925=VECTOR('',#7583,1.);
#926=VECTOR('',#7586,1.);
#927=VECTOR('',#7587,1.);
#928=VECTOR('',#7588,1.);
#929=VECTOR('',#7591,1.);
#930=VECTOR('',#7596,1.);
#931=VECTOR('',#7597,1.);
#932=VECTOR('',#7598,1.);
#933=VECTOR('',#7599,1.);
#934=VECTOR('',#7602,1.);
#935=VECTOR('',#7603,1.);
#936=VECTOR('',#7604,1.);
#937=VECTOR('',#7605,1.);
#938=VECTOR('',#7642,1.);
#939=VECTOR('',#7643,1.);
#940=VECTOR('',#7644,1.);
#941=VECTOR('',#7645,1.);
#942=VECTOR('',#7646,1.);
#943=VECTOR('',#7647,1.);
#944=VECTOR('',#7650,1.);
#945=VECTOR('',#7653,1.);
#946=VECTOR('',#7656,1.);
#947=VECTOR('',#7659,1.);
#948=VECTOR('',#7662,1.);
#949=VECTOR('',#7669,1.);
#950=VECTOR('',#7672,1.);
#951=VECTOR('',#7673,1.);
#952=VECTOR('',#7674,1.);
#953=VECTOR('',#7675,1.);
#954=VECTOR('',#7676,1.);
#955=VECTOR('',#7677,1.);
#956=VECTOR('',#7680,1.);
#957=VECTOR('',#7683,1.);
#958=VECTOR('',#7686,1.);
#959=VECTOR('',#7691,1.);
#960=VECTOR('',#7692,1.);
#961=VECTOR('',#7693,1.);
#962=VECTOR('',#7694,1.);
#963=VECTOR('',#7697,1.);
#964=VECTOR('',#7698,1.);
#965=VECTOR('',#7699,1.);
#966=VECTOR('',#7702,1.);
#967=VECTOR('',#7703,1.);
#968=VECTOR('',#7704,1.);
#969=VECTOR('',#7707,1.);
#970=VECTOR('',#7708,1.);
#971=VECTOR('',#7709,1.);
#972=VECTOR('',#7710,1.);
#973=VECTOR('',#7713,1.);
#974=VECTOR('',#7714,1.);
#975=VECTOR('',#7715,1.);
#976=VECTOR('',#7716,1.);
#977=VECTOR('',#7717,1.);
#978=VECTOR('',#7718,1.);
#979=VECTOR('',#7719,1.);
#980=VECTOR('',#7720,1.);
#981=VECTOR('',#7721,1.);
#982=VECTOR('',#7722,1.);
#983=VECTOR('',#7725,1.);
#984=VECTOR('',#7726,1.);
#985=VECTOR('',#7727,1.);
#986=VECTOR('',#7728,1.);
#987=VECTOR('',#7729,1.);
#988=VECTOR('',#7732,1.);
#989=VECTOR('',#7733,1.);
#990=VECTOR('',#7734,1.);
#991=VECTOR('',#7735,1.);
#992=VECTOR('',#7738,1.);
#993=VECTOR('',#7739,1.);
#994=VECTOR('',#7740,1.);
#995=VECTOR('',#7743,1.);
#996=VECTOR('',#7744,1.);
#997=VECTOR('',#7745,1.);
#998=VECTOR('',#7746,1.);
#999=VECTOR('',#7747,1.);
#1000=VECTOR('',#7748,1.);
#1001=VECTOR('',#7749,1.);
#1002=VECTOR('',#7750,1.);
#1003=VECTOR('',#7751,1.);
#1004=VECTOR('',#7752,1.);
#1005=VECTOR('',#7753,1.);
#1006=VECTOR('',#7754,1.);
#1007=VECTOR('',#7755,1.);
#1008=VECTOR('',#7756,1.);
#1009=VECTOR('',#7759,1.);
#1010=VECTOR('',#7760,1.);
#1011=VECTOR('',#7761,1.);
#1012=VECTOR('',#7764,1.);
#1013=VECTOR('',#7765,1.);
#1014=VECTOR('',#7766,1.);
#1015=VECTOR('',#7767,1.);
#1016=VECTOR('',#7774,1.);
#1017=VECTOR('',#7775,1.);
#1018=VECTOR('',#7776,1.);
#1019=VECTOR('',#7777,1.);
#1020=VECTOR('',#7778,1.);
#1021=VECTOR('',#7779,1.);
#1022=VECTOR('',#7780,1.);
#1023=VECTOR('',#7781,1.);
#1024=VECTOR('',#7782,1.);
#1025=VECTOR('',#7783,1.);
#1026=VECTOR('',#7784,1.);
#1027=VECTOR('',#7785,1.);
#1028=VECTOR('',#7786,1.);
#1029=VECTOR('',#7787,1.);
#1030=VECTOR('',#7788,1.);
#1031=VECTOR('',#7789,1.);
#1032=VECTOR('',#7790,1.);
#1033=VECTOR('',#7791,1.);
#1034=VECTOR('',#7792,1.);
#1035=VECTOR('',#7793,1.);
#1036=VECTOR('',#7794,1.);
#1037=VECTOR('',#7795,1.);
#1038=VECTOR('',#7798,1.);
#1039=VECTOR('',#7799,1.);
#1040=VECTOR('',#7800,1.);
#1041=VECTOR('',#7801,1.);
#1042=VECTOR('',#7804,1.);
#1043=VECTOR('',#7805,1.);
#1044=VECTOR('',#7806,1.);
#1045=VECTOR('',#7807,1.);
#1046=VECTOR('',#7810,1.);
#1047=VECTOR('',#7811,1.);
#1048=VECTOR('',#7812,1.);
#1049=VECTOR('',#7815,1.);
#1050=VECTOR('',#7822,1.);
#1051=VECTOR('',#7823,1.);
#1052=VECTOR('',#7824,1.);
#1053=VECTOR('',#7827,1.);
#1054=VECTOR('',#7832,1.);
#1055=VECTOR('',#7833,1.);
#1056=VECTOR('',#7834,1.);
#1057=VECTOR('',#7837,1.);
#1058=VECTOR('',#7842,1.);
#1059=VECTOR('',#7843,1.);
#1060=VECTOR('',#7844,1.);
#1061=VECTOR('',#7845,1.);
#1062=VECTOR('',#7848,1.);
#1063=VECTOR('',#7851,1.);
#1064=VECTOR('',#7852,1.);
#1065=VECTOR('',#7853,1.);
#1066=VECTOR('',#7854,1.);
#1067=VECTOR('',#7857,1.);
#1068=VECTOR('',#7858,1.);
#1069=VECTOR('',#7861,1.);
#1070=VECTOR('',#7862,1.);
#1071=VECTOR('',#7867,1.);
#1072=VECTOR('',#7868,1.);
#1073=VECTOR('',#7869,1.);
#1074=VECTOR('',#7870,1.);
#1075=VECTOR('',#7875,1.);
#1076=VECTOR('',#7876,1.);
#1077=VECTOR('',#7877,1.);
#1078=VECTOR('',#7880,1.);
#1079=VECTOR('',#7883,1.);
#1080=VECTOR('',#7884,1.);
#1081=VECTOR('',#7885,1.);
#1082=VECTOR('',#7886,1.);
#1083=VECTOR('',#7891,1.);
#1084=VECTOR('',#7892,1.);
#1085=VECTOR('',#7893,1.);
#1086=VECTOR('',#7896,1.);
#1087=VECTOR('',#7899,1.);
#1088=VECTOR('',#7900,1.);
#1089=VECTOR('',#7901,1.);
#1090=VECTOR('',#7902,1.);
#1091=VECTOR('',#7905,1.);
#1092=VECTOR('',#7906,1.);
#1093=VECTOR('',#7907,1.);
#1094=VECTOR('',#7908,1.);
#1095=VECTOR('',#7911,1.);
#1096=VECTOR('',#7912,1.);
#1097=VECTOR('',#7913,1.);
#1098=VECTOR('',#7914,1.);
#1099=VECTOR('',#7915,1.);
#1100=VECTOR('',#7916,1.);
#1101=VECTOR('',#7917,1.);
#1102=VECTOR('',#7918,1.);
#1103=VECTOR('',#7921,1.);
#1104=VECTOR('',#7922,1.);
#1105=VECTOR('',#7923,1.);
#1106=VECTOR('',#7924,1.);
#1107=VECTOR('',#7925,1.);
#1108=VECTOR('',#7926,1.);
#1109=VECTOR('',#7929,1.);
#1110=VECTOR('',#7930,1.);
#1111=VECTOR('',#7931,1.);
#1112=VECTOR('',#7940,1.);
#1113=VECTOR('',#7941,1.);
#1114=VECTOR('',#7944,1.);
#1115=VECTOR('',#7951,1.);
#1116=VECTOR('',#7952,1.);
#1117=VECTOR('',#7953,1.);
#1118=VECTOR('',#7954,1.);
#1119=VECTOR('',#7957,1.);
#1120=VECTOR('',#7958,1.);
#1121=VECTOR('',#7959,1.);
#1122=VECTOR('',#7960,1.);
#1123=VECTOR('',#7963,1.);
#1124=VECTOR('',#7964,1.);
#1125=VECTOR('',#7965,1.);
#1126=VECTOR('',#7966,1.);
#1127=VECTOR('',#7967,1.);
#1128=VECTOR('',#7968,1.);
#1129=VECTOR('',#7973,1.);
#1130=VECTOR('',#7976,1.);
#1131=VECTOR('',#7977,1.);
#1132=VECTOR('',#7980,1.);
#1133=VECTOR('',#7983,1.);
#1134=VECTOR('',#7984,1.);
#1135=VECTOR('',#7985,1.);
#1136=VECTOR('',#7988,1.);
#1137=VECTOR('',#7989,1.);
#1138=VECTOR('',#7990,1.);
#1139=VECTOR('',#7995,1.);
#1140=VECTOR('',#7996,1.);
#1141=VECTOR('',#7999,1.);
#1142=VECTOR('',#8002,1.);
#1143=VECTOR('',#8003,1.);
#1144=VECTOR('',#8004,1.);
#1145=VECTOR('',#8005,1.);
#1146=VECTOR('',#8008,1.);
#1147=VECTOR('',#8009,1.);
#1148=VECTOR('',#8010,1.);
#1149=VECTOR('',#8011,1.);
#1150=VECTOR('',#8012,1.);
#1151=VECTOR('',#8019,1.);
#1152=VECTOR('',#8020,1.);
#1153=VECTOR('',#8021,1.);
#1154=VECTOR('',#8022,1.);
#1155=VECTOR('',#8027,1.);
#1156=VECTOR('',#8028,1.);
#1157=VECTOR('',#8029,1.);
#1158=VECTOR('',#8030,1.);
#1159=VECTOR('',#8033,1.);
#1160=VECTOR('',#8034,1.);
#1161=VECTOR('',#8035,1.);
#1162=VECTOR('',#8036,1.);
#1163=VECTOR('',#8037,1.);
#1164=VECTOR('',#8038,1.);
#1165=VECTOR('',#8045,1.);
#1166=VECTOR('',#8046,1.);
#1167=VECTOR('',#8047,1.);
#1168=VECTOR('',#8048,1.);
#1169=VECTOR('',#8051,1.);
#1170=VECTOR('',#8052,1.);
#1171=VECTOR('',#8053,1.);
#1172=VECTOR('',#8058,1.);
#1173=VECTOR('',#8059,1.);
#1174=VECTOR('',#8060,1.);
#1175=VECTOR('',#8061,1.);
#1176=VECTOR('',#8064,1.);
#1177=VECTOR('',#8065,1.);
#1178=VECTOR('',#8066,1.);
#1179=VECTOR('',#8067,1.);
#1180=VECTOR('',#8068,1.);
#1181=VECTOR('',#8071,1.);
#1182=VECTOR('',#8072,1.);
#1183=VECTOR('',#8073,1.);
#1184=VECTOR('',#8082,1.);
#1185=VECTOR('',#8083,1.);
#1186=VECTOR('',#8084,1.);
#1187=VECTOR('',#8085,1.);
#1188=VECTOR('',#8090,1.);
#1189=VECTOR('',#8091,1.);
#1190=VECTOR('',#8092,1.);
#1191=VECTOR('',#8093,1.);
#1192=VECTOR('',#8098,1.);
#1193=VECTOR('',#8099,1.);
#1194=VECTOR('',#8100,1.);
#1195=VECTOR('',#8103,1.);
#1196=VECTOR('',#8104,1.);
#1197=VECTOR('',#8105,1.);
#1198=VECTOR('',#8110,1.);
#1199=VECTOR('',#8111,1.);
#1200=VECTOR('',#8112,1.);
#1201=VECTOR('',#8113,1.);
#1202=VECTOR('',#8116,1.);
#1203=VECTOR('',#8117,1.);
#1204=VECTOR('',#8118,1.);
#1205=VECTOR('',#8119,1.);
#1206=VECTOR('',#8124,1.);
#1207=VECTOR('',#8125,1.);
#1208=VECTOR('',#8126,1.);
#1209=VECTOR('',#8127,1.);
#1210=VECTOR('',#8130,1.);
#1211=VECTOR('',#8131,1.);
#1212=VECTOR('',#8132,1.);
#1213=VECTOR('',#8133,1.);
#1214=VECTOR('',#8134,1.);
#1215=VECTOR('',#8135,1.);
#1216=VECTOR('',#8138,1.);
#1217=VECTOR('',#8139,1.);
#1218=VECTOR('',#8140,1.);
#1219=VECTOR('',#8149,1.);
#1220=VECTOR('',#8150,1.);
#1221=VECTOR('',#8153,1.);
#1222=VECTOR('',#8154,1.);
#1223=VECTOR('',#8159,1.);
#1224=VECTOR('',#8160,1.);
#1225=VECTOR('',#8161,1.);
#1226=VECTOR('',#8162,1.);
#1227=VECTOR('',#8165,1.);
#1228=VECTOR('',#8166,1.);
#1229=VECTOR('',#8167,1.);
#1230=VECTOR('',#8168,1.);
#1231=VECTOR('',#8173,1.);
#1232=VECTOR('',#8174,1.);
#1233=VECTOR('',#8175,1.);
#1234=VECTOR('',#8178,1.);
#1235=VECTOR('',#8179,1.);
#1236=VECTOR('',#8180,1.);
#1237=VECTOR('',#8185,1.);
#1238=VECTOR('',#8186,1.);
#1239=VECTOR('',#8187,1.);
#1240=VECTOR('',#8188,1.);
#1241=VECTOR('',#8191,1.);
#1242=VECTOR('',#8192,1.);
#1243=VECTOR('',#8193,1.);
#1244=VECTOR('',#8194,1.);
#1245=VECTOR('',#8197,1.);
#1246=VECTOR('',#8198,1.);
#1247=VECTOR('',#8199,1.);
#1248=VECTOR('',#8200,1.);
#1249=VECTOR('',#8201,1.);
#1250=VECTOR('',#8202,1.);
#1251=VECTOR('',#8203,1.);
#1252=VECTOR('',#8206,1.);
#1253=VECTOR('',#8207,1.);
#1254=VECTOR('',#8208,1.);
#1255=VECTOR('',#8211,1.);
#1256=VECTOR('',#8212,1.);
#1257=VECTOR('',#8213,1.);
#1258=VECTOR('',#8216,1.);
#1259=VECTOR('',#8217,1.);
#1260=VECTOR('',#8218,1.);
#1261=VECTOR('',#8221,1.);
#1262=VECTOR('',#8222,1.);
#1263=VECTOR('',#8223,1.);
#1264=VECTOR('',#8230,1.);
#1265=VECTOR('',#8231,1.);
#1266=VECTOR('',#8232,1.);
#1267=VECTOR('',#8233,1.);
#1268=VECTOR('',#8236,1.);
#1269=VECTOR('',#8237,1.);
#1270=VECTOR('',#8238,1.);
#1271=VECTOR('',#8239,1.);
#1272=VECTOR('',#8242,1.);
#1273=VECTOR('',#8243,1.);
#1274=VECTOR('',#8244,1.);
#1275=VECTOR('',#8245,1.);
#1276=VECTOR('',#8248,1.);
#1277=VECTOR('',#8249,1.);
#1278=VECTOR('',#8250,1.);
#1279=VECTOR('',#8251,1.);
#1280=VECTOR('',#8252,1.);
#1281=VECTOR('',#8253,1.);
#1282=VECTOR('',#8258,1.);
#1283=VECTOR('',#8259,1.);
#1284=VECTOR('',#8262,1.);
#1285=VECTOR('',#8273,1.);
#1286=VECTOR('',#8274,1.);
#1287=VECTOR('',#8275,1.);
#1288=VECTOR('',#8276,1.);
#1289=VECTOR('',#8287,1.);
#1290=VECTOR('',#8288,1.);
#1291=VECTOR('',#8289,1.);
#1292=VECTOR('',#8290,1.);
#1293=VECTOR('',#8301,1.);
#1294=VECTOR('',#8302,1.);
#1295=VECTOR('',#8303,1.);
#1296=VECTOR('',#8304,1.);
#1297=VECTOR('',#8305,1.);
#1298=VECTOR('',#8306,1.);
#1299=VECTOR('',#8313,1.);
#1300=VECTOR('',#8554,1.);
#1301=VECTOR('',#8555,1.);
#1302=VECTOR('',#8558,1.);
#1303=VECTOR('',#8563,1.);
#1304=VECTOR('',#8564,1.);
#1305=VECTOR('',#8567,1.);
#1306=VECTOR('',#8580,1.);
#1307=VECTOR('',#8581,1.);
#1308=VECTOR('',#8584,1.);
#1309=VECTOR('',#8589,1.);
#1310=VECTOR('',#8592,1.);
#1311=VECTOR('',#8593,1.);
#1312=VECTOR('',#8598,1.);
#1313=VECTOR('',#8601,1.);
#1314=VECTOR('',#8612,1.);
#1315=VECTOR('',#8613,1.);
#1316=VECTOR('',#8616,1.);
#1317=VECTOR('',#8621,1.);
#1318=VECTOR('',#8624,1.);
#1319=VECTOR('',#8625,1.);
#1320=VECTOR('',#8630,1.);
#1321=VECTOR('',#8633,1.);
#1322=VECTOR('',#8644,1.);
#1323=VECTOR('',#8645,1.);
#1324=VECTOR('',#8648,1.);
#1325=VECTOR('',#8653,1.);
#1326=VECTOR('',#8654,1.);
#1327=VECTOR('',#8659,1.);
#1328=VECTOR('',#8662,1.);
#1329=VECTOR('',#8673,1.);
#1330=VECTOR('',#8674,1.);
#1331=VECTOR('',#8677,1.);
#1332=VECTOR('',#8682,1.);
#1333=VECTOR('',#8683,1.);
#1334=VECTOR('',#8686,1.);
#1335=VECTOR('',#8697,1.);
#1336=VECTOR('',#8698,1.);
#1337=VECTOR('',#8699,1.);
#1338=VECTOR('',#8700,1.);
#1339=VECTOR('',#8701,1.);
#1340=VECTOR('',#8702,1.);
#1341=VECTOR('',#8703,1.);
#1342=VECTOR('',#8704,1.);
#1343=VECTOR('',#8705,1.);
#1344=VECTOR('',#8706,1.);
#1345=VECTOR('',#8707,1.);
#1346=VECTOR('',#8708,1.);
#1347=VECTOR('',#8709,1.);
#1348=VECTOR('',#8710,1.);
#1349=VECTOR('',#8711,1.);
#1350=VECTOR('',#8714,1.);
#1351=VECTOR('',#8715,1.);
#1352=VECTOR('',#8718,1.);
#1353=VECTOR('',#8721,1.);
#1354=VECTOR('',#8724,1.);
#1355=VECTOR('',#8725,1.);
#1356=VECTOR('',#8726,1.);
#1357=VECTOR('',#8727,1.);
#1358=VECTOR('',#8728,1.);
#1359=VECTOR('',#8729,1.);
#1360=VECTOR('',#8732,1.);
#1361=VECTOR('',#8733,1.);
#1362=VECTOR('',#8734,1.);
#1363=VECTOR('',#8737,1.);
#1364=VECTOR('',#8738,1.);
#1365=VECTOR('',#8739,1.);
#1366=VECTOR('',#8740,1.);
#1367=VECTOR('',#8743,1.);
#1368=VECTOR('',#8744,1.);
#1369=VECTOR('',#8745,1.);
#1370=VECTOR('',#8746,1.);
#1371=VECTOR('',#8749,1.);
#1372=VECTOR('',#8750,1.);
#1373=VECTOR('',#8751,1.);
#1374=VECTOR('',#8754,1.);
#1375=VECTOR('',#8755,1.);
#1376=VECTOR('',#8756,1.);
#1377=VECTOR('',#8759,1.);
#1378=VECTOR('',#8760,1.);
#1379=VECTOR('',#8761,1.);
#1380=VECTOR('',#8762,1.);
#1381=VECTOR('',#8765,1.);
#1382=VECTOR('',#8766,1.);
#1383=VECTOR('',#8767,1.);
#1384=VECTOR('',#8768,1.);
#1385=VECTOR('',#8777,1.);
#1386=VECTOR('',#8778,1.);
#1387=VECTOR('',#8779,1.);
#1388=VECTOR('',#8780,1.);
#1389=VECTOR('',#8803,1.);
#1390=VECTOR('',#8810,1.);
#1391=VECTOR('',#8811,1.);
#1392=VECTOR('',#8818,1.);
#1393=VECTOR('',#8819,1.);
#1394=VECTOR('',#8826,1.);
#1395=VECTOR('',#8829,1.);
#1396=VECTOR('',#8834,1.);
#1397=VECTOR('',#8835,1.);
#1398=VECTOR('',#8842,1.);
#1399=VECTOR('',#8845,1.);
#1400=VECTOR('',#8850,1.);
#1401=VECTOR('',#8851,1.);
#1402=VECTOR('',#8858,1.);
#1403=VECTOR('',#8861,1.);
#1404=VECTOR('',#8866,1.);
#1405=VECTOR('',#8867,1.);
#1406=VECTOR('',#8874,1.);
#1407=VECTOR('',#8875,1.);
#1408=VECTOR('',#8882,1.);
#1409=VECTOR('',#8885,1.);
#1410=VECTOR('',#9018,1.);
#1411=VECTOR('',#9087,1.);
#1412=VECTOR('',#9168,1.);
#1413=VECTOR('',#9169,1.);
#1414=VECTOR('',#9172,1.);
#1415=VECTOR('',#9173,1.);
#1416=VECTOR('',#9176,1.);
#1417=VECTOR('',#9179,1.);
#1418=VECTOR('',#9180,1.);
#1419=VECTOR('',#9183,1.);
#1420=VECTOR('',#9184,1.);
#1421=VECTOR('',#9187,1.);
#1422=VECTOR('',#9192,1.);
#1423=VECTOR('',#9193,1.);
#1424=VECTOR('',#9196,1.);
#1425=VECTOR('',#9197,1.);
#1426=VECTOR('',#9200,1.);
#1427=VECTOR('',#9201,1.);
#1428=VECTOR('',#9204,1.);
#1429=VECTOR('',#9207,1.);
#1430=VECTOR('',#9208,1.);
#1431=VECTOR('',#9211,1.);
#1432=VECTOR('',#9212,1.);
#1433=VECTOR('',#9215,1.);
#1434=VECTOR('',#9218,1.);
#1435=VECTOR('',#9219,1.);
#1436=VECTOR('',#9222,1.);
#1437=VECTOR('',#9223,1.);
#1438=VECTOR('',#9226,1.);
#1439=VECTOR('',#9229,1.);
#1440=VECTOR('',#9230,1.);
#1441=VECTOR('',#9233,1.);
#1442=VECTOR('',#9234,1.);
#1443=VECTOR('',#9237,1.);
#1444=VECTOR('',#9240,1.);
#1445=VECTOR('',#9241,1.);
#1446=VECTOR('',#9244,1.);
#1447=ORIENTED_EDGE('',*,*,#3287,.F.);
#1448=ORIENTED_EDGE('',*,*,#3288,.F.);
#1449=ORIENTED_EDGE('',*,*,#3289,.T.);
#1450=ORIENTED_EDGE('',*,*,#3290,.T.);
#1451=ORIENTED_EDGE('',*,*,#3291,.T.);
#1452=ORIENTED_EDGE('',*,*,#3292,.T.);
#1453=ORIENTED_EDGE('',*,*,#3293,.F.);
#1454=ORIENTED_EDGE('',*,*,#3294,.F.);
#1455=ORIENTED_EDGE('',*,*,#3295,.T.);
#1456=ORIENTED_EDGE('',*,*,#3296,.T.);
#1457=ORIENTED_EDGE('',*,*,#3297,.T.);
#1458=ORIENTED_EDGE('',*,*,#3298,.T.);
#1459=ORIENTED_EDGE('',*,*,#3299,.F.);
#1460=ORIENTED_EDGE('',*,*,#3300,.F.);
#1461=ORIENTED_EDGE('',*,*,#3301,.T.);
#1462=ORIENTED_EDGE('',*,*,#3302,.T.);
#1463=ORIENTED_EDGE('',*,*,#3303,.T.);
#1464=ORIENTED_EDGE('',*,*,#3304,.T.);
#1465=ORIENTED_EDGE('',*,*,#3305,.F.);
#1466=ORIENTED_EDGE('',*,*,#3306,.F.);
#1467=ORIENTED_EDGE('',*,*,#3307,.T.);
#1468=ORIENTED_EDGE('',*,*,#3308,.T.);
#1469=ORIENTED_EDGE('',*,*,#3309,.T.);
#1470=ORIENTED_EDGE('',*,*,#3310,.T.);
#1471=ORIENTED_EDGE('',*,*,#3311,.F.);
#1472=ORIENTED_EDGE('',*,*,#3312,.F.);
#1473=ORIENTED_EDGE('',*,*,#3313,.F.);
#1474=ORIENTED_EDGE('',*,*,#3314,.T.);
#1475=ORIENTED_EDGE('',*,*,#3315,.T.);
#1476=ORIENTED_EDGE('',*,*,#3316,.T.);
#1477=ORIENTED_EDGE('',*,*,#3317,.F.);
#1478=ORIENTED_EDGE('',*,*,#3318,.T.);
#1479=ORIENTED_EDGE('',*,*,#3319,.F.);
#1480=ORIENTED_EDGE('',*,*,#3320,.T.);
#1481=ORIENTED_EDGE('',*,*,#3321,.F.);
#1482=ORIENTED_EDGE('',*,*,#3322,.T.);
#1483=ORIENTED_EDGE('',*,*,#3323,.T.);
#1484=ORIENTED_EDGE('',*,*,#3324,.T.);
#1485=ORIENTED_EDGE('',*,*,#3325,.F.);
#1486=ORIENTED_EDGE('',*,*,#3326,.F.);
#1487=ORIENTED_EDGE('',*,*,#3327,.F.);
#1488=ORIENTED_EDGE('',*,*,#3328,.T.);
#1489=ORIENTED_EDGE('',*,*,#3329,.T.);
#1490=ORIENTED_EDGE('',*,*,#3330,.T.);
#1491=ORIENTED_EDGE('',*,*,#3331,.F.);
#1492=ORIENTED_EDGE('',*,*,#3332,.T.);
#1493=ORIENTED_EDGE('',*,*,#3333,.T.);
#1494=ORIENTED_EDGE('',*,*,#3334,.F.);
#1495=ORIENTED_EDGE('',*,*,#3335,.F.);
#1496=ORIENTED_EDGE('',*,*,#3336,.T.);
#1497=ORIENTED_EDGE('',*,*,#3337,.T.);
#1498=ORIENTED_EDGE('',*,*,#3338,.F.);
#1499=ORIENTED_EDGE('',*,*,#3339,.F.);
#1500=ORIENTED_EDGE('',*,*,#3340,.T.);
#1501=ORIENTED_EDGE('',*,*,#3341,.T.);
#1502=ORIENTED_EDGE('',*,*,#3342,.T.);
#1503=ORIENTED_EDGE('',*,*,#3343,.T.);
#1504=ORIENTED_EDGE('',*,*,#3344,.T.);
#1505=ORIENTED_EDGE('',*,*,#3345,.T.);
#1506=ORIENTED_EDGE('',*,*,#3346,.T.);
#1507=ORIENTED_EDGE('',*,*,#3347,.T.);
#1508=ORIENTED_EDGE('',*,*,#3348,.T.);
#1509=ORIENTED_EDGE('',*,*,#3349,.T.);
#1510=ORIENTED_EDGE('',*,*,#3350,.F.);
#1511=ORIENTED_EDGE('',*,*,#3351,.T.);
#1512=ORIENTED_EDGE('',*,*,#3352,.F.);
#1513=ORIENTED_EDGE('',*,*,#3353,.T.);
#1514=ORIENTED_EDGE('',*,*,#3354,.F.);
#1515=ORIENTED_EDGE('',*,*,#3355,.F.);
#1516=ORIENTED_EDGE('',*,*,#3356,.T.);
#1517=ORIENTED_EDGE('',*,*,#3357,.T.);
#1518=ORIENTED_EDGE('',*,*,#3358,.T.);
#1519=ORIENTED_EDGE('',*,*,#3359,.F.);
#1520=ORIENTED_EDGE('',*,*,#3360,.F.);
#1521=ORIENTED_EDGE('',*,*,#3361,.T.);
#1522=ORIENTED_EDGE('',*,*,#3362,.T.);
#1523=ORIENTED_EDGE('',*,*,#3363,.T.);
#1524=ORIENTED_EDGE('',*,*,#3364,.T.);
#1525=ORIENTED_EDGE('',*,*,#3365,.F.);
#1526=ORIENTED_EDGE('',*,*,#3366,.F.);
#1527=ORIENTED_EDGE('',*,*,#3367,.T.);
#1528=ORIENTED_EDGE('',*,*,#3368,.T.);
#1529=ORIENTED_EDGE('',*,*,#3369,.T.);
#1530=ORIENTED_EDGE('',*,*,#3370,.F.);
#1531=ORIENTED_EDGE('',*,*,#3371,.F.);
#1532=ORIENTED_EDGE('',*,*,#3372,.T.);
#1533=ORIENTED_EDGE('',*,*,#3373,.T.);
#1534=ORIENTED_EDGE('',*,*,#3374,.T.);
#1535=ORIENTED_EDGE('',*,*,#3375,.T.);
#1536=ORIENTED_EDGE('',*,*,#3376,.T.);
#1537=ORIENTED_EDGE('',*,*,#3341,.F.);
#1538=ORIENTED_EDGE('',*,*,#3337,.F.);
#1539=ORIENTED_EDGE('',*,*,#3377,.T.);
#1540=ORIENTED_EDGE('',*,*,#3378,.T.);
#1541=ORIENTED_EDGE('',*,*,#3379,.T.);
#1542=ORIENTED_EDGE('',*,*,#3380,.F.);
#1543=ORIENTED_EDGE('',*,*,#3381,.T.);
#1544=ORIENTED_EDGE('',*,*,#3382,.T.);
#1545=ORIENTED_EDGE('',*,*,#3383,.T.);
#1546=ORIENTED_EDGE('',*,*,#3384,.F.);
#1547=ORIENTED_EDGE('',*,*,#3345,.F.);
#1548=ORIENTED_EDGE('',*,*,#3385,.T.);
#1549=ORIENTED_EDGE('',*,*,#3386,.T.);
#1550=ORIENTED_EDGE('',*,*,#3387,.T.);
#1551=ORIENTED_EDGE('',*,*,#3388,.T.);
#1552=ORIENTED_EDGE('',*,*,#3389,.T.);
#1553=ORIENTED_EDGE('',*,*,#3390,.T.);
#1554=ORIENTED_EDGE('',*,*,#3391,.T.);
#1555=ORIENTED_EDGE('',*,*,#3392,.T.);
#1556=ORIENTED_EDGE('',*,*,#3393,.F.);
#1557=ORIENTED_EDGE('',*,*,#3394,.F.);
#1558=ORIENTED_EDGE('',*,*,#3395,.T.);
#1559=ORIENTED_EDGE('',*,*,#3396,.F.);
#1560=ORIENTED_EDGE('',*,*,#3397,.F.);
#1561=ORIENTED_EDGE('',*,*,#3398,.F.);
#1562=ORIENTED_EDGE('',*,*,#3399,.T.);
#1563=ORIENTED_EDGE('',*,*,#3400,.T.);
#1564=ORIENTED_EDGE('',*,*,#3401,.F.);
#1565=ORIENTED_EDGE('',*,*,#3402,.F.);
#1566=ORIENTED_EDGE('',*,*,#3403,.T.);
#1567=ORIENTED_EDGE('',*,*,#3404,.T.);
#1568=ORIENTED_EDGE('',*,*,#3405,.F.);
#1569=ORIENTED_EDGE('',*,*,#3406,.F.);
#1570=ORIENTED_EDGE('',*,*,#3407,.T.);
#1571=ORIENTED_EDGE('',*,*,#3408,.T.);
#1572=ORIENTED_EDGE('',*,*,#3409,.F.);
#1573=ORIENTED_EDGE('',*,*,#3410,.F.);
#1574=ORIENTED_EDGE('',*,*,#3411,.F.);
#1575=ORIENTED_EDGE('',*,*,#3412,.F.);
#1576=ORIENTED_EDGE('',*,*,#3413,.T.);
#1577=ORIENTED_EDGE('',*,*,#3414,.T.);
#1578=ORIENTED_EDGE('',*,*,#3415,.F.);
#1579=ORIENTED_EDGE('',*,*,#3416,.F.);
#1580=ORIENTED_EDGE('',*,*,#3417,.F.);
#1581=ORIENTED_EDGE('',*,*,#3418,.F.);
#1582=ORIENTED_EDGE('',*,*,#3419,.T.);
#1583=ORIENTED_EDGE('',*,*,#3420,.F.);
#1584=ORIENTED_EDGE('',*,*,#3421,.F.);
#1585=ORIENTED_EDGE('',*,*,#3422,.F.);
#1586=ORIENTED_EDGE('',*,*,#3423,.T.);
#1587=ORIENTED_EDGE('',*,*,#3424,.T.);
#1588=ORIENTED_EDGE('',*,*,#3425,.F.);
#1589=ORIENTED_EDGE('',*,*,#3426,.F.);
#1590=ORIENTED_EDGE('',*,*,#3427,.T.);
#1591=ORIENTED_EDGE('',*,*,#3428,.T.);
#1592=ORIENTED_EDGE('',*,*,#3429,.T.);
#1593=ORIENTED_EDGE('',*,*,#3430,.F.);
#1594=ORIENTED_EDGE('',*,*,#3431,.F.);
#1595=ORIENTED_EDGE('',*,*,#3432,.F.);
#1596=ORIENTED_EDGE('',*,*,#3433,.T.);
#1597=ORIENTED_EDGE('',*,*,#3434,.T.);
#1598=ORIENTED_EDGE('',*,*,#3435,.F.);
#1599=ORIENTED_EDGE('',*,*,#3436,.F.);
#1600=ORIENTED_EDGE('',*,*,#3437,.T.);
#1601=ORIENTED_EDGE('',*,*,#3438,.T.);
#1602=ORIENTED_EDGE('',*,*,#3439,.F.);
#1603=ORIENTED_EDGE('',*,*,#3440,.F.);
#1604=ORIENTED_EDGE('',*,*,#3441,.F.);
#1605=ORIENTED_EDGE('',*,*,#3442,.T.);
#1606=ORIENTED_EDGE('',*,*,#3443,.T.);
#1607=ORIENTED_EDGE('',*,*,#3444,.T.);
#1608=ORIENTED_EDGE('',*,*,#3445,.T.);
#1609=ORIENTED_EDGE('',*,*,#3446,.T.);
#1610=ORIENTED_EDGE('',*,*,#3447,.T.);
#1611=ORIENTED_EDGE('',*,*,#3448,.T.);
#1612=ORIENTED_EDGE('',*,*,#3449,.T.);
#1613=ORIENTED_EDGE('',*,*,#3450,.T.);
#1614=ORIENTED_EDGE('',*,*,#3451,.T.);
#1615=ORIENTED_EDGE('',*,*,#3452,.T.);
#1616=ORIENTED_EDGE('',*,*,#3453,.T.);
#1617=ORIENTED_EDGE('',*,*,#3454,.T.);
#1618=ORIENTED_EDGE('',*,*,#3455,.T.);
#1619=ORIENTED_EDGE('',*,*,#3456,.T.);
#1620=ORIENTED_EDGE('',*,*,#3457,.T.);
#1621=ORIENTED_EDGE('',*,*,#3458,.T.);
#1622=ORIENTED_EDGE('',*,*,#3459,.T.);
#1623=ORIENTED_EDGE('',*,*,#3460,.T.);
#1624=ORIENTED_EDGE('',*,*,#3461,.T.);
#1625=ORIENTED_EDGE('',*,*,#3462,.T.);
#1626=ORIENTED_EDGE('',*,*,#3463,.T.);
#1627=ORIENTED_EDGE('',*,*,#3464,.T.);
#1628=ORIENTED_EDGE('',*,*,#3465,.T.);
#1629=ORIENTED_EDGE('',*,*,#3466,.T.);
#1630=ORIENTED_EDGE('',*,*,#3467,.T.);
#1631=ORIENTED_EDGE('',*,*,#3468,.T.);
#1632=ORIENTED_EDGE('',*,*,#3469,.T.);
#1633=ORIENTED_EDGE('',*,*,#3470,.T.);
#1634=ORIENTED_EDGE('',*,*,#3471,.T.);
#1635=ORIENTED_EDGE('',*,*,#3472,.T.);
#1636=ORIENTED_EDGE('',*,*,#3473,.T.);
#1637=ORIENTED_EDGE('',*,*,#3474,.T.);
#1638=ORIENTED_EDGE('',*,*,#3475,.T.);
#1639=ORIENTED_EDGE('',*,*,#3476,.T.);
#1640=ORIENTED_EDGE('',*,*,#3477,.T.);
#1641=ORIENTED_EDGE('',*,*,#3478,.T.);
#1642=ORIENTED_EDGE('',*,*,#3479,.T.);
#1643=ORIENTED_EDGE('',*,*,#3480,.T.);
#1644=ORIENTED_EDGE('',*,*,#3481,.T.);
#1645=ORIENTED_EDGE('',*,*,#3482,.T.);
#1646=ORIENTED_EDGE('',*,*,#3483,.T.);
#1647=ORIENTED_EDGE('',*,*,#3484,.T.);
#1648=ORIENTED_EDGE('',*,*,#3485,.T.);
#1649=ORIENTED_EDGE('',*,*,#3486,.T.);
#1650=ORIENTED_EDGE('',*,*,#3487,.F.);
#1651=ORIENTED_EDGE('',*,*,#3488,.T.);
#1652=ORIENTED_EDGE('',*,*,#3489,.T.);
#1653=ORIENTED_EDGE('',*,*,#3490,.T.);
#1654=ORIENTED_EDGE('',*,*,#3491,.T.);
#1655=ORIENTED_EDGE('',*,*,#3492,.T.);
#1656=ORIENTED_EDGE('',*,*,#3493,.T.);
#1657=ORIENTED_EDGE('',*,*,#3494,.T.);
#1658=ORIENTED_EDGE('',*,*,#3495,.T.);
#1659=ORIENTED_EDGE('',*,*,#3496,.F.);
#1660=ORIENTED_EDGE('',*,*,#3497,.T.);
#1661=ORIENTED_EDGE('',*,*,#3498,.T.);
#1662=ORIENTED_EDGE('',*,*,#3499,.T.);
#1663=ORIENTED_EDGE('',*,*,#3500,.F.);
#1664=ORIENTED_EDGE('',*,*,#3501,.T.);
#1665=ORIENTED_EDGE('',*,*,#3502,.F.);
#1666=ORIENTED_EDGE('',*,*,#3366,.T.);
#1667=ORIENTED_EDGE('',*,*,#3503,.T.);
#1668=ORIENTED_EDGE('',*,*,#3504,.T.);
#1669=ORIENTED_EDGE('',*,*,#3505,.F.);
#1670=ORIENTED_EDGE('',*,*,#3354,.T.);
#1671=ORIENTED_EDGE('',*,*,#3506,.F.);
#1672=ORIENTED_EDGE('',*,*,#3507,.T.);
#1673=ORIENTED_EDGE('',*,*,#3508,.T.);
#1674=ORIENTED_EDGE('',*,*,#3509,.T.);
#1675=ORIENTED_EDGE('',*,*,#3357,.F.);
#1676=ORIENTED_EDGE('',*,*,#3510,.T.);
#1677=ORIENTED_EDGE('',*,*,#3511,.T.);
#1678=ORIENTED_EDGE('',*,*,#3512,.T.);
#1679=ORIENTED_EDGE('',*,*,#3513,.F.);
#1680=ORIENTED_EDGE('',*,*,#3514,.T.);
#1681=ORIENTED_EDGE('',*,*,#3515,.T.);
#1682=ORIENTED_EDGE('',*,*,#3516,.T.);
#1683=ORIENTED_EDGE('',*,*,#3517,.T.);
#1684=ORIENTED_EDGE('',*,*,#3518,.T.);
#1685=ORIENTED_EDGE('',*,*,#3519,.F.);
#1686=ORIENTED_EDGE('',*,*,#3520,.F.);
#1687=ORIENTED_EDGE('',*,*,#3521,.T.);
#1688=ORIENTED_EDGE('',*,*,#3522,.T.);
#1689=ORIENTED_EDGE('',*,*,#3523,.T.);
#1690=ORIENTED_EDGE('',*,*,#3524,.F.);
#1691=ORIENTED_EDGE('',*,*,#3525,.F.);
#1692=ORIENTED_EDGE('',*,*,#3526,.T.);
#1693=ORIENTED_EDGE('',*,*,#3527,.T.);
#1694=ORIENTED_EDGE('',*,*,#3528,.T.);
#1695=ORIENTED_EDGE('',*,*,#3529,.T.);
#1696=ORIENTED_EDGE('',*,*,#3530,.T.);
#1697=ORIENTED_EDGE('',*,*,#3343,.F.);
#1698=ORIENTED_EDGE('',*,*,#3531,.T.);
#1699=ORIENTED_EDGE('',*,*,#3532,.T.);
#1700=ORIENTED_EDGE('',*,*,#3533,.T.);
#1701=ORIENTED_EDGE('',*,*,#3368,.F.);
#1702=ORIENTED_EDGE('',*,*,#3534,.F.);
#1703=ORIENTED_EDGE('',*,*,#3535,.T.);
#1704=ORIENTED_EDGE('',*,*,#3536,.F.);
#1705=ORIENTED_EDGE('',*,*,#3537,.T.);
#1706=ORIENTED_EDGE('',*,*,#3538,.T.);
#1707=ORIENTED_EDGE('',*,*,#3539,.F.);
#1708=ORIENTED_EDGE('',*,*,#3540,.T.);
#1709=ORIENTED_EDGE('',*,*,#3541,.T.);
#1710=ORIENTED_EDGE('',*,*,#3542,.T.);
#1711=ORIENTED_EDGE('',*,*,#3543,.T.);
#1712=ORIENTED_EDGE('',*,*,#3544,.F.);
#1713=ORIENTED_EDGE('',*,*,#3545,.T.);
#1714=ORIENTED_EDGE('',*,*,#3546,.F.);
#1715=ORIENTED_EDGE('',*,*,#3347,.F.);
#1716=ORIENTED_EDGE('',*,*,#3547,.T.);
#1717=ORIENTED_EDGE('',*,*,#3548,.T.);
#1718=ORIENTED_EDGE('',*,*,#3536,.T.);
#1719=ORIENTED_EDGE('',*,*,#3549,.T.);
#1720=ORIENTED_EDGE('',*,*,#3550,.F.);
#1721=ORIENTED_EDGE('',*,*,#3551,.F.);
#1722=ORIENTED_EDGE('',*,*,#3552,.F.);
#1723=ORIENTED_EDGE('',*,*,#3553,.F.);
#1724=ORIENTED_EDGE('',*,*,#3554,.F.);
#1725=ORIENTED_EDGE('',*,*,#3555,.F.);
#1726=ORIENTED_EDGE('',*,*,#3556,.F.);
#1727=ORIENTED_EDGE('',*,*,#3557,.F.);
#1728=ORIENTED_EDGE('',*,*,#3558,.T.);
#1729=ORIENTED_EDGE('',*,*,#3559,.T.);
#1730=ORIENTED_EDGE('',*,*,#3560,.T.);
#1731=ORIENTED_EDGE('',*,*,#3561,.T.);
#1732=ORIENTED_EDGE('',*,*,#3562,.T.);
#1733=ORIENTED_EDGE('',*,*,#3563,.F.);
#1734=ORIENTED_EDGE('',*,*,#3564,.T.);
#1735=ORIENTED_EDGE('',*,*,#3565,.T.);
#1736=ORIENTED_EDGE('',*,*,#3566,.T.);
#1737=ORIENTED_EDGE('',*,*,#3567,.T.);
#1738=ORIENTED_EDGE('',*,*,#3568,.F.);
#1739=ORIENTED_EDGE('',*,*,#3569,.T.);
#1740=ORIENTED_EDGE('',*,*,#3570,.F.);
#1741=ORIENTED_EDGE('',*,*,#3571,.F.);
#1742=ORIENTED_EDGE('',*,*,#3572,.T.);
#1743=ORIENTED_EDGE('',*,*,#3573,.T.);
#1744=ORIENTED_EDGE('',*,*,#3574,.T.);
#1745=ORIENTED_EDGE('',*,*,#3575,.T.);
#1746=ORIENTED_EDGE('',*,*,#3576,.T.);
#1747=ORIENTED_EDGE('',*,*,#3577,.F.);
#1748=ORIENTED_EDGE('',*,*,#3578,.F.);
#1749=ORIENTED_EDGE('',*,*,#3579,.F.);
#1750=ORIENTED_EDGE('',*,*,#3580,.T.);
#1751=ORIENTED_EDGE('',*,*,#3581,.T.);
#1752=ORIENTED_EDGE('',*,*,#3582,.F.);
#1753=ORIENTED_EDGE('',*,*,#3583,.F.);
#1754=ORIENTED_EDGE('',*,*,#3584,.T.);
#1755=ORIENTED_EDGE('',*,*,#3585,.T.);
#1756=ORIENTED_EDGE('',*,*,#3586,.F.);
#1757=ORIENTED_EDGE('',*,*,#3587,.F.);
#1758=ORIENTED_EDGE('',*,*,#3588,.F.);
#1759=ORIENTED_EDGE('',*,*,#3589,.F.);
#1760=ORIENTED_EDGE('',*,*,#3590,.T.);
#1761=ORIENTED_EDGE('',*,*,#3591,.T.);
#1762=ORIENTED_EDGE('',*,*,#3592,.F.);
#1763=ORIENTED_EDGE('',*,*,#3593,.T.);
#1764=ORIENTED_EDGE('',*,*,#3594,.T.);
#1765=ORIENTED_EDGE('',*,*,#3595,.T.);
#1766=ORIENTED_EDGE('',*,*,#3596,.F.);
#1767=ORIENTED_EDGE('',*,*,#3597,.F.);
#1768=ORIENTED_EDGE('',*,*,#3598,.T.);
#1769=ORIENTED_EDGE('',*,*,#3599,.F.);
#1770=ORIENTED_EDGE('',*,*,#3600,.F.);
#1771=ORIENTED_EDGE('',*,*,#3601,.T.);
#1772=ORIENTED_EDGE('',*,*,#3602,.F.);
#1773=ORIENTED_EDGE('',*,*,#3603,.T.);
#1774=ORIENTED_EDGE('',*,*,#3604,.T.);
#1775=ORIENTED_EDGE('',*,*,#3380,.T.);
#1776=ORIENTED_EDGE('',*,*,#3605,.T.);
#1777=ORIENTED_EDGE('',*,*,#3606,.F.);
#1778=ORIENTED_EDGE('',*,*,#3607,.T.);
#1779=ORIENTED_EDGE('',*,*,#3608,.F.);
#1780=ORIENTED_EDGE('',*,*,#3609,.F.);
#1781=ORIENTED_EDGE('',*,*,#3610,.F.);
#1782=ORIENTED_EDGE('',*,*,#3611,.T.);
#1783=ORIENTED_EDGE('',*,*,#3612,.F.);
#1784=ORIENTED_EDGE('',*,*,#3613,.T.);
#1785=ORIENTED_EDGE('',*,*,#3614,.T.);
#1786=ORIENTED_EDGE('',*,*,#3615,.F.);
#1787=ORIENTED_EDGE('',*,*,#3616,.F.);
#1788=ORIENTED_EDGE('',*,*,#3617,.T.);
#1789=ORIENTED_EDGE('',*,*,#3618,.T.);
#1790=ORIENTED_EDGE('',*,*,#3619,.F.);
#1791=ORIENTED_EDGE('',*,*,#3620,.F.);
#1792=ORIENTED_EDGE('',*,*,#3621,.F.);
#1793=ORIENTED_EDGE('',*,*,#3622,.F.);
#1794=ORIENTED_EDGE('',*,*,#3623,.T.);
#1795=ORIENTED_EDGE('',*,*,#3624,.T.);
#1796=ORIENTED_EDGE('',*,*,#3625,.F.);
#1797=ORIENTED_EDGE('',*,*,#3626,.T.);
#1798=ORIENTED_EDGE('',*,*,#3627,.T.);
#1799=ORIENTED_EDGE('',*,*,#3628,.T.);
#1800=ORIENTED_EDGE('',*,*,#3629,.F.);
#1801=ORIENTED_EDGE('',*,*,#3630,.F.);
#1802=ORIENTED_EDGE('',*,*,#3631,.T.);
#1803=ORIENTED_EDGE('',*,*,#3632,.F.);
#1804=ORIENTED_EDGE('',*,*,#3633,.T.);
#1805=ORIENTED_EDGE('',*,*,#3634,.T.);
#1806=ORIENTED_EDGE('',*,*,#3635,.F.);
#1807=ORIENTED_EDGE('',*,*,#3636,.T.);
#1808=ORIENTED_EDGE('',*,*,#3637,.T.);
#1809=ORIENTED_EDGE('',*,*,#3638,.T.);
#1810=ORIENTED_EDGE('',*,*,#3639,.F.);
#1811=ORIENTED_EDGE('',*,*,#3640,.F.);
#1812=ORIENTED_EDGE('',*,*,#3641,.T.);
#1813=ORIENTED_EDGE('',*,*,#3515,.F.);
#1814=ORIENTED_EDGE('',*,*,#3642,.T.);
#1815=ORIENTED_EDGE('',*,*,#3643,.T.);
#1816=ORIENTED_EDGE('',*,*,#3644,.T.);
#1817=ORIENTED_EDGE('',*,*,#3645,.T.);
#1818=ORIENTED_EDGE('',*,*,#3589,.T.);
#1819=ORIENTED_EDGE('',*,*,#3395,.F.);
#1820=ORIENTED_EDGE('',*,*,#3646,.T.);
#1821=ORIENTED_EDGE('',*,*,#3647,.F.);
#1822=ORIENTED_EDGE('',*,*,#3648,.F.);
#1823=ORIENTED_EDGE('',*,*,#3649,.F.);
#1824=ORIENTED_EDGE('',*,*,#3567,.F.);
#1825=ORIENTED_EDGE('',*,*,#3650,.F.);
#1826=ORIENTED_EDGE('',*,*,#3651,.T.);
#1827=ORIENTED_EDGE('',*,*,#3315,.F.);
#1828=ORIENTED_EDGE('',*,*,#3652,.T.);
#1829=ORIENTED_EDGE('',*,*,#3486,.F.);
#1830=ORIENTED_EDGE('',*,*,#3653,.F.);
#1831=ORIENTED_EDGE('',*,*,#3654,.F.);
#1832=ORIENTED_EDGE('',*,*,#3655,.T.);
#1833=ORIENTED_EDGE('',*,*,#3656,.F.);
#1834=ORIENTED_EDGE('',*,*,#3582,.T.);
#1835=ORIENTED_EDGE('',*,*,#3657,.F.);
#1836=ORIENTED_EDGE('',*,*,#3585,.F.);
#1837=ORIENTED_EDGE('',*,*,#3658,.F.);
#1838=ORIENTED_EDGE('',*,*,#3659,.T.);
#1839=ORIENTED_EDGE('',*,*,#3660,.F.);
#1840=ORIENTED_EDGE('',*,*,#3661,.T.);
#1841=ORIENTED_EDGE('',*,*,#3662,.F.);
#1842=ORIENTED_EDGE('',*,*,#3409,.T.);
#1843=ORIENTED_EDGE('',*,*,#3663,.F.);
#1844=ORIENTED_EDGE('',*,*,#3404,.F.);
#1845=ORIENTED_EDGE('',*,*,#3664,.F.);
#1846=ORIENTED_EDGE('',*,*,#3665,.F.);
#1847=ORIENTED_EDGE('',*,*,#3512,.F.);
#1848=ORIENTED_EDGE('',*,*,#3666,.T.);
#1849=ORIENTED_EDGE('',*,*,#3667,.F.);
#1850=ORIENTED_EDGE('',*,*,#3644,.F.);
#1851=ORIENTED_EDGE('',*,*,#3668,.T.);
#1852=ORIENTED_EDGE('',*,*,#3669,.F.);
#1853=ORIENTED_EDGE('',*,*,#3670,.T.);
#1854=ORIENTED_EDGE('',*,*,#3671,.T.);
#1855=ORIENTED_EDGE('',*,*,#3647,.T.);
#1856=ORIENTED_EDGE('',*,*,#3672,.T.);
#1857=ORIENTED_EDGE('',*,*,#3673,.F.);
#1858=ORIENTED_EDGE('',*,*,#3570,.T.);
#1859=ORIENTED_EDGE('',*,*,#3674,.F.);
#1860=ORIENTED_EDGE('',*,*,#3511,.F.);
#1861=ORIENTED_EDGE('',*,*,#3675,.T.);
#1862=ORIENTED_EDGE('',*,*,#3571,.T.);
#1863=ORIENTED_EDGE('',*,*,#3673,.T.);
#1864=ORIENTED_EDGE('',*,*,#3676,.F.);
#1865=ORIENTED_EDGE('',*,*,#3393,.T.);
#1866=ORIENTED_EDGE('',*,*,#3677,.F.);
#1867=ORIENTED_EDGE('',*,*,#3678,.F.);
#1868=ORIENTED_EDGE('',*,*,#3679,.F.);
#1869=ORIENTED_EDGE('',*,*,#3579,.T.);
#1870=ORIENTED_EDGE('',*,*,#3656,.T.);
#1871=ORIENTED_EDGE('',*,*,#3680,.T.);
#1872=ORIENTED_EDGE('',*,*,#3658,.T.);
#1873=ORIENTED_EDGE('',*,*,#3403,.F.);
#1874=ORIENTED_EDGE('',*,*,#3681,.F.);
#1875=ORIENTED_EDGE('',*,*,#3682,.F.);
#1876=ORIENTED_EDGE('',*,*,#3683,.F.);
#1877=ORIENTED_EDGE('',*,*,#3591,.F.);
#1878=ORIENTED_EDGE('',*,*,#3684,.F.);
#1879=ORIENTED_EDGE('',*,*,#3666,.F.);
#1880=ORIENTED_EDGE('',*,*,#3581,.F.);
#1881=ORIENTED_EDGE('',*,*,#3685,.F.);
#1882=ORIENTED_EDGE('',*,*,#3686,.F.);
#1883=ORIENTED_EDGE('',*,*,#3687,.F.);
#1884=ORIENTED_EDGE('',*,*,#3391,.F.);
#1885=ORIENTED_EDGE('',*,*,#3566,.F.);
#1886=ORIENTED_EDGE('',*,*,#3397,.T.);
#1887=ORIENTED_EDGE('',*,*,#3688,.F.);
#1888=ORIENTED_EDGE('',*,*,#3689,.F.);
#1889=ORIENTED_EDGE('',*,*,#3690,.F.);
#1890=ORIENTED_EDGE('',*,*,#3586,.T.);
#1891=ORIENTED_EDGE('',*,*,#3657,.T.);
#1892=ORIENTED_EDGE('',*,*,#3691,.F.);
#1893=ORIENTED_EDGE('',*,*,#3611,.F.);
#1894=ORIENTED_EDGE('',*,*,#3692,.T.);
#1895=ORIENTED_EDGE('',*,*,#3412,.T.);
#1896=ORIENTED_EDGE('',*,*,#3373,.F.);
#1897=ORIENTED_EDGE('',*,*,#3693,.T.);
#1898=ORIENTED_EDGE('',*,*,#3694,.F.);
#1899=ORIENTED_EDGE('',*,*,#3695,.T.);
#1900=ORIENTED_EDGE('',*,*,#3696,.F.);
#1901=ORIENTED_EDGE('',*,*,#3697,.T.);
#1902=ORIENTED_EDGE('',*,*,#3517,.F.);
#1903=ORIENTED_EDGE('',*,*,#3598,.F.);
#1904=ORIENTED_EDGE('',*,*,#3698,.T.);
#1905=ORIENTED_EDGE('',*,*,#3699,.F.);
#1906=ORIENTED_EDGE('',*,*,#3700,.F.);
#1907=ORIENTED_EDGE('',*,*,#3701,.F.);
#1908=ORIENTED_EDGE('',*,*,#3702,.T.);
#1909=ORIENTED_EDGE('',*,*,#3703,.T.);
#1910=ORIENTED_EDGE('',*,*,#3608,.T.);
#1911=ORIENTED_EDGE('',*,*,#3704,.F.);
#1912=ORIENTED_EDGE('',*,*,#3705,.T.);
#1913=ORIENTED_EDGE('',*,*,#3706,.T.);
#1914=ORIENTED_EDGE('',*,*,#3699,.T.);
#1915=ORIENTED_EDGE('',*,*,#3707,.T.);
#1916=ORIENTED_EDGE('',*,*,#3708,.F.);
#1917=ORIENTED_EDGE('',*,*,#3384,.T.);
#1918=ORIENTED_EDGE('',*,*,#3709,.F.);
#1919=ORIENTED_EDGE('',*,*,#3710,.T.);
#1920=ORIENTED_EDGE('',*,*,#3711,.F.);
#1921=ORIENTED_EDGE('',*,*,#3712,.T.);
#1922=ORIENTED_EDGE('',*,*,#3713,.F.);
#1923=ORIENTED_EDGE('',*,*,#3714,.T.);
#1924=ORIENTED_EDGE('',*,*,#3715,.F.);
#1925=ORIENTED_EDGE('',*,*,#3418,.T.);
#1926=ORIENTED_EDGE('',*,*,#3716,.F.);
#1927=ORIENTED_EDGE('',*,*,#3717,.T.);
#1928=ORIENTED_EDGE('',*,*,#3662,.T.);
#1929=ORIENTED_EDGE('',*,*,#3718,.T.);
#1930=ORIENTED_EDGE('',*,*,#3711,.T.);
#1931=ORIENTED_EDGE('',*,*,#3719,.T.);
#1932=ORIENTED_EDGE('',*,*,#3613,.F.);
#1933=ORIENTED_EDGE('',*,*,#3720,.F.);
#1934=ORIENTED_EDGE('',*,*,#3721,.F.);
#1935=ORIENTED_EDGE('',*,*,#3722,.F.);
#1936=ORIENTED_EDGE('',*,*,#3414,.F.);
#1937=ORIENTED_EDGE('',*,*,#3723,.F.);
#1938=ORIENTED_EDGE('',*,*,#3609,.T.);
#1939=ORIENTED_EDGE('',*,*,#3703,.F.);
#1940=ORIENTED_EDGE('',*,*,#3724,.T.);
#1941=ORIENTED_EDGE('',*,*,#3522,.F.);
#1942=ORIENTED_EDGE('',*,*,#3725,.T.);
#1943=ORIENTED_EDGE('',*,*,#3381,.F.);
#1944=ORIENTED_EDGE('',*,*,#3708,.T.);
#1945=ORIENTED_EDGE('',*,*,#3726,.F.);
#1946=ORIENTED_EDGE('',*,*,#3596,.T.);
#1947=ORIENTED_EDGE('',*,*,#3727,.F.);
#1948=ORIENTED_EDGE('',*,*,#3728,.F.);
#1949=ORIENTED_EDGE('',*,*,#3729,.F.);
#1950=ORIENTED_EDGE('',*,*,#3406,.T.);
#1951=ORIENTED_EDGE('',*,*,#3588,.T.);
#1952=ORIENTED_EDGE('',*,*,#3730,.F.);
#1953=ORIENTED_EDGE('',*,*,#3731,.F.);
#1954=ORIENTED_EDGE('',*,*,#3732,.F.);
#1955=ORIENTED_EDGE('',*,*,#3405,.T.);
#1956=ORIENTED_EDGE('',*,*,#3663,.T.);
#1957=ORIENTED_EDGE('',*,*,#3408,.F.);
#1958=ORIENTED_EDGE('',*,*,#3733,.F.);
#1959=ORIENTED_EDGE('',*,*,#3734,.F.);
#1960=ORIENTED_EDGE('',*,*,#3735,.F.);
#1961=ORIENTED_EDGE('',*,*,#3594,.F.);
#1962=ORIENTED_EDGE('',*,*,#3516,.F.);
#1963=ORIENTED_EDGE('',*,*,#3736,.F.);
#1964=ORIENTED_EDGE('',*,*,#3386,.F.);
#1965=ORIENTED_EDGE('',*,*,#3737,.T.);
#1966=ORIENTED_EDGE('',*,*,#3738,.T.);
#1967=ORIENTED_EDGE('',*,*,#3739,.T.);
#1968=ORIENTED_EDGE('',*,*,#3740,.T.);
#1969=ORIENTED_EDGE('',*,*,#3741,.T.);
#1970=ORIENTED_EDGE('',*,*,#3422,.T.);
#1971=ORIENTED_EDGE('',*,*,#3619,.T.);
#1972=ORIENTED_EDGE('',*,*,#3742,.T.);
#1973=ORIENTED_EDGE('',*,*,#3602,.T.);
#1974=ORIENTED_EDGE('',*,*,#3743,.F.);
#1975=ORIENTED_EDGE('',*,*,#3744,.T.);
#1976=ORIENTED_EDGE('',*,*,#3745,.T.);
#1977=ORIENTED_EDGE('',*,*,#3375,.F.);
#1978=ORIENTED_EDGE('',*,*,#3746,.F.);
#1979=ORIENTED_EDGE('',*,*,#3747,.T.);
#1980=ORIENTED_EDGE('',*,*,#3748,.F.);
#1981=ORIENTED_EDGE('',*,*,#3749,.T.);
#1982=ORIENTED_EDGE('',*,*,#3750,.F.);
#1983=ORIENTED_EDGE('',*,*,#3751,.T.);
#1984=ORIENTED_EDGE('',*,*,#3752,.F.);
#1985=ORIENTED_EDGE('',*,*,#3624,.F.);
#1986=ORIENTED_EDGE('',*,*,#3753,.F.);
#1987=ORIENTED_EDGE('',*,*,#3754,.T.);
#1988=ORIENTED_EDGE('',*,*,#3755,.F.);
#1989=ORIENTED_EDGE('',*,*,#3756,.T.);
#1990=ORIENTED_EDGE('',*,*,#3528,.F.);
#1991=ORIENTED_EDGE('',*,*,#3757,.T.);
#1992=ORIENTED_EDGE('',*,*,#3758,.F.);
#1993=ORIENTED_EDGE('',*,*,#3740,.F.);
#1994=ORIENTED_EDGE('',*,*,#3759,.T.);
#1995=ORIENTED_EDGE('',*,*,#3748,.T.);
#1996=ORIENTED_EDGE('',*,*,#3760,.T.);
#1997=ORIENTED_EDGE('',*,*,#3753,.T.);
#1998=ORIENTED_EDGE('',*,*,#3623,.F.);
#1999=ORIENTED_EDGE('',*,*,#3761,.F.);
#2000=ORIENTED_EDGE('',*,*,#3762,.F.);
#2001=ORIENTED_EDGE('',*,*,#3763,.F.);
#2002=ORIENTED_EDGE('',*,*,#3424,.F.);
#2003=ORIENTED_EDGE('',*,*,#3764,.F.);
#2004=ORIENTED_EDGE('',*,*,#3757,.F.);
#2005=ORIENTED_EDGE('',*,*,#3527,.F.);
#2006=ORIENTED_EDGE('',*,*,#3765,.T.);
#2007=ORIENTED_EDGE('',*,*,#3529,.F.);
#2008=ORIENTED_EDGE('',*,*,#3766,.T.);
#2009=ORIENTED_EDGE('',*,*,#3377,.F.);
#2010=ORIENTED_EDGE('',*,*,#3604,.F.);
#2011=ORIENTED_EDGE('',*,*,#3767,.F.);
#2012=ORIENTED_EDGE('',*,*,#3617,.F.);
#2013=ORIENTED_EDGE('',*,*,#3768,.F.);
#2014=ORIENTED_EDGE('',*,*,#3769,.F.);
#2015=ORIENTED_EDGE('',*,*,#3770,.F.);
#2016=ORIENTED_EDGE('',*,*,#3419,.F.);
#2017=ORIENTED_EDGE('',*,*,#3715,.T.);
#2018=ORIENTED_EDGE('',*,*,#3771,.T.);
#2019=ORIENTED_EDGE('',*,*,#3620,.T.);
#2020=ORIENTED_EDGE('',*,*,#3374,.F.);
#2021=ORIENTED_EDGE('',*,*,#3411,.T.);
#2022=ORIENTED_EDGE('',*,*,#3772,.F.);
#2023=ORIENTED_EDGE('',*,*,#3773,.F.);
#2024=ORIENTED_EDGE('',*,*,#3774,.F.);
#2025=ORIENTED_EDGE('',*,*,#3615,.T.);
#2026=ORIENTED_EDGE('',*,*,#3775,.T.);
#2027=ORIENTED_EDGE('',*,*,#3716,.T.);
#2028=ORIENTED_EDGE('',*,*,#3417,.T.);
#2029=ORIENTED_EDGE('',*,*,#3776,.F.);
#2030=ORIENTED_EDGE('',*,*,#3777,.F.);
#2031=ORIENTED_EDGE('',*,*,#3778,.F.);
#2032=ORIENTED_EDGE('',*,*,#3779,.F.);
#2033=ORIENTED_EDGE('',*,*,#3541,.F.);
#2034=ORIENTED_EDGE('',*,*,#3780,.T.);
#2035=ORIENTED_EDGE('',*,*,#3781,.T.);
#2036=ORIENTED_EDGE('',*,*,#3782,.T.);
#2037=ORIENTED_EDGE('',*,*,#3783,.T.);
#2038=ORIENTED_EDGE('',*,*,#3432,.T.);
#2039=ORIENTED_EDGE('',*,*,#3631,.F.);
#2040=ORIENTED_EDGE('',*,*,#3784,.T.);
#2041=ORIENTED_EDGE('',*,*,#3785,.F.);
#2042=ORIENTED_EDGE('',*,*,#3786,.F.);
#2043=ORIENTED_EDGE('',*,*,#3787,.F.);
#2044=ORIENTED_EDGE('',*,*,#3788,.T.);
#2045=ORIENTED_EDGE('',*,*,#3388,.F.);
#2046=ORIENTED_EDGE('',*,*,#3789,.F.);
#2047=ORIENTED_EDGE('',*,*,#3790,.T.);
#2048=ORIENTED_EDGE('',*,*,#3791,.F.);
#2049=ORIENTED_EDGE('',*,*,#3792,.T.);
#2050=ORIENTED_EDGE('',*,*,#3793,.F.);
#2051=ORIENTED_EDGE('',*,*,#3794,.T.);
#2052=ORIENTED_EDGE('',*,*,#3795,.F.);
#2053=ORIENTED_EDGE('',*,*,#3439,.T.);
#2054=ORIENTED_EDGE('',*,*,#3796,.F.);
#2055=ORIENTED_EDGE('',*,*,#3634,.F.);
#2056=ORIENTED_EDGE('',*,*,#3797,.F.);
#2057=ORIENTED_EDGE('',*,*,#3798,.T.);
#2058=ORIENTED_EDGE('',*,*,#3799,.F.);
#2059=ORIENTED_EDGE('',*,*,#3800,.T.);
#2060=ORIENTED_EDGE('',*,*,#3538,.F.);
#2061=ORIENTED_EDGE('',*,*,#3801,.T.);
#2062=ORIENTED_EDGE('',*,*,#3802,.F.);
#2063=ORIENTED_EDGE('',*,*,#3782,.F.);
#2064=ORIENTED_EDGE('',*,*,#3803,.T.);
#2065=ORIENTED_EDGE('',*,*,#3804,.F.);
#2066=ORIENTED_EDGE('',*,*,#3805,.F.);
#2067=ORIENTED_EDGE('',*,*,#3806,.T.);
#2068=ORIENTED_EDGE('',*,*,#3785,.T.);
#2069=ORIENTED_EDGE('',*,*,#3807,.T.);
#2070=ORIENTED_EDGE('',*,*,#3808,.F.);
#2071=ORIENTED_EDGE('',*,*,#3809,.T.);
#2072=ORIENTED_EDGE('',*,*,#3791,.T.);
#2073=ORIENTED_EDGE('',*,*,#3810,.T.);
#2074=ORIENTED_EDGE('',*,*,#3797,.T.);
#2075=ORIENTED_EDGE('',*,*,#3633,.F.);
#2076=ORIENTED_EDGE('',*,*,#3811,.F.);
#2077=ORIENTED_EDGE('',*,*,#3812,.F.);
#2078=ORIENTED_EDGE('',*,*,#3813,.F.);
#2079=ORIENTED_EDGE('',*,*,#3434,.F.);
#2080=ORIENTED_EDGE('',*,*,#3814,.F.);
#2081=ORIENTED_EDGE('',*,*,#3801,.F.);
#2082=ORIENTED_EDGE('',*,*,#3537,.F.);
#2083=ORIENTED_EDGE('',*,*,#3548,.F.);
#2084=ORIENTED_EDGE('',*,*,#3815,.T.);
#2085=ORIENTED_EDGE('',*,*,#3808,.T.);
#2086=ORIENTED_EDGE('',*,*,#3816,.F.);
#2087=ORIENTED_EDGE('',*,*,#3629,.T.);
#2088=ORIENTED_EDGE('',*,*,#3817,.F.);
#2089=ORIENTED_EDGE('',*,*,#3818,.F.);
#2090=ORIENTED_EDGE('',*,*,#3819,.F.);
#2091=ORIENTED_EDGE('',*,*,#3426,.T.);
#2092=ORIENTED_EDGE('',*,*,#3820,.T.);
#2093=ORIENTED_EDGE('',*,*,#3627,.F.);
#2094=ORIENTED_EDGE('',*,*,#3387,.F.);
#2095=ORIENTED_EDGE('',*,*,#3421,.T.);
#2096=ORIENTED_EDGE('',*,*,#3821,.F.);
#2097=ORIENTED_EDGE('',*,*,#3822,.F.);
#2098=ORIENTED_EDGE('',*,*,#3823,.F.);
#2099=ORIENTED_EDGE('',*,*,#3625,.T.);
#2100=ORIENTED_EDGE('',*,*,#3752,.T.);
#2101=ORIENTED_EDGE('',*,*,#3824,.T.);
#2102=ORIENTED_EDGE('',*,*,#3428,.F.);
#2103=ORIENTED_EDGE('',*,*,#3825,.F.);
#2104=ORIENTED_EDGE('',*,*,#3826,.F.);
#2105=ORIENTED_EDGE('',*,*,#3827,.F.);
#2106=ORIENTED_EDGE('',*,*,#3828,.F.);
#2107=ORIENTED_EDGE('',*,*,#3565,.F.);
#2108=ORIENTED_EDGE('',*,*,#3829,.T.);
#2109=ORIENTED_EDGE('',*,*,#3830,.T.);
#2110=ORIENTED_EDGE('',*,*,#3831,.T.);
#2111=ORIENTED_EDGE('',*,*,#3832,.T.);
#2112=ORIENTED_EDGE('',*,*,#3398,.T.);
#2113=ORIENTED_EDGE('',*,*,#3641,.F.);
#2114=ORIENTED_EDGE('',*,*,#3833,.T.);
#2115=ORIENTED_EDGE('',*,*,#3834,.F.);
#2116=ORIENTED_EDGE('',*,*,#3835,.F.);
#2117=ORIENTED_EDGE('',*,*,#3836,.F.);
#2118=ORIENTED_EDGE('',*,*,#3543,.F.);
#2119=ORIENTED_EDGE('',*,*,#3837,.T.);
#2120=ORIENTED_EDGE('',*,*,#3838,.T.);
#2121=ORIENTED_EDGE('',*,*,#3839,.F.);
#2122=ORIENTED_EDGE('',*,*,#3323,.F.);
#2123=ORIENTED_EDGE('',*,*,#3840,.T.);
#2124=ORIENTED_EDGE('',*,*,#3841,.F.);
#2125=ORIENTED_EDGE('',*,*,#3842,.T.);
#2126=ORIENTED_EDGE('',*,*,#3843,.F.);
#2127=ORIENTED_EDGE('',*,*,#3321,.T.);
#2128=ORIENTED_EDGE('',*,*,#3844,.T.);
#2129=ORIENTED_EDGE('',*,*,#3845,.T.);
#2130=ORIENTED_EDGE('',*,*,#3846,.T.);
#2131=ORIENTED_EDGE('',*,*,#3847,.T.);
#2132=ORIENTED_EDGE('',*,*,#3848,.T.);
#2133=ORIENTED_EDGE('',*,*,#3319,.T.);
#2134=ORIENTED_EDGE('',*,*,#3849,.T.);
#2135=ORIENTED_EDGE('',*,*,#3317,.T.);
#2136=ORIENTED_EDGE('',*,*,#3850,.T.);
#2137=ORIENTED_EDGE('',*,*,#3851,.T.);
#2138=ORIENTED_EDGE('',*,*,#3852,.T.);
#2139=ORIENTED_EDGE('',*,*,#3853,.F.);
#2140=ORIENTED_EDGE('',*,*,#3854,.F.);
#2141=ORIENTED_EDGE('',*,*,#3562,.F.);
#2142=ORIENTED_EDGE('',*,*,#3855,.T.);
#2143=ORIENTED_EDGE('',*,*,#3856,.F.);
#2144=ORIENTED_EDGE('',*,*,#3831,.F.);
#2145=ORIENTED_EDGE('',*,*,#3857,.T.);
#2146=ORIENTED_EDGE('',*,*,#3858,.T.);
#2147=ORIENTED_EDGE('',*,*,#3859,.T.);
#2148=ORIENTED_EDGE('',*,*,#3860,.T.);
#2149=ORIENTED_EDGE('',*,*,#3861,.F.);
#2150=ORIENTED_EDGE('',*,*,#3862,.T.);
#2151=ORIENTED_EDGE('',*,*,#3863,.T.);
#2152=ORIENTED_EDGE('',*,*,#3864,.T.);
#2153=ORIENTED_EDGE('',*,*,#3865,.F.);
#2154=ORIENTED_EDGE('',*,*,#3866,.T.);
#2155=ORIENTED_EDGE('',*,*,#3867,.T.);
#2156=ORIENTED_EDGE('',*,*,#3868,.T.);
#2157=ORIENTED_EDGE('',*,*,#3869,.F.);
#2158=ORIENTED_EDGE('',*,*,#3870,.T.);
#2159=ORIENTED_EDGE('',*,*,#3871,.T.);
#2160=ORIENTED_EDGE('',*,*,#3872,.T.);
#2161=ORIENTED_EDGE('',*,*,#3873,.T.);
#2162=ORIENTED_EDGE('',*,*,#3874,.T.);
#2163=ORIENTED_EDGE('',*,*,#3875,.T.);
#2164=ORIENTED_EDGE('',*,*,#3876,.F.);
#2165=ORIENTED_EDGE('',*,*,#3877,.F.);
#2166=ORIENTED_EDGE('',*,*,#3878,.T.);
#2167=ORIENTED_EDGE('',*,*,#3834,.T.);
#2168=ORIENTED_EDGE('',*,*,#3879,.T.);
#2169=ORIENTED_EDGE('',*,*,#3880,.F.);
#2170=ORIENTED_EDGE('',*,*,#3546,.T.);
#2171=ORIENTED_EDGE('',*,*,#3881,.F.);
#2172=ORIENTED_EDGE('',*,*,#3882,.F.);
#2173=ORIENTED_EDGE('',*,*,#3883,.F.);
#2174=ORIENTED_EDGE('',*,*,#3872,.F.);
#2175=ORIENTED_EDGE('',*,*,#3884,.T.);
#2176=ORIENTED_EDGE('',*,*,#3532,.F.);
#2177=ORIENTED_EDGE('',*,*,#3880,.T.);
#2178=ORIENTED_EDGE('',*,*,#3885,.F.);
#2179=ORIENTED_EDGE('',*,*,#3639,.T.);
#2180=ORIENTED_EDGE('',*,*,#3886,.F.);
#2181=ORIENTED_EDGE('',*,*,#3887,.F.);
#2182=ORIENTED_EDGE('',*,*,#3888,.F.);
#2183=ORIENTED_EDGE('',*,*,#3436,.T.);
#2184=ORIENTED_EDGE('',*,*,#3795,.T.);
#2185=ORIENTED_EDGE('',*,*,#3889,.T.);
#2186=ORIENTED_EDGE('',*,*,#3841,.T.);
#2187=ORIENTED_EDGE('',*,*,#3890,.T.);
#2188=ORIENTED_EDGE('',*,*,#3845,.F.);
#2189=ORIENTED_EDGE('',*,*,#3891,.T.);
#2190=ORIENTED_EDGE('',*,*,#3847,.F.);
#2191=ORIENTED_EDGE('',*,*,#3892,.T.);
#2192=ORIENTED_EDGE('',*,*,#3851,.F.);
#2193=ORIENTED_EDGE('',*,*,#3893,.T.);
#2194=ORIENTED_EDGE('',*,*,#3650,.T.);
#2195=ORIENTED_EDGE('',*,*,#3584,.F.);
#2196=ORIENTED_EDGE('',*,*,#3894,.F.);
#2197=ORIENTED_EDGE('',*,*,#3895,.F.);
#2198=ORIENTED_EDGE('',*,*,#3896,.F.);
#2199=ORIENTED_EDGE('',*,*,#3400,.F.);
#2200=ORIENTED_EDGE('',*,*,#3897,.F.);
#2201=ORIENTED_EDGE('',*,*,#3855,.F.);
#2202=ORIENTED_EDGE('',*,*,#3561,.F.);
#2203=ORIENTED_EDGE('',*,*,#3898,.T.);
#2204=ORIENTED_EDGE('',*,*,#3861,.T.);
#2205=ORIENTED_EDGE('',*,*,#3899,.T.);
#2206=ORIENTED_EDGE('',*,*,#3865,.T.);
#2207=ORIENTED_EDGE('',*,*,#3900,.T.);
#2208=ORIENTED_EDGE('',*,*,#3869,.T.);
#2209=ORIENTED_EDGE('',*,*,#3901,.T.);
#2210=ORIENTED_EDGE('',*,*,#3637,.F.);
#2211=ORIENTED_EDGE('',*,*,#3542,.F.);
#2212=ORIENTED_EDGE('',*,*,#3431,.T.);
#2213=ORIENTED_EDGE('',*,*,#3902,.F.);
#2214=ORIENTED_EDGE('',*,*,#3903,.F.);
#2215=ORIENTED_EDGE('',*,*,#3904,.F.);
#2216=ORIENTED_EDGE('',*,*,#3635,.T.);
#2217=ORIENTED_EDGE('',*,*,#3796,.T.);
#2218=ORIENTED_EDGE('',*,*,#3438,.F.);
#2219=ORIENTED_EDGE('',*,*,#3905,.F.);
#2220=ORIENTED_EDGE('',*,*,#3906,.F.);
#2221=ORIENTED_EDGE('',*,*,#3907,.F.);
#2222=ORIENTED_EDGE('',*,*,#3908,.F.);
#2223=ORIENTED_EDGE('',*,*,#3660,.T.);
#2224=ORIENTED_EDGE('',*,*,#3909,.T.);
#2225=ORIENTED_EDGE('',*,*,#3654,.T.);
#2226=ORIENTED_EDGE('',*,*,#3910,.F.);
#2227=ORIENTED_EDGE('',*,*,#3843,.T.);
#2228=ORIENTED_EDGE('',*,*,#3911,.T.);
#2229=ORIENTED_EDGE('',*,*,#3793,.T.);
#2230=ORIENTED_EDGE('',*,*,#3912,.T.);
#2231=ORIENTED_EDGE('',*,*,#3789,.T.);
#2232=ORIENTED_EDGE('',*,*,#3913,.T.);
#2233=ORIENTED_EDGE('',*,*,#3750,.T.);
#2234=ORIENTED_EDGE('',*,*,#3914,.T.);
#2235=ORIENTED_EDGE('',*,*,#3746,.T.);
#2236=ORIENTED_EDGE('',*,*,#3915,.T.);
#2237=ORIENTED_EDGE('',*,*,#3713,.T.);
#2238=ORIENTED_EDGE('',*,*,#3916,.T.);
#2239=ORIENTED_EDGE('',*,*,#3709,.T.);
#2240=ORIENTED_EDGE('',*,*,#3917,.T.);
#2241=ORIENTED_EDGE('',*,*,#3918,.F.);
#2242=ORIENTED_EDGE('',*,*,#3919,.F.);
#2243=ORIENTED_EDGE('',*,*,#3920,.F.);
#2244=ORIENTED_EDGE('',*,*,#3921,.F.);
#2245=ORIENTED_EDGE('',*,*,#3922,.F.);
#2246=ORIENTED_EDGE('',*,*,#3923,.F.);
#2247=ORIENTED_EDGE('',*,*,#3924,.F.);
#2248=ORIENTED_EDGE('',*,*,#3925,.F.);
#2249=ORIENTED_EDGE('',*,*,#3926,.F.);
#2250=ORIENTED_EDGE('',*,*,#3925,.T.);
#2251=ORIENTED_EDGE('',*,*,#3927,.F.);
#2252=ORIENTED_EDGE('',*,*,#3555,.T.);
#2253=ORIENTED_EDGE('',*,*,#3928,.F.);
#2254=ORIENTED_EDGE('',*,*,#3326,.T.);
#2255=ORIENTED_EDGE('',*,*,#3929,.F.);
#2256=ORIENTED_EDGE('',*,*,#3325,.T.);
#2257=ORIENTED_EDGE('',*,*,#3930,.F.);
#2258=ORIENTED_EDGE('',*,*,#3924,.T.);
#2259=ORIENTED_EDGE('',*,*,#3931,.F.);
#2260=ORIENTED_EDGE('',*,*,#3923,.T.);
#2261=ORIENTED_EDGE('',*,*,#3932,.F.);
#2262=ORIENTED_EDGE('',*,*,#3922,.T.);
#2263=ORIENTED_EDGE('',*,*,#3933,.F.);
#2264=ORIENTED_EDGE('',*,*,#3921,.T.);
#2265=ORIENTED_EDGE('',*,*,#3934,.F.);
#2266=ORIENTED_EDGE('',*,*,#3920,.T.);
#2267=ORIENTED_EDGE('',*,*,#3935,.F.);
#2268=ORIENTED_EDGE('',*,*,#3919,.T.);
#2269=ORIENTED_EDGE('',*,*,#3936,.F.);
#2270=ORIENTED_EDGE('',*,*,#3918,.T.);
#2271=ORIENTED_EDGE('',*,*,#3937,.F.);
#2272=ORIENTED_EDGE('',*,*,#3287,.T.);
#2273=ORIENTED_EDGE('',*,*,#3938,.F.);
#2274=ORIENTED_EDGE('',*,*,#3300,.T.);
#2275=ORIENTED_EDGE('',*,*,#3939,.F.);
#2276=ORIENTED_EDGE('',*,*,#3306,.T.);
#2277=ORIENTED_EDGE('',*,*,#3940,.F.);
#2278=ORIENTED_EDGE('',*,*,#3305,.T.);
#2279=ORIENTED_EDGE('',*,*,#3941,.F.);
#2280=ORIENTED_EDGE('',*,*,#3556,.T.);
#2281=ORIENTED_EDGE('',*,*,#3942,.F.);
#2282=ORIENTED_EDGE('',*,*,#3299,.T.);
#2283=ORIENTED_EDGE('',*,*,#3943,.F.);
#2284=ORIENTED_EDGE('',*,*,#3294,.T.);
#2285=ORIENTED_EDGE('',*,*,#3944,.F.);
#2286=ORIENTED_EDGE('',*,*,#3293,.T.);
#2287=ORIENTED_EDGE('',*,*,#3945,.F.);
#2288=ORIENTED_EDGE('',*,*,#3288,.T.);
#2289=ORIENTED_EDGE('',*,*,#3946,.T.);
#2290=ORIENTED_EDGE('',*,*,#3460,.F.);
#2291=ORIENTED_EDGE('',*,*,#3945,.T.);
#2292=ORIENTED_EDGE('',*,*,#3946,.F.);
#2293=ORIENTED_EDGE('',*,*,#3947,.T.);
#2294=ORIENTED_EDGE('',*,*,#3461,.F.);
#2295=ORIENTED_EDGE('',*,*,#3944,.T.);
#2296=ORIENTED_EDGE('',*,*,#3947,.F.);
#2297=ORIENTED_EDGE('',*,*,#3948,.T.);
#2298=ORIENTED_EDGE('',*,*,#3457,.F.);
#2299=ORIENTED_EDGE('',*,*,#3943,.T.);
#2300=ORIENTED_EDGE('',*,*,#3948,.F.);
#2301=ORIENTED_EDGE('',*,*,#3949,.T.);
#2302=ORIENTED_EDGE('',*,*,#3456,.F.);
#2303=ORIENTED_EDGE('',*,*,#3942,.T.);
#2304=ORIENTED_EDGE('',*,*,#3949,.F.);
#2305=ORIENTED_EDGE('',*,*,#3950,.T.);
#2306=ORIENTED_EDGE('',*,*,#3458,.F.);
#2307=ORIENTED_EDGE('',*,*,#3941,.T.);
#2308=ORIENTED_EDGE('',*,*,#3950,.F.);
#2309=ORIENTED_EDGE('',*,*,#3951,.T.);
#2310=ORIENTED_EDGE('',*,*,#3450,.F.);
#2311=ORIENTED_EDGE('',*,*,#3940,.T.);
#2312=ORIENTED_EDGE('',*,*,#3951,.F.);
#2313=ORIENTED_EDGE('',*,*,#3952,.T.);
#2314=ORIENTED_EDGE('',*,*,#3454,.F.);
#2315=ORIENTED_EDGE('',*,*,#3939,.T.);
#2316=ORIENTED_EDGE('',*,*,#3952,.F.);
#2317=ORIENTED_EDGE('',*,*,#3953,.T.);
#2318=ORIENTED_EDGE('',*,*,#3455,.F.);
#2319=ORIENTED_EDGE('',*,*,#3938,.T.);
#2320=ORIENTED_EDGE('',*,*,#3953,.F.);
#2321=ORIENTED_EDGE('',*,*,#3954,.T.);
#2322=ORIENTED_EDGE('',*,*,#3459,.F.);
#2323=ORIENTED_EDGE('',*,*,#3937,.T.);
#2324=ORIENTED_EDGE('',*,*,#3954,.F.);
#2325=ORIENTED_EDGE('',*,*,#3955,.T.);
#2326=ORIENTED_EDGE('',*,*,#3449,.F.);
#2327=ORIENTED_EDGE('',*,*,#3936,.T.);
#2328=ORIENTED_EDGE('',*,*,#3955,.F.);
#2329=ORIENTED_EDGE('',*,*,#3956,.T.);
#2330=ORIENTED_EDGE('',*,*,#3448,.F.);
#2331=ORIENTED_EDGE('',*,*,#3935,.T.);
#2332=ORIENTED_EDGE('',*,*,#3956,.F.);
#2333=ORIENTED_EDGE('',*,*,#3957,.T.);
#2334=ORIENTED_EDGE('',*,*,#3447,.F.);
#2335=ORIENTED_EDGE('',*,*,#3934,.T.);
#2336=ORIENTED_EDGE('',*,*,#3957,.F.);
#2337=ORIENTED_EDGE('',*,*,#3958,.T.);
#2338=ORIENTED_EDGE('',*,*,#3451,.F.);
#2339=ORIENTED_EDGE('',*,*,#3933,.T.);
#2340=ORIENTED_EDGE('',*,*,#3958,.F.);
#2341=ORIENTED_EDGE('',*,*,#3959,.T.);
#2342=ORIENTED_EDGE('',*,*,#3452,.F.);
#2343=ORIENTED_EDGE('',*,*,#3932,.T.);
#2344=ORIENTED_EDGE('',*,*,#3959,.F.);
#2345=ORIENTED_EDGE('',*,*,#3960,.T.);
#2346=ORIENTED_EDGE('',*,*,#3453,.F.);
#2347=ORIENTED_EDGE('',*,*,#3931,.T.);
#2348=ORIENTED_EDGE('',*,*,#3960,.F.);
#2349=ORIENTED_EDGE('',*,*,#3961,.T.);
#2350=ORIENTED_EDGE('',*,*,#3479,.F.);
#2351=ORIENTED_EDGE('',*,*,#3962,.T.);
#2352=ORIENTED_EDGE('',*,*,#3930,.T.);
#2353=ORIENTED_EDGE('',*,*,#3961,.F.);
#2354=ORIENTED_EDGE('',*,*,#3963,.T.);
#2355=ORIENTED_EDGE('',*,*,#3444,.F.);
#2356=ORIENTED_EDGE('',*,*,#3929,.T.);
#2357=ORIENTED_EDGE('',*,*,#3963,.F.);
#2358=ORIENTED_EDGE('',*,*,#3964,.T.);
#2359=ORIENTED_EDGE('',*,*,#3446,.F.);
#2360=ORIENTED_EDGE('',*,*,#3928,.T.);
#2361=ORIENTED_EDGE('',*,*,#3964,.F.);
#2362=ORIENTED_EDGE('',*,*,#3965,.T.);
#2363=ORIENTED_EDGE('',*,*,#3445,.F.);
#2364=ORIENTED_EDGE('',*,*,#3927,.T.);
#2365=ORIENTED_EDGE('',*,*,#3965,.F.);
#2366=ORIENTED_EDGE('',*,*,#3966,.T.);
#2367=ORIENTED_EDGE('',*,*,#3482,.F.);
#2368=ORIENTED_EDGE('',*,*,#3967,.T.);
#2369=ORIENTED_EDGE('',*,*,#3926,.T.);
#2370=ORIENTED_EDGE('',*,*,#3966,.F.);
#2371=ORIENTED_EDGE('',*,*,#3876,.T.);
#2372=ORIENTED_EDGE('',*,*,#3636,.F.);
#2373=ORIENTED_EDGE('',*,*,#3640,.T.);
#2374=ORIENTED_EDGE('',*,*,#3885,.T.);
#2375=ORIENTED_EDGE('',*,*,#3879,.F.);
#2376=ORIENTED_EDGE('',*,*,#3833,.F.);
#2377=ORIENTED_EDGE('',*,*,#3435,.T.);
#2378=ORIENTED_EDGE('',*,*,#3803,.F.);
#2379=ORIENTED_EDGE('',*,*,#3783,.F.);
#2380=ORIENTED_EDGE('',*,*,#3802,.T.);
#2381=ORIENTED_EDGE('',*,*,#3814,.T.);
#2382=ORIENTED_EDGE('',*,*,#3433,.F.);
#2383=ORIENTED_EDGE('',*,*,#3799,.T.);
#2384=ORIENTED_EDGE('',*,*,#3781,.F.);
#2385=ORIENTED_EDGE('',*,*,#3968,.F.);
#2386=ORIENTED_EDGE('',*,*,#3969,.T.);
#2387=ORIENTED_EDGE('',*,*,#3800,.F.);
#2388=ORIENTED_EDGE('',*,*,#3969,.F.);
#2389=ORIENTED_EDGE('',*,*,#3970,.T.);
#2390=ORIENTED_EDGE('',*,*,#3539,.T.);
#2391=ORIENTED_EDGE('',*,*,#3968,.T.);
#2392=ORIENTED_EDGE('',*,*,#3780,.F.);
#2393=ORIENTED_EDGE('',*,*,#3540,.F.);
#2394=ORIENTED_EDGE('',*,*,#3970,.F.);
#2395=ORIENTED_EDGE('',*,*,#3878,.F.);
#2396=ORIENTED_EDGE('',*,*,#3971,.F.);
#2397=ORIENTED_EDGE('',*,*,#3972,.T.);
#2398=ORIENTED_EDGE('',*,*,#3835,.T.);
#2399=ORIENTED_EDGE('',*,*,#3877,.T.);
#2400=ORIENTED_EDGE('',*,*,#3545,.F.);
#2401=ORIENTED_EDGE('',*,*,#3973,.F.);
#2402=ORIENTED_EDGE('',*,*,#3971,.T.);
#2403=ORIENTED_EDGE('',*,*,#3972,.F.);
#2404=ORIENTED_EDGE('',*,*,#3973,.T.);
#2405=ORIENTED_EDGE('',*,*,#3544,.T.);
#2406=ORIENTED_EDGE('',*,*,#3836,.T.);
#2407=ORIENTED_EDGE('',*,*,#3804,.T.);
#2408=ORIENTED_EDGE('',*,*,#3626,.F.);
#2409=ORIENTED_EDGE('',*,*,#3630,.T.);
#2410=ORIENTED_EDGE('',*,*,#3816,.T.);
#2411=ORIENTED_EDGE('',*,*,#3807,.F.);
#2412=ORIENTED_EDGE('',*,*,#3784,.F.);
#2413=ORIENTED_EDGE('',*,*,#3425,.T.);
#2414=ORIENTED_EDGE('',*,*,#3759,.F.);
#2415=ORIENTED_EDGE('',*,*,#3741,.F.);
#2416=ORIENTED_EDGE('',*,*,#3758,.T.);
#2417=ORIENTED_EDGE('',*,*,#3764,.T.);
#2418=ORIENTED_EDGE('',*,*,#3423,.F.);
#2419=ORIENTED_EDGE('',*,*,#3755,.T.);
#2420=ORIENTED_EDGE('',*,*,#3739,.F.);
#2421=ORIENTED_EDGE('',*,*,#3974,.F.);
#2422=ORIENTED_EDGE('',*,*,#3975,.T.);
#2423=ORIENTED_EDGE('',*,*,#3976,.T.);
#2424=ORIENTED_EDGE('',*,*,#3977,.T.);
#2425=ORIENTED_EDGE('',*,*,#3525,.T.);
#2426=ORIENTED_EDGE('',*,*,#3756,.F.);
#2427=ORIENTED_EDGE('',*,*,#3975,.F.);
#2428=ORIENTED_EDGE('',*,*,#3738,.F.);
#2429=ORIENTED_EDGE('',*,*,#3978,.T.);
#2430=ORIENTED_EDGE('',*,*,#3976,.F.);
#2431=ORIENTED_EDGE('',*,*,#3974,.T.);
#2432=ORIENTED_EDGE('',*,*,#3806,.F.);
#2433=ORIENTED_EDGE('',*,*,#3979,.F.);
#2434=ORIENTED_EDGE('',*,*,#3980,.T.);
#2435=ORIENTED_EDGE('',*,*,#3786,.T.);
#2436=ORIENTED_EDGE('',*,*,#3805,.T.);
#2437=ORIENTED_EDGE('',*,*,#3981,.T.);
#2438=ORIENTED_EDGE('',*,*,#3982,.F.);
#2439=ORIENTED_EDGE('',*,*,#3979,.T.);
#2440=ORIENTED_EDGE('',*,*,#3980,.F.);
#2441=ORIENTED_EDGE('',*,*,#3982,.T.);
#2442=ORIENTED_EDGE('',*,*,#3983,.T.);
#2443=ORIENTED_EDGE('',*,*,#3787,.T.);
#2444=ORIENTED_EDGE('',*,*,#3621,.T.);
#2445=ORIENTED_EDGE('',*,*,#3599,.T.);
#2446=ORIENTED_EDGE('',*,*,#3767,.T.);
#2447=ORIENTED_EDGE('',*,*,#3603,.F.);
#2448=ORIENTED_EDGE('',*,*,#3742,.F.);
#2449=ORIENTED_EDGE('',*,*,#3618,.F.);
#2450=ORIENTED_EDGE('',*,*,#3610,.T.);
#2451=ORIENTED_EDGE('',*,*,#3723,.T.);
#2452=ORIENTED_EDGE('',*,*,#3413,.F.);
#2453=ORIENTED_EDGE('',*,*,#3692,.F.);
#2454=ORIENTED_EDGE('',*,*,#3415,.T.);
#2455=ORIENTED_EDGE('',*,*,#3605,.F.);
#2456=ORIENTED_EDGE('',*,*,#3606,.T.);
#2457=ORIENTED_EDGE('',*,*,#3695,.F.);
#2458=ORIENTED_EDGE('',*,*,#3984,.F.);
#2459=ORIENTED_EDGE('',*,*,#3985,.T.);
#2460=ORIENTED_EDGE('',*,*,#3607,.F.);
#2461=ORIENTED_EDGE('',*,*,#3985,.F.);
#2462=ORIENTED_EDGE('',*,*,#3986,.T.);
#2463=ORIENTED_EDGE('',*,*,#3987,.T.);
#2464=ORIENTED_EDGE('',*,*,#3701,.T.);
#2465=ORIENTED_EDGE('',*,*,#3984,.T.);
#2466=ORIENTED_EDGE('',*,*,#3694,.T.);
#2467=ORIENTED_EDGE('',*,*,#3988,.T.);
#2468=ORIENTED_EDGE('',*,*,#3986,.F.);
#2469=ORIENTED_EDGE('',*,*,#3601,.F.);
#2470=ORIENTED_EDGE('',*,*,#3989,.F.);
#2471=ORIENTED_EDGE('',*,*,#3990,.T.);
#2472=ORIENTED_EDGE('',*,*,#3743,.T.);
#2473=ORIENTED_EDGE('',*,*,#3600,.T.);
#2474=ORIENTED_EDGE('',*,*,#3379,.F.);
#2475=ORIENTED_EDGE('',*,*,#3991,.T.);
#2476=ORIENTED_EDGE('',*,*,#3992,.F.);
#2477=ORIENTED_EDGE('',*,*,#3989,.T.);
#2478=ORIENTED_EDGE('',*,*,#3990,.F.);
#2479=ORIENTED_EDGE('',*,*,#3992,.T.);
#2480=ORIENTED_EDGE('',*,*,#3993,.T.);
#2481=ORIENTED_EDGE('',*,*,#3744,.F.);
#2482=ORIENTED_EDGE('',*,*,#3704,.T.);
#2483=ORIENTED_EDGE('',*,*,#3593,.F.);
#2484=ORIENTED_EDGE('',*,*,#3597,.T.);
#2485=ORIENTED_EDGE('',*,*,#3726,.T.);
#2486=ORIENTED_EDGE('',*,*,#3707,.F.);
#2487=ORIENTED_EDGE('',*,*,#3698,.F.);
#2488=ORIENTED_EDGE('',*,*,#3592,.T.);
#2489=ORIENTED_EDGE('',*,*,#3668,.F.);
#2490=ORIENTED_EDGE('',*,*,#3645,.F.);
#2491=ORIENTED_EDGE('',*,*,#3667,.T.);
#2492=ORIENTED_EDGE('',*,*,#3684,.T.);
#2493=ORIENTED_EDGE('',*,*,#3590,.F.);
#2494=ORIENTED_EDGE('',*,*,#3664,.T.);
#2495=ORIENTED_EDGE('',*,*,#3643,.F.);
#2496=ORIENTED_EDGE('',*,*,#3994,.F.);
#2497=ORIENTED_EDGE('',*,*,#3995,.T.);
#2498=ORIENTED_EDGE('',*,*,#3665,.T.);
#2499=ORIENTED_EDGE('',*,*,#3995,.F.);
#2500=ORIENTED_EDGE('',*,*,#3996,.F.);
#2501=ORIENTED_EDGE('',*,*,#3513,.T.);
#2502=ORIENTED_EDGE('',*,*,#3994,.T.);
#2503=ORIENTED_EDGE('',*,*,#3642,.F.);
#2504=ORIENTED_EDGE('',*,*,#3514,.F.);
#2505=ORIENTED_EDGE('',*,*,#3996,.T.);
#2506=ORIENTED_EDGE('',*,*,#3706,.F.);
#2507=ORIENTED_EDGE('',*,*,#3997,.F.);
#2508=ORIENTED_EDGE('',*,*,#3998,.T.);
#2509=ORIENTED_EDGE('',*,*,#3700,.T.);
#2510=ORIENTED_EDGE('',*,*,#3383,.F.);
#2511=ORIENTED_EDGE('',*,*,#3999,.T.);
#2512=ORIENTED_EDGE('',*,*,#4000,.T.);
#2513=ORIENTED_EDGE('',*,*,#3997,.T.);
#2514=ORIENTED_EDGE('',*,*,#3705,.F.);
#2515=ORIENTED_EDGE('',*,*,#4000,.F.);
#2516=ORIENTED_EDGE('',*,*,#4001,.T.);
#2517=ORIENTED_EDGE('',*,*,#3696,.T.);
#2518=ORIENTED_EDGE('',*,*,#3998,.F.);
#2519=ORIENTED_EDGE('',*,*,#3401,.T.);
#2520=ORIENTED_EDGE('',*,*,#3857,.F.);
#2521=ORIENTED_EDGE('',*,*,#3832,.F.);
#2522=ORIENTED_EDGE('',*,*,#3856,.T.);
#2523=ORIENTED_EDGE('',*,*,#3897,.T.);
#2524=ORIENTED_EDGE('',*,*,#3399,.F.);
#2525=ORIENTED_EDGE('',*,*,#3669,.T.);
#2526=ORIENTED_EDGE('',*,*,#3390,.F.);
#2527=ORIENTED_EDGE('',*,*,#3394,.T.);
#2528=ORIENTED_EDGE('',*,*,#3676,.T.);
#2529=ORIENTED_EDGE('',*,*,#3672,.F.);
#2530=ORIENTED_EDGE('',*,*,#3646,.F.);
#2531=ORIENTED_EDGE('',*,*,#3853,.T.);
#2532=ORIENTED_EDGE('',*,*,#3830,.F.);
#2533=ORIENTED_EDGE('',*,*,#4002,.F.);
#2534=ORIENTED_EDGE('',*,*,#4003,.T.);
#2535=ORIENTED_EDGE('',*,*,#3854,.T.);
#2536=ORIENTED_EDGE('',*,*,#4003,.F.);
#2537=ORIENTED_EDGE('',*,*,#4004,.F.);
#2538=ORIENTED_EDGE('',*,*,#3563,.T.);
#2539=ORIENTED_EDGE('',*,*,#4002,.T.);
#2540=ORIENTED_EDGE('',*,*,#3829,.F.);
#2541=ORIENTED_EDGE('',*,*,#3564,.F.);
#2542=ORIENTED_EDGE('',*,*,#4004,.T.);
#2543=ORIENTED_EDGE('',*,*,#3671,.F.);
#2544=ORIENTED_EDGE('',*,*,#4005,.F.);
#2545=ORIENTED_EDGE('',*,*,#4006,.T.);
#2546=ORIENTED_EDGE('',*,*,#3648,.T.);
#2547=ORIENTED_EDGE('',*,*,#3670,.F.);
#2548=ORIENTED_EDGE('',*,*,#3569,.F.);
#2549=ORIENTED_EDGE('',*,*,#4007,.T.);
#2550=ORIENTED_EDGE('',*,*,#4005,.T.);
#2551=ORIENTED_EDGE('',*,*,#4006,.F.);
#2552=ORIENTED_EDGE('',*,*,#4007,.F.);
#2553=ORIENTED_EDGE('',*,*,#3568,.T.);
#2554=ORIENTED_EDGE('',*,*,#3649,.T.);
#2555=ORIENTED_EDGE('',*,*,#3485,.F.);
#2556=ORIENTED_EDGE('',*,*,#4008,.T.);
#2557=ORIENTED_EDGE('',*,*,#3837,.F.);
#2558=ORIENTED_EDGE('',*,*,#3910,.T.);
#2559=ORIENTED_EDGE('',*,*,#3653,.T.);
#2560=ORIENTED_EDGE('',*,*,#3839,.T.);
#2561=ORIENTED_EDGE('',*,*,#4009,.T.);
#2562=ORIENTED_EDGE('',*,*,#3487,.T.);
#2563=ORIENTED_EDGE('',*,*,#3652,.F.);
#2564=ORIENTED_EDGE('',*,*,#3314,.F.);
#2565=ORIENTED_EDGE('',*,*,#4010,.F.);
#2566=ORIENTED_EDGE('',*,*,#4011,.F.);
#2567=ORIENTED_EDGE('',*,*,#4012,.T.);
#2568=ORIENTED_EDGE('',*,*,#3289,.F.);
#2569=ORIENTED_EDGE('',*,*,#4013,.F.);
#2570=ORIENTED_EDGE('',*,*,#4014,.F.);
#2571=ORIENTED_EDGE('',*,*,#4015,.T.);
#2572=ORIENTED_EDGE('',*,*,#3295,.F.);
#2573=ORIENTED_EDGE('',*,*,#4016,.F.);
#2574=ORIENTED_EDGE('',*,*,#4017,.F.);
#2575=ORIENTED_EDGE('',*,*,#4018,.T.);
#2576=ORIENTED_EDGE('',*,*,#3301,.F.);
#2577=ORIENTED_EDGE('',*,*,#4019,.F.);
#2578=ORIENTED_EDGE('',*,*,#4020,.F.);
#2579=ORIENTED_EDGE('',*,*,#4021,.T.);
#2580=ORIENTED_EDGE('',*,*,#3307,.F.);
#2581=ORIENTED_EDGE('',*,*,#4022,.F.);
#2582=ORIENTED_EDGE('',*,*,#4023,.F.);
#2583=ORIENTED_EDGE('',*,*,#4024,.T.);
#2584=ORIENTED_EDGE('',*,*,#3324,.F.);
#2585=ORIENTED_EDGE('',*,*,#4025,.T.);
#2586=ORIENTED_EDGE('',*,*,#3441,.T.);
#2587=ORIENTED_EDGE('',*,*,#4026,.F.);
#2588=ORIENTED_EDGE('',*,*,#3332,.F.);
#2589=ORIENTED_EDGE('',*,*,#4026,.T.);
#2590=ORIENTED_EDGE('',*,*,#3440,.T.);
#2591=ORIENTED_EDGE('',*,*,#4027,.F.);
#2592=ORIENTED_EDGE('',*,*,#3333,.F.);
#2593=ORIENTED_EDGE('',*,*,#3334,.T.);
#2594=ORIENTED_EDGE('',*,*,#4027,.T.);
#2595=ORIENTED_EDGE('',*,*,#3443,.F.);
#2596=ORIENTED_EDGE('',*,*,#4028,.F.);
#2597=ORIENTED_EDGE('',*,*,#3331,.T.);
#2598=ORIENTED_EDGE('',*,*,#4029,.F.);
#2599=ORIENTED_EDGE('',*,*,#4030,.T.);
#2600=ORIENTED_EDGE('',*,*,#4031,.T.);
#2601=ORIENTED_EDGE('',*,*,#3554,.T.);
#2602=ORIENTED_EDGE('',*,*,#4032,.F.);
#2603=ORIENTED_EDGE('',*,*,#4033,.T.);
#2604=ORIENTED_EDGE('',*,*,#4034,.T.);
#2605=ORIENTED_EDGE('',*,*,#3327,.T.);
#2606=ORIENTED_EDGE('',*,*,#4028,.T.);
#2607=ORIENTED_EDGE('',*,*,#3442,.F.);
#2608=ORIENTED_EDGE('',*,*,#4025,.F.);
#2609=ORIENTED_EDGE('',*,*,#4035,.F.);
#2610=ORIENTED_EDGE('',*,*,#3359,.T.);
#2611=ORIENTED_EDGE('',*,*,#4036,.F.);
#2612=ORIENTED_EDGE('',*,*,#4037,.T.);
#2613=ORIENTED_EDGE('',*,*,#4038,.T.);
#2614=ORIENTED_EDGE('',*,*,#4039,.T.);
#2615=ORIENTED_EDGE('',*,*,#4040,.F.);
#2616=ORIENTED_EDGE('',*,*,#4041,.T.);
#2617=ORIENTED_EDGE('',*,*,#4042,.T.);
#2618=ORIENTED_EDGE('',*,*,#4043,.T.);
#2619=ORIENTED_EDGE('',*,*,#4044,.T.);
#2620=ORIENTED_EDGE('',*,*,#4045,.T.);
#2621=ORIENTED_EDGE('',*,*,#4046,.F.);
#2622=ORIENTED_EDGE('',*,*,#4047,.T.);
#2623=ORIENTED_EDGE('',*,*,#4048,.T.);
#2624=ORIENTED_EDGE('',*,*,#3350,.T.);
#2625=ORIENTED_EDGE('',*,*,#4049,.T.);
#2626=ORIENTED_EDGE('',*,*,#4050,.T.);
#2627=ORIENTED_EDGE('',*,*,#4051,.T.);
#2628=ORIENTED_EDGE('',*,*,#3352,.T.);
#2629=ORIENTED_EDGE('',*,*,#4052,.T.);
#2630=ORIENTED_EDGE('',*,*,#4053,.T.);
#2631=ORIENTED_EDGE('',*,*,#4054,.F.);
#2632=ORIENTED_EDGE('',*,*,#4055,.T.);
#2633=ORIENTED_EDGE('',*,*,#4056,.T.);
#2634=ORIENTED_EDGE('',*,*,#4057,.T.);
#2635=ORIENTED_EDGE('',*,*,#4058,.T.);
#2636=ORIENTED_EDGE('',*,*,#4059,.T.);
#2637=ORIENTED_EDGE('',*,*,#3371,.T.);
#2638=ORIENTED_EDGE('',*,*,#4060,.T.);
#2639=ORIENTED_EDGE('',*,*,#3524,.T.);
#2640=ORIENTED_EDGE('',*,*,#4061,.T.);
#2641=ORIENTED_EDGE('',*,*,#4062,.T.);
#2642=ORIENTED_EDGE('',*,*,#4063,.T.);
#2643=ORIENTED_EDGE('',*,*,#4064,.T.);
#2644=ORIENTED_EDGE('',*,*,#4065,.T.);
#2645=ORIENTED_EDGE('',*,*,#4066,.T.);
#2646=ORIENTED_EDGE('',*,*,#3578,.T.);
#2647=ORIENTED_EDGE('',*,*,#4067,.F.);
#2648=ORIENTED_EDGE('',*,*,#3691,.T.);
#2649=ORIENTED_EDGE('',*,*,#4067,.T.);
#2650=ORIENTED_EDGE('',*,*,#3736,.T.);
#2651=ORIENTED_EDGE('',*,*,#3360,.T.);
#2652=ORIENTED_EDGE('',*,*,#3779,.T.);
#2653=ORIENTED_EDGE('',*,*,#3339,.T.);
#2654=ORIENTED_EDGE('',*,*,#3828,.T.);
#2655=ORIENTED_EDGE('',*,*,#3338,.T.);
#2656=ORIENTED_EDGE('',*,*,#3908,.T.);
#2657=ORIENTED_EDGE('',*,*,#3370,.T.);
#2658=ORIENTED_EDGE('',*,*,#4062,.F.);
#2659=ORIENTED_EDGE('',*,*,#4068,.T.);
#2660=ORIENTED_EDGE('',*,*,#3508,.F.);
#2661=ORIENTED_EDGE('',*,*,#4069,.T.);
#2662=ORIENTED_EDGE('',*,*,#4066,.F.);
#2663=ORIENTED_EDGE('',*,*,#4070,.T.);
#2664=ORIENTED_EDGE('',*,*,#4071,.F.);
#2665=ORIENTED_EDGE('',*,*,#3335,.T.);
#2666=ORIENTED_EDGE('',*,*,#3340,.F.);
#2667=ORIENTED_EDGE('',*,*,#3505,.T.);
#2668=ORIENTED_EDGE('',*,*,#4072,.T.);
#2669=ORIENTED_EDGE('',*,*,#4054,.T.);
#2670=ORIENTED_EDGE('',*,*,#4073,.T.);
#2671=ORIENTED_EDGE('',*,*,#4074,.T.);
#2672=ORIENTED_EDGE('',*,*,#4075,.T.);
#2673=ORIENTED_EDGE('',*,*,#4046,.T.);
#2674=ORIENTED_EDGE('',*,*,#3349,.F.);
#2675=ORIENTED_EDGE('',*,*,#4076,.T.);
#2676=ORIENTED_EDGE('',*,*,#4077,.T.);
#2677=ORIENTED_EDGE('',*,*,#4078,.T.);
#2678=ORIENTED_EDGE('',*,*,#4040,.T.);
#2679=ORIENTED_EDGE('',*,*,#4079,.T.);
#2680=ORIENTED_EDGE('',*,*,#3367,.F.);
#2681=ORIENTED_EDGE('',*,*,#3502,.T.);
#2682=ORIENTED_EDGE('',*,*,#3496,.T.);
#2683=ORIENTED_EDGE('',*,*,#4080,.T.);
#2684=ORIENTED_EDGE('',*,*,#4036,.T.);
#2685=ORIENTED_EDGE('',*,*,#3358,.F.);
#2686=ORIENTED_EDGE('',*,*,#4081,.T.);
#2687=ORIENTED_EDGE('',*,*,#3906,.T.);
#2688=ORIENTED_EDGE('',*,*,#4082,.T.);
#2689=ORIENTED_EDGE('',*,*,#3887,.T.);
#2690=ORIENTED_EDGE('',*,*,#4083,.F.);
#2691=ORIENTED_EDGE('',*,*,#3907,.T.);
#2692=ORIENTED_EDGE('',*,*,#4083,.T.);
#2693=ORIENTED_EDGE('',*,*,#3886,.T.);
#2694=ORIENTED_EDGE('',*,*,#3638,.F.);
#2695=ORIENTED_EDGE('',*,*,#3888,.T.);
#2696=ORIENTED_EDGE('',*,*,#4082,.F.);
#2697=ORIENTED_EDGE('',*,*,#3905,.T.);
#2698=ORIENTED_EDGE('',*,*,#3437,.F.);
#2699=ORIENTED_EDGE('',*,*,#3689,.T.);
#2700=ORIENTED_EDGE('',*,*,#4084,.T.);
#2701=ORIENTED_EDGE('',*,*,#3895,.T.);
#2702=ORIENTED_EDGE('',*,*,#4085,.F.);
#2703=ORIENTED_EDGE('',*,*,#3583,.T.);
#2704=ORIENTED_EDGE('',*,*,#3690,.T.);
#2705=ORIENTED_EDGE('',*,*,#4085,.T.);
#2706=ORIENTED_EDGE('',*,*,#3894,.T.);
#2707=ORIENTED_EDGE('',*,*,#3396,.T.);
#2708=ORIENTED_EDGE('',*,*,#3896,.T.);
#2709=ORIENTED_EDGE('',*,*,#4084,.F.);
#2710=ORIENTED_EDGE('',*,*,#3688,.T.);
#2711=ORIENTED_EDGE('',*,*,#3632,.T.);
#2712=ORIENTED_EDGE('',*,*,#3904,.T.);
#2713=ORIENTED_EDGE('',*,*,#4086,.T.);
#2714=ORIENTED_EDGE('',*,*,#3811,.T.);
#2715=ORIENTED_EDGE('',*,*,#3903,.T.);
#2716=ORIENTED_EDGE('',*,*,#4087,.T.);
#2717=ORIENTED_EDGE('',*,*,#3812,.T.);
#2718=ORIENTED_EDGE('',*,*,#4086,.F.);
#2719=ORIENTED_EDGE('',*,*,#3430,.T.);
#2720=ORIENTED_EDGE('',*,*,#3813,.T.);
#2721=ORIENTED_EDGE('',*,*,#4087,.F.);
#2722=ORIENTED_EDGE('',*,*,#3902,.T.);
#2723=ORIENTED_EDGE('',*,*,#3826,.T.);
#2724=ORIENTED_EDGE('',*,*,#4088,.T.);
#2725=ORIENTED_EDGE('',*,*,#3818,.T.);
#2726=ORIENTED_EDGE('',*,*,#4089,.F.);
#2727=ORIENTED_EDGE('',*,*,#3827,.T.);
#2728=ORIENTED_EDGE('',*,*,#4089,.T.);
#2729=ORIENTED_EDGE('',*,*,#3817,.T.);
#2730=ORIENTED_EDGE('',*,*,#3628,.F.);
#2731=ORIENTED_EDGE('',*,*,#3819,.T.);
#2732=ORIENTED_EDGE('',*,*,#4088,.F.);
#2733=ORIENTED_EDGE('',*,*,#3825,.T.);
#2734=ORIENTED_EDGE('',*,*,#3427,.F.);
#2735=ORIENTED_EDGE('',*,*,#3622,.T.);
#2736=ORIENTED_EDGE('',*,*,#3823,.T.);
#2737=ORIENTED_EDGE('',*,*,#4090,.T.);
#2738=ORIENTED_EDGE('',*,*,#3761,.T.);
#2739=ORIENTED_EDGE('',*,*,#3822,.T.);
#2740=ORIENTED_EDGE('',*,*,#4091,.T.);
#2741=ORIENTED_EDGE('',*,*,#3762,.T.);
#2742=ORIENTED_EDGE('',*,*,#4090,.F.);
#2743=ORIENTED_EDGE('',*,*,#3420,.T.);
#2744=ORIENTED_EDGE('',*,*,#3763,.T.);
#2745=ORIENTED_EDGE('',*,*,#4091,.F.);
#2746=ORIENTED_EDGE('',*,*,#3821,.T.);
#2747=ORIENTED_EDGE('',*,*,#3777,.T.);
#2748=ORIENTED_EDGE('',*,*,#4092,.T.);
#2749=ORIENTED_EDGE('',*,*,#3769,.T.);
#2750=ORIENTED_EDGE('',*,*,#4093,.F.);
#2751=ORIENTED_EDGE('',*,*,#3616,.T.);
#2752=ORIENTED_EDGE('',*,*,#3778,.T.);
#2753=ORIENTED_EDGE('',*,*,#4093,.T.);
#2754=ORIENTED_EDGE('',*,*,#3768,.T.);
#2755=ORIENTED_EDGE('',*,*,#3416,.T.);
#2756=ORIENTED_EDGE('',*,*,#3770,.T.);
#2757=ORIENTED_EDGE('',*,*,#4092,.F.);
#2758=ORIENTED_EDGE('',*,*,#3776,.T.);
#2759=ORIENTED_EDGE('',*,*,#3612,.T.);
#2760=ORIENTED_EDGE('',*,*,#3774,.T.);
#2761=ORIENTED_EDGE('',*,*,#4094,.T.);
#2762=ORIENTED_EDGE('',*,*,#3720,.T.);
#2763=ORIENTED_EDGE('',*,*,#3773,.T.);
#2764=ORIENTED_EDGE('',*,*,#4095,.T.);
#2765=ORIENTED_EDGE('',*,*,#3721,.T.);
#2766=ORIENTED_EDGE('',*,*,#4094,.F.);
#2767=ORIENTED_EDGE('',*,*,#3410,.T.);
#2768=ORIENTED_EDGE('',*,*,#3722,.T.);
#2769=ORIENTED_EDGE('',*,*,#4095,.F.);
#2770=ORIENTED_EDGE('',*,*,#3772,.T.);
#2771=ORIENTED_EDGE('',*,*,#3734,.T.);
#2772=ORIENTED_EDGE('',*,*,#4096,.T.);
#2773=ORIENTED_EDGE('',*,*,#3728,.T.);
#2774=ORIENTED_EDGE('',*,*,#4097,.F.);
#2775=ORIENTED_EDGE('',*,*,#3735,.T.);
#2776=ORIENTED_EDGE('',*,*,#4097,.T.);
#2777=ORIENTED_EDGE('',*,*,#3727,.T.);
#2778=ORIENTED_EDGE('',*,*,#3595,.F.);
#2779=ORIENTED_EDGE('',*,*,#3729,.T.);
#2780=ORIENTED_EDGE('',*,*,#4096,.F.);
#2781=ORIENTED_EDGE('',*,*,#3733,.T.);
#2782=ORIENTED_EDGE('',*,*,#3407,.F.);
#2783=ORIENTED_EDGE('',*,*,#3731,.T.);
#2784=ORIENTED_EDGE('',*,*,#4098,.T.);
#2785=ORIENTED_EDGE('',*,*,#3682,.T.);
#2786=ORIENTED_EDGE('',*,*,#4099,.F.);
#2787=ORIENTED_EDGE('',*,*,#3587,.T.);
#2788=ORIENTED_EDGE('',*,*,#3683,.T.);
#2789=ORIENTED_EDGE('',*,*,#4098,.F.);
#2790=ORIENTED_EDGE('',*,*,#3730,.T.);
#2791=ORIENTED_EDGE('',*,*,#3402,.T.);
#2792=ORIENTED_EDGE('',*,*,#3732,.T.);
#2793=ORIENTED_EDGE('',*,*,#4099,.T.);
#2794=ORIENTED_EDGE('',*,*,#3681,.T.);
#2795=ORIENTED_EDGE('',*,*,#3687,.T.);
#2796=ORIENTED_EDGE('',*,*,#4100,.T.);
#2797=ORIENTED_EDGE('',*,*,#3677,.T.);
#2798=ORIENTED_EDGE('',*,*,#3392,.F.);
#2799=ORIENTED_EDGE('',*,*,#3679,.T.);
#2800=ORIENTED_EDGE('',*,*,#4101,.F.);
#2801=ORIENTED_EDGE('',*,*,#3685,.T.);
#2802=ORIENTED_EDGE('',*,*,#3580,.F.);
#2803=ORIENTED_EDGE('',*,*,#3686,.T.);
#2804=ORIENTED_EDGE('',*,*,#4101,.T.);
#2805=ORIENTED_EDGE('',*,*,#3678,.T.);
#2806=ORIENTED_EDGE('',*,*,#4100,.F.);
#2807=ORIENTED_EDGE('',*,*,#4051,.F.);
#2808=ORIENTED_EDGE('',*,*,#4102,.T.);
#2809=ORIENTED_EDGE('',*,*,#3503,.F.);
#2810=ORIENTED_EDGE('',*,*,#3353,.F.);
#2811=ORIENTED_EDGE('',*,*,#4058,.F.);
#2812=ORIENTED_EDGE('',*,*,#4103,.T.);
#2813=ORIENTED_EDGE('',*,*,#4052,.F.);
#2814=ORIENTED_EDGE('',*,*,#4104,.T.);
#2815=ORIENTED_EDGE('',*,*,#3498,.F.);
#2816=ORIENTED_EDGE('',*,*,#4105,.T.);
#2817=ORIENTED_EDGE('',*,*,#4056,.F.);
#2818=ORIENTED_EDGE('',*,*,#4106,.T.);
#2819=ORIENTED_EDGE('',*,*,#4048,.F.);
#2820=ORIENTED_EDGE('',*,*,#4107,.T.);
#2821=ORIENTED_EDGE('',*,*,#4049,.F.);
#2822=ORIENTED_EDGE('',*,*,#3351,.F.);
#2823=ORIENTED_EDGE('',*,*,#4077,.F.);
#2824=ORIENTED_EDGE('',*,*,#4108,.T.);
#2825=ORIENTED_EDGE('',*,*,#4042,.F.);
#2826=ORIENTED_EDGE('',*,*,#4109,.T.);
#2827=ORIENTED_EDGE('',*,*,#4044,.F.);
#2828=ORIENTED_EDGE('',*,*,#4110,.T.);
#2829=ORIENTED_EDGE('',*,*,#4038,.F.);
#2830=ORIENTED_EDGE('',*,*,#4111,.T.);
#2831=ORIENTED_EDGE('',*,*,#3891,.F.);
#2832=ORIENTED_EDGE('',*,*,#3844,.F.);
#2833=ORIENTED_EDGE('',*,*,#3320,.F.);
#2834=ORIENTED_EDGE('',*,*,#3848,.F.);
#2835=ORIENTED_EDGE('',*,*,#3868,.F.);
#2836=ORIENTED_EDGE('',*,*,#4112,.T.);
#2837=ORIENTED_EDGE('',*,*,#3873,.F.);
#2838=ORIENTED_EDGE('',*,*,#3901,.F.);
#2839=ORIENTED_EDGE('',*,*,#3890,.F.);
#2840=ORIENTED_EDGE('',*,*,#3840,.F.);
#2841=ORIENTED_EDGE('',*,*,#3322,.F.);
#2842=ORIENTED_EDGE('',*,*,#3846,.F.);
#2843=ORIENTED_EDGE('',*,*,#3893,.F.);
#2844=ORIENTED_EDGE('',*,*,#3850,.F.);
#2845=ORIENTED_EDGE('',*,*,#3316,.F.);
#2846=ORIENTED_EDGE('',*,*,#3651,.F.);
#2847=ORIENTED_EDGE('',*,*,#3892,.F.);
#2848=ORIENTED_EDGE('',*,*,#3849,.F.);
#2849=ORIENTED_EDGE('',*,*,#3318,.F.);
#2850=ORIENTED_EDGE('',*,*,#3852,.F.);
#2851=ORIENTED_EDGE('',*,*,#3864,.F.);
#2852=ORIENTED_EDGE('',*,*,#4113,.T.);
#2853=ORIENTED_EDGE('',*,*,#3866,.F.);
#2854=ORIENTED_EDGE('',*,*,#3900,.F.);
#2855=ORIENTED_EDGE('',*,*,#3860,.F.);
#2856=ORIENTED_EDGE('',*,*,#4114,.T.);
#2857=ORIENTED_EDGE('',*,*,#3862,.F.);
#2858=ORIENTED_EDGE('',*,*,#3899,.F.);
#2859=ORIENTED_EDGE('',*,*,#3560,.F.);
#2860=ORIENTED_EDGE('',*,*,#4115,.T.);
#2861=ORIENTED_EDGE('',*,*,#3858,.F.);
#2862=ORIENTED_EDGE('',*,*,#3898,.F.);
#2863=ORIENTED_EDGE('',*,*,#3680,.F.);
#2864=ORIENTED_EDGE('',*,*,#3655,.F.);
#2865=ORIENTED_EDGE('',*,*,#3909,.F.);
#2866=ORIENTED_EDGE('',*,*,#3659,.F.);
#2867=ORIENTED_EDGE('',*,*,#3889,.F.);
#2868=ORIENTED_EDGE('',*,*,#3794,.F.);
#2869=ORIENTED_EDGE('',*,*,#3911,.F.);
#2870=ORIENTED_EDGE('',*,*,#3842,.F.);
#2871=ORIENTED_EDGE('',*,*,#3810,.F.);
#2872=ORIENTED_EDGE('',*,*,#3790,.F.);
#2873=ORIENTED_EDGE('',*,*,#3912,.F.);
#2874=ORIENTED_EDGE('',*,*,#3798,.F.);
#2875=ORIENTED_EDGE('',*,*,#3824,.F.);
#2876=ORIENTED_EDGE('',*,*,#3751,.F.);
#2877=ORIENTED_EDGE('',*,*,#3913,.F.);
#2878=ORIENTED_EDGE('',*,*,#3792,.F.);
#2879=ORIENTED_EDGE('',*,*,#3820,.F.);
#2880=ORIENTED_EDGE('',*,*,#3429,.F.);
#2881=ORIENTED_EDGE('',*,*,#3760,.F.);
#2882=ORIENTED_EDGE('',*,*,#3747,.F.);
#2883=ORIENTED_EDGE('',*,*,#3914,.F.);
#2884=ORIENTED_EDGE('',*,*,#3754,.F.);
#2885=ORIENTED_EDGE('',*,*,#3771,.F.);
#2886=ORIENTED_EDGE('',*,*,#3714,.F.);
#2887=ORIENTED_EDGE('',*,*,#3915,.F.);
#2888=ORIENTED_EDGE('',*,*,#3749,.F.);
#2889=ORIENTED_EDGE('',*,*,#3719,.F.);
#2890=ORIENTED_EDGE('',*,*,#3710,.F.);
#2891=ORIENTED_EDGE('',*,*,#3916,.F.);
#2892=ORIENTED_EDGE('',*,*,#3717,.F.);
#2893=ORIENTED_EDGE('',*,*,#3775,.F.);
#2894=ORIENTED_EDGE('',*,*,#3614,.F.);
#2895=ORIENTED_EDGE('',*,*,#3718,.F.);
#2896=ORIENTED_EDGE('',*,*,#3661,.F.);
#2897=ORIENTED_EDGE('',*,*,#3917,.F.);
#2898=ORIENTED_EDGE('',*,*,#3712,.F.);
#2899=ORIENTED_EDGE('',*,*,#3737,.F.);
#2900=ORIENTED_EDGE('',*,*,#3385,.F.);
#2901=ORIENTED_EDGE('',*,*,#3344,.F.);
#2902=ORIENTED_EDGE('',*,*,#3530,.F.);
#2903=ORIENTED_EDGE('',*,*,#3765,.F.);
#2904=ORIENTED_EDGE('',*,*,#3526,.F.);
#2905=ORIENTED_EDGE('',*,*,#3977,.F.);
#2906=ORIENTED_EDGE('',*,*,#3978,.F.);
#2907=ORIENTED_EDGE('',*,*,#3725,.F.);
#2908=ORIENTED_EDGE('',*,*,#3521,.F.);
#2909=ORIENTED_EDGE('',*,*,#3363,.F.);
#2910=ORIENTED_EDGE('',*,*,#3518,.F.);
#2911=ORIENTED_EDGE('',*,*,#3697,.F.);
#2912=ORIENTED_EDGE('',*,*,#4001,.F.);
#2913=ORIENTED_EDGE('',*,*,#3999,.F.);
#2914=ORIENTED_EDGE('',*,*,#3382,.F.);
#2915=ORIENTED_EDGE('',*,*,#3693,.F.);
#2916=ORIENTED_EDGE('',*,*,#3372,.F.);
#2917=ORIENTED_EDGE('',*,*,#4061,.F.);
#2918=ORIENTED_EDGE('',*,*,#3523,.F.);
#2919=ORIENTED_EDGE('',*,*,#3724,.F.);
#2920=ORIENTED_EDGE('',*,*,#3702,.F.);
#2921=ORIENTED_EDGE('',*,*,#3987,.F.);
#2922=ORIENTED_EDGE('',*,*,#3988,.F.);
#2923=ORIENTED_EDGE('',*,*,#3766,.F.);
#2924=ORIENTED_EDGE('',*,*,#3531,.F.);
#2925=ORIENTED_EDGE('',*,*,#3342,.F.);
#2926=ORIENTED_EDGE('',*,*,#3376,.F.);
#2927=ORIENTED_EDGE('',*,*,#3745,.F.);
#2928=ORIENTED_EDGE('',*,*,#3993,.F.);
#2929=ORIENTED_EDGE('',*,*,#3991,.F.);
#2930=ORIENTED_EDGE('',*,*,#3378,.F.);
#2931=ORIENTED_EDGE('',*,*,#3815,.F.);
#2932=ORIENTED_EDGE('',*,*,#3547,.F.);
#2933=ORIENTED_EDGE('',*,*,#3346,.F.);
#2934=ORIENTED_EDGE('',*,*,#3389,.F.);
#2935=ORIENTED_EDGE('',*,*,#3788,.F.);
#2936=ORIENTED_EDGE('',*,*,#3983,.F.);
#2937=ORIENTED_EDGE('',*,*,#3981,.F.);
#2938=ORIENTED_EDGE('',*,*,#3809,.F.);
#2939=ORIENTED_EDGE('',*,*,#3559,.F.);
#2940=ORIENTED_EDGE('',*,*,#4116,.T.);
#2941=ORIENTED_EDGE('',*,*,#3462,.F.);
#2942=ORIENTED_EDGE('',*,*,#4117,.F.);
#2943=ORIENTED_EDGE('',*,*,#4117,.T.);
#2944=ORIENTED_EDGE('',*,*,#3495,.F.);
#2945=ORIENTED_EDGE('',*,*,#4118,.F.);
#2946=ORIENTED_EDGE('',*,*,#4115,.F.);
#2947=ORIENTED_EDGE('',*,*,#4118,.T.);
#2948=ORIENTED_EDGE('',*,*,#3494,.F.);
#2949=ORIENTED_EDGE('',*,*,#4119,.F.);
#2950=ORIENTED_EDGE('',*,*,#3859,.F.);
#2951=ORIENTED_EDGE('',*,*,#4120,.F.);
#2952=ORIENTED_EDGE('',*,*,#4119,.T.);
#2953=ORIENTED_EDGE('',*,*,#3493,.F.);
#2954=ORIENTED_EDGE('',*,*,#4121,.F.);
#2955=ORIENTED_EDGE('',*,*,#4114,.F.);
#2956=ORIENTED_EDGE('',*,*,#4121,.T.);
#2957=ORIENTED_EDGE('',*,*,#3492,.F.);
#2958=ORIENTED_EDGE('',*,*,#4122,.F.);
#2959=ORIENTED_EDGE('',*,*,#3863,.F.);
#2960=ORIENTED_EDGE('',*,*,#4123,.F.);
#2961=ORIENTED_EDGE('',*,*,#4122,.T.);
#2962=ORIENTED_EDGE('',*,*,#3491,.F.);
#2963=ORIENTED_EDGE('',*,*,#4124,.F.);
#2964=ORIENTED_EDGE('',*,*,#4113,.F.);
#2965=ORIENTED_EDGE('',*,*,#4124,.T.);
#2966=ORIENTED_EDGE('',*,*,#3490,.F.);
#2967=ORIENTED_EDGE('',*,*,#4125,.F.);
#2968=ORIENTED_EDGE('',*,*,#3867,.F.);
#2969=ORIENTED_EDGE('',*,*,#3884,.F.);
#2970=ORIENTED_EDGE('',*,*,#3871,.F.);
#2971=ORIENTED_EDGE('',*,*,#4126,.F.);
#2972=ORIENTED_EDGE('',*,*,#3533,.F.);
#2973=ORIENTED_EDGE('',*,*,#4125,.T.);
#2974=ORIENTED_EDGE('',*,*,#3489,.F.);
#2975=ORIENTED_EDGE('',*,*,#4127,.F.);
#2976=ORIENTED_EDGE('',*,*,#4112,.F.);
#2977=ORIENTED_EDGE('',*,*,#4128,.F.);
#2978=ORIENTED_EDGE('',*,*,#3369,.F.);
#2979=ORIENTED_EDGE('',*,*,#4126,.T.);
#2980=ORIENTED_EDGE('',*,*,#3870,.F.);
#2981=ORIENTED_EDGE('',*,*,#4129,.F.);
#2982=ORIENTED_EDGE('',*,*,#4008,.F.);
#2983=ORIENTED_EDGE('',*,*,#3484,.F.);
#2984=ORIENTED_EDGE('',*,*,#4130,.F.);
#2985=ORIENTED_EDGE('',*,*,#3874,.F.);
#2986=ORIENTED_EDGE('',*,*,#4127,.T.);
#2987=ORIENTED_EDGE('',*,*,#3488,.F.);
#2988=ORIENTED_EDGE('',*,*,#4009,.F.);
#2989=ORIENTED_EDGE('',*,*,#3838,.F.);
#2990=ORIENTED_EDGE('',*,*,#4131,.F.);
#2991=ORIENTED_EDGE('',*,*,#4129,.T.);
#2992=ORIENTED_EDGE('',*,*,#3875,.F.);
#2993=ORIENTED_EDGE('',*,*,#4132,.F.);
#2994=ORIENTED_EDGE('',*,*,#4133,.F.);
#2995=ORIENTED_EDGE('',*,*,#4132,.T.);
#2996=ORIENTED_EDGE('',*,*,#4130,.T.);
#2997=ORIENTED_EDGE('',*,*,#4134,.F.);
#2998=ORIENTED_EDGE('',*,*,#4135,.F.);
#2999=ORIENTED_EDGE('',*,*,#4134,.T.);
#3000=ORIENTED_EDGE('',*,*,#3483,.F.);
#3001=ORIENTED_EDGE('',*,*,#3967,.F.);
#3002=ORIENTED_EDGE('',*,*,#3481,.F.);
#3003=ORIENTED_EDGE('',*,*,#4136,.F.);
#3004=ORIENTED_EDGE('',*,*,#4041,.F.);
#3005=ORIENTED_EDGE('',*,*,#4078,.F.);
#3006=ORIENTED_EDGE('',*,*,#3501,.F.);
#3007=ORIENTED_EDGE('',*,*,#3962,.F.);
#3008=ORIENTED_EDGE('',*,*,#3478,.F.);
#3009=ORIENTED_EDGE('',*,*,#4137,.F.);
#3010=ORIENTED_EDGE('',*,*,#4111,.F.);
#3011=ORIENTED_EDGE('',*,*,#4136,.T.);
#3012=ORIENTED_EDGE('',*,*,#3480,.F.);
#3013=ORIENTED_EDGE('',*,*,#4137,.T.);
#3014=ORIENTED_EDGE('',*,*,#3477,.F.);
#3015=ORIENTED_EDGE('',*,*,#4138,.F.);
#3016=ORIENTED_EDGE('',*,*,#4045,.F.);
#3017=ORIENTED_EDGE('',*,*,#4138,.T.);
#3018=ORIENTED_EDGE('',*,*,#3476,.F.);
#3019=ORIENTED_EDGE('',*,*,#4139,.F.);
#3020=ORIENTED_EDGE('',*,*,#4074,.F.);
#3021=ORIENTED_EDGE('',*,*,#4109,.F.);
#3022=ORIENTED_EDGE('',*,*,#4139,.T.);
#3023=ORIENTED_EDGE('',*,*,#3475,.F.);
#3024=ORIENTED_EDGE('',*,*,#4140,.F.);
#3025=ORIENTED_EDGE('',*,*,#4047,.F.);
#3026=ORIENTED_EDGE('',*,*,#4075,.F.);
#3027=ORIENTED_EDGE('',*,*,#4140,.T.);
#3028=ORIENTED_EDGE('',*,*,#3474,.F.);
#3029=ORIENTED_EDGE('',*,*,#4141,.F.);
#3030=ORIENTED_EDGE('',*,*,#4107,.F.);
#3031=ORIENTED_EDGE('',*,*,#4141,.T.);
#3032=ORIENTED_EDGE('',*,*,#3473,.F.);
#3033=ORIENTED_EDGE('',*,*,#4142,.F.);
#3034=ORIENTED_EDGE('',*,*,#4050,.F.);
#3035=ORIENTED_EDGE('',*,*,#4142,.T.);
#3036=ORIENTED_EDGE('',*,*,#3472,.F.);
#3037=ORIENTED_EDGE('',*,*,#4143,.F.);
#3038=ORIENTED_EDGE('',*,*,#4102,.F.);
#3039=ORIENTED_EDGE('',*,*,#4143,.T.);
#3040=ORIENTED_EDGE('',*,*,#3471,.F.);
#3041=ORIENTED_EDGE('',*,*,#4144,.F.);
#3042=ORIENTED_EDGE('',*,*,#4055,.F.);
#3043=ORIENTED_EDGE('',*,*,#4072,.F.);
#3044=ORIENTED_EDGE('',*,*,#3504,.F.);
#3045=ORIENTED_EDGE('',*,*,#4144,.T.);
#3046=ORIENTED_EDGE('',*,*,#3470,.F.);
#3047=ORIENTED_EDGE('',*,*,#4145,.F.);
#3048=ORIENTED_EDGE('',*,*,#4104,.F.);
#3049=ORIENTED_EDGE('',*,*,#4145,.T.);
#3050=ORIENTED_EDGE('',*,*,#3469,.F.);
#3051=ORIENTED_EDGE('',*,*,#4146,.F.);
#3052=ORIENTED_EDGE('',*,*,#4059,.F.);
#3053=ORIENTED_EDGE('',*,*,#4146,.T.);
#3054=ORIENTED_EDGE('',*,*,#3468,.F.);
#3055=ORIENTED_EDGE('',*,*,#4147,.F.);
#3056=ORIENTED_EDGE('',*,*,#4106,.F.);
#3057=ORIENTED_EDGE('',*,*,#3466,.F.);
#3058=ORIENTED_EDGE('',*,*,#4148,.T.);
#3059=ORIENTED_EDGE('',*,*,#3575,.F.);
#3060=ORIENTED_EDGE('',*,*,#4149,.F.);
#3061=ORIENTED_EDGE('',*,*,#4150,.F.);
#3062=ORIENTED_EDGE('',*,*,#4151,.F.);
#3063=ORIENTED_EDGE('',*,*,#4037,.F.);
#3064=ORIENTED_EDGE('',*,*,#4080,.F.);
#3065=ORIENTED_EDGE('',*,*,#3499,.F.);
#3066=ORIENTED_EDGE('',*,*,#4147,.T.);
#3067=ORIENTED_EDGE('',*,*,#3467,.F.);
#3068=ORIENTED_EDGE('',*,*,#4150,.T.);
#3069=ORIENTED_EDGE('',*,*,#4152,.F.);
#3070=ORIENTED_EDGE('',*,*,#4153,.F.);
#3071=ORIENTED_EDGE('',*,*,#4152,.T.);
#3072=ORIENTED_EDGE('',*,*,#4149,.T.);
#3073=ORIENTED_EDGE('',*,*,#3574,.F.);
#3074=ORIENTED_EDGE('',*,*,#4154,.F.);
#3075=ORIENTED_EDGE('',*,*,#3675,.F.);
#3076=ORIENTED_EDGE('',*,*,#3510,.F.);
#3077=ORIENTED_EDGE('',*,*,#4155,.F.);
#3078=ORIENTED_EDGE('',*,*,#3572,.F.);
#3079=ORIENTED_EDGE('',*,*,#4156,.F.);
#3080=ORIENTED_EDGE('',*,*,#4154,.T.);
#3081=ORIENTED_EDGE('',*,*,#3573,.F.);
#3082=ORIENTED_EDGE('',*,*,#4155,.T.);
#3083=ORIENTED_EDGE('',*,*,#3356,.F.);
#3084=ORIENTED_EDGE('',*,*,#3519,.T.);
#3085=ORIENTED_EDGE('',*,*,#3362,.F.);
#3086=ORIENTED_EDGE('',*,*,#4157,.F.);
#3087=ORIENTED_EDGE('',*,*,#3497,.F.);
#3088=ORIENTED_EDGE('',*,*,#4081,.F.);
#3089=ORIENTED_EDGE('',*,*,#4157,.T.);
#3090=ORIENTED_EDGE('',*,*,#3361,.F.);
#3091=ORIENTED_EDGE('',*,*,#4158,.F.);
#3092=ORIENTED_EDGE('',*,*,#4105,.F.);
#3093=ORIENTED_EDGE('',*,*,#3364,.F.);
#3094=ORIENTED_EDGE('',*,*,#3520,.T.);
#3095=ORIENTED_EDGE('',*,*,#4159,.F.);
#3096=ORIENTED_EDGE('',*,*,#4057,.F.);
#3097=ORIENTED_EDGE('',*,*,#4158,.T.);
#3098=ORIENTED_EDGE('',*,*,#3336,.F.);
#3099=ORIENTED_EDGE('',*,*,#4071,.T.);
#3100=ORIENTED_EDGE('',*,*,#4160,.F.);
#3101=ORIENTED_EDGE('',*,*,#4103,.F.);
#3102=ORIENTED_EDGE('',*,*,#4159,.T.);
#3103=ORIENTED_EDGE('',*,*,#4060,.F.);
#3104=ORIENTED_EDGE('',*,*,#4160,.T.);
#3105=ORIENTED_EDGE('',*,*,#4073,.F.);
#3106=ORIENTED_EDGE('',*,*,#4053,.F.);
#3107=ORIENTED_EDGE('',*,*,#4076,.F.);
#3108=ORIENTED_EDGE('',*,*,#3348,.F.);
#3109=ORIENTED_EDGE('',*,*,#4161,.F.);
#3110=ORIENTED_EDGE('',*,*,#4108,.F.);
#3111=ORIENTED_EDGE('',*,*,#4161,.T.);
#3112=ORIENTED_EDGE('',*,*,#3550,.T.);
#3113=ORIENTED_EDGE('',*,*,#4162,.F.);
#3114=ORIENTED_EDGE('',*,*,#4043,.F.);
#3115=ORIENTED_EDGE('',*,*,#3549,.F.);
#3116=ORIENTED_EDGE('',*,*,#3535,.F.);
#3117=ORIENTED_EDGE('',*,*,#4163,.F.);
#3118=ORIENTED_EDGE('',*,*,#4110,.F.);
#3119=ORIENTED_EDGE('',*,*,#4162,.T.);
#3120=ORIENTED_EDGE('',*,*,#4163,.T.);
#3121=ORIENTED_EDGE('',*,*,#3534,.T.);
#3122=ORIENTED_EDGE('',*,*,#4079,.F.);
#3123=ORIENTED_EDGE('',*,*,#4039,.F.);
#3124=ORIENTED_EDGE('',*,*,#4069,.F.);
#3125=ORIENTED_EDGE('',*,*,#3507,.F.);
#3126=ORIENTED_EDGE('',*,*,#4164,.T.);
#3127=ORIENTED_EDGE('',*,*,#3557,.T.);
#3128=ORIENTED_EDGE('',*,*,#3577,.T.);
#3129=ORIENTED_EDGE('',*,*,#4165,.T.);
#3130=ORIENTED_EDGE('',*,*,#4063,.F.);
#3131=ORIENTED_EDGE('',*,*,#4070,.F.);
#3132=ORIENTED_EDGE('',*,*,#4065,.F.);
#3133=ORIENTED_EDGE('',*,*,#4166,.T.);
#3134=ORIENTED_EDGE('',*,*,#3464,.F.);
#3135=ORIENTED_EDGE('',*,*,#4167,.T.);
#3136=ORIENTED_EDGE('',*,*,#3509,.F.);
#3137=ORIENTED_EDGE('',*,*,#4068,.F.);
#3138=ORIENTED_EDGE('',*,*,#4168,.F.);
#3139=ORIENTED_EDGE('',*,*,#3558,.F.);
#3140=ORIENTED_EDGE('',*,*,#4164,.F.);
#3141=ORIENTED_EDGE('',*,*,#3506,.T.);
#3142=ORIENTED_EDGE('',*,*,#4169,.F.);
#3143=ORIENTED_EDGE('',*,*,#4116,.F.);
#3144=ORIENTED_EDGE('',*,*,#4168,.T.);
#3145=ORIENTED_EDGE('',*,*,#3463,.F.);
#3146=ORIENTED_EDGE('',*,*,#4169,.T.);
#3147=ORIENTED_EDGE('',*,*,#4167,.F.);
#3148=ORIENTED_EDGE('',*,*,#4165,.F.);
#3149=ORIENTED_EDGE('',*,*,#3576,.F.);
#3150=ORIENTED_EDGE('',*,*,#4170,.F.);
#3151=ORIENTED_EDGE('',*,*,#4064,.F.);
#3152=ORIENTED_EDGE('',*,*,#4170,.T.);
#3153=ORIENTED_EDGE('',*,*,#4148,.F.);
#3154=ORIENTED_EDGE('',*,*,#4171,.F.);
#3155=ORIENTED_EDGE('',*,*,#3465,.F.);
#3156=ORIENTED_EDGE('',*,*,#4166,.F.);
#3157=ORIENTED_EDGE('',*,*,#4171,.T.);
#3158=ORIENTED_EDGE('',*,*,#3674,.T.);
#3159=ORIENTED_EDGE('',*,*,#3355,.T.);
#3160=ORIENTED_EDGE('',*,*,#4035,.T.);
#3161=ORIENTED_EDGE('',*,*,#4151,.T.);
#3162=ORIENTED_EDGE('',*,*,#4153,.T.);
#3163=ORIENTED_EDGE('',*,*,#4156,.T.);
#3164=ORIENTED_EDGE('',*,*,#3883,.T.);
#3165=ORIENTED_EDGE('',*,*,#3365,.T.);
#3166=ORIENTED_EDGE('',*,*,#4128,.T.);
#3167=ORIENTED_EDGE('',*,*,#4131,.T.);
#3168=ORIENTED_EDGE('',*,*,#4133,.T.);
#3169=ORIENTED_EDGE('',*,*,#4135,.T.);
#3170=ORIENTED_EDGE('',*,*,#3500,.T.);
#3171=ORIENTED_EDGE('',*,*,#3881,.T.);
#3172=ORIENTED_EDGE('',*,*,#4123,.T.);
#3173=ORIENTED_EDGE('',*,*,#3882,.T.);
#3174=ORIENTED_EDGE('',*,*,#4120,.T.);
#3175=ORIENTED_EDGE('',*,*,#3553,.T.);
#3176=ORIENTED_EDGE('',*,*,#4172,.F.);
#3177=ORIENTED_EDGE('',*,*,#4173,.F.);
#3178=ORIENTED_EDGE('',*,*,#4032,.T.);
#3179=ORIENTED_EDGE('',*,*,#3552,.T.);
#3180=ORIENTED_EDGE('',*,*,#4174,.F.);
#3181=ORIENTED_EDGE('',*,*,#4175,.F.);
#3182=ORIENTED_EDGE('',*,*,#4172,.T.);
#3183=ORIENTED_EDGE('',*,*,#3551,.T.);
#3184=ORIENTED_EDGE('',*,*,#4031,.F.);
#3185=ORIENTED_EDGE('',*,*,#4176,.F.);
#3186=ORIENTED_EDGE('',*,*,#4174,.T.);
#3187=ORIENTED_EDGE('',*,*,#3330,.F.);
#3188=ORIENTED_EDGE('',*,*,#4177,.F.);
#3189=ORIENTED_EDGE('',*,*,#4178,.T.);
#3190=ORIENTED_EDGE('',*,*,#4029,.T.);
#3191=ORIENTED_EDGE('',*,*,#3329,.F.);
#3192=ORIENTED_EDGE('',*,*,#4179,.F.);
#3193=ORIENTED_EDGE('',*,*,#4180,.T.);
#3194=ORIENTED_EDGE('',*,*,#4177,.T.);
#3195=ORIENTED_EDGE('',*,*,#3328,.F.);
#3196=ORIENTED_EDGE('',*,*,#4034,.F.);
#3197=ORIENTED_EDGE('',*,*,#4181,.T.);
#3198=ORIENTED_EDGE('',*,*,#4179,.T.);
#3199=ORIENTED_EDGE('',*,*,#4033,.F.);
#3200=ORIENTED_EDGE('',*,*,#4173,.T.);
#3201=ORIENTED_EDGE('',*,*,#4175,.T.);
#3202=ORIENTED_EDGE('',*,*,#4176,.T.);
#3203=ORIENTED_EDGE('',*,*,#4030,.F.);
#3204=ORIENTED_EDGE('',*,*,#4178,.F.);
#3205=ORIENTED_EDGE('',*,*,#4180,.F.);
#3206=ORIENTED_EDGE('',*,*,#4181,.F.);
#3207=ORIENTED_EDGE('',*,*,#3290,.F.);
#3208=ORIENTED_EDGE('',*,*,#4012,.F.);
#3209=ORIENTED_EDGE('',*,*,#4182,.T.);
#3210=ORIENTED_EDGE('',*,*,#4183,.T.);
#3211=ORIENTED_EDGE('',*,*,#3313,.T.);
#3212=ORIENTED_EDGE('',*,*,#4184,.F.);
#3213=ORIENTED_EDGE('',*,*,#4185,.F.);
#3214=ORIENTED_EDGE('',*,*,#4010,.T.);
#3215=ORIENTED_EDGE('',*,*,#3312,.T.);
#3216=ORIENTED_EDGE('',*,*,#4186,.F.);
#3217=ORIENTED_EDGE('',*,*,#4187,.F.);
#3218=ORIENTED_EDGE('',*,*,#4184,.T.);
#3219=ORIENTED_EDGE('',*,*,#3311,.T.);
#3220=ORIENTED_EDGE('',*,*,#4024,.F.);
#3221=ORIENTED_EDGE('',*,*,#4188,.F.);
#3222=ORIENTED_EDGE('',*,*,#4186,.T.);
#3223=ORIENTED_EDGE('',*,*,#3310,.F.);
#3224=ORIENTED_EDGE('',*,*,#4189,.F.);
#3225=ORIENTED_EDGE('',*,*,#4190,.T.);
#3226=ORIENTED_EDGE('',*,*,#4022,.T.);
#3227=ORIENTED_EDGE('',*,*,#3309,.F.);
#3228=ORIENTED_EDGE('',*,*,#4191,.F.);
#3229=ORIENTED_EDGE('',*,*,#4192,.T.);
#3230=ORIENTED_EDGE('',*,*,#4189,.T.);
#3231=ORIENTED_EDGE('',*,*,#3308,.F.);
#3232=ORIENTED_EDGE('',*,*,#4021,.F.);
#3233=ORIENTED_EDGE('',*,*,#4193,.T.);
#3234=ORIENTED_EDGE('',*,*,#4191,.T.);
#3235=ORIENTED_EDGE('',*,*,#3304,.F.);
#3236=ORIENTED_EDGE('',*,*,#4194,.F.);
#3237=ORIENTED_EDGE('',*,*,#4195,.T.);
#3238=ORIENTED_EDGE('',*,*,#4019,.T.);
#3239=ORIENTED_EDGE('',*,*,#3303,.F.);
#3240=ORIENTED_EDGE('',*,*,#4196,.F.);
#3241=ORIENTED_EDGE('',*,*,#4197,.T.);
#3242=ORIENTED_EDGE('',*,*,#4194,.T.);
#3243=ORIENTED_EDGE('',*,*,#3302,.F.);
#3244=ORIENTED_EDGE('',*,*,#4018,.F.);
#3245=ORIENTED_EDGE('',*,*,#4198,.T.);
#3246=ORIENTED_EDGE('',*,*,#4196,.T.);
#3247=ORIENTED_EDGE('',*,*,#3298,.F.);
#3248=ORIENTED_EDGE('',*,*,#4199,.F.);
#3249=ORIENTED_EDGE('',*,*,#4200,.T.);
#3250=ORIENTED_EDGE('',*,*,#4016,.T.);
#3251=ORIENTED_EDGE('',*,*,#3297,.F.);
#3252=ORIENTED_EDGE('',*,*,#4201,.F.);
#3253=ORIENTED_EDGE('',*,*,#4202,.T.);
#3254=ORIENTED_EDGE('',*,*,#4199,.T.);
#3255=ORIENTED_EDGE('',*,*,#3296,.F.);
#3256=ORIENTED_EDGE('',*,*,#4015,.F.);
#3257=ORIENTED_EDGE('',*,*,#4203,.T.);
#3258=ORIENTED_EDGE('',*,*,#4201,.T.);
#3259=ORIENTED_EDGE('',*,*,#3292,.F.);
#3260=ORIENTED_EDGE('',*,*,#4204,.F.);
#3261=ORIENTED_EDGE('',*,*,#4205,.T.);
#3262=ORIENTED_EDGE('',*,*,#4013,.T.);
#3263=ORIENTED_EDGE('',*,*,#3291,.F.);
#3264=ORIENTED_EDGE('',*,*,#4183,.F.);
#3265=ORIENTED_EDGE('',*,*,#4206,.T.);
#3266=ORIENTED_EDGE('',*,*,#4204,.T.);
#3267=ORIENTED_EDGE('',*,*,#4182,.F.);
#3268=ORIENTED_EDGE('',*,*,#4011,.T.);
#3269=ORIENTED_EDGE('',*,*,#4185,.T.);
#3270=ORIENTED_EDGE('',*,*,#4187,.T.);
#3271=ORIENTED_EDGE('',*,*,#4188,.T.);
#3272=ORIENTED_EDGE('',*,*,#4023,.T.);
#3273=ORIENTED_EDGE('',*,*,#4190,.F.);
#3274=ORIENTED_EDGE('',*,*,#4192,.F.);
#3275=ORIENTED_EDGE('',*,*,#4193,.F.);
#3276=ORIENTED_EDGE('',*,*,#4020,.T.);
#3277=ORIENTED_EDGE('',*,*,#4195,.F.);
#3278=ORIENTED_EDGE('',*,*,#4197,.F.);
#3279=ORIENTED_EDGE('',*,*,#4198,.F.);
#3280=ORIENTED_EDGE('',*,*,#4017,.T.);
#3281=ORIENTED_EDGE('',*,*,#4200,.F.);
#3282=ORIENTED_EDGE('',*,*,#4202,.F.);
#3283=ORIENTED_EDGE('',*,*,#4203,.F.);
#3284=ORIENTED_EDGE('',*,*,#4014,.T.);
#3285=ORIENTED_EDGE('',*,*,#4205,.F.);
#3286=ORIENTED_EDGE('',*,*,#4206,.F.);
#3287=EDGE_CURVE('',#4207,#4207,#4839,.T.);
#3288=EDGE_CURVE('',#4208,#4208,#4840,.T.);
#3289=EDGE_CURVE('',#4209,#4210,#203,.T.);
#3290=EDGE_CURVE('',#4210,#4211,#204,.T.);
#3291=EDGE_CURVE('',#4211,#4212,#205,.T.);
#3292=EDGE_CURVE('',#4212,#4209,#206,.T.);
#3293=EDGE_CURVE('',#4213,#4213,#4841,.T.);
#3294=EDGE_CURVE('',#4214,#4214,#4842,.T.);
#3295=EDGE_CURVE('',#4215,#4216,#207,.T.);
#3296=EDGE_CURVE('',#4216,#4217,#208,.T.);
#3297=EDGE_CURVE('',#4217,#4218,#209,.T.);
#3298=EDGE_CURVE('',#4218,#4215,#210,.T.);
#3299=EDGE_CURVE('',#4219,#4219,#4843,.T.);
#3300=EDGE_CURVE('',#4220,#4220,#4844,.T.);
#3301=EDGE_CURVE('',#4221,#4222,#211,.T.);
#3302=EDGE_CURVE('',#4222,#4223,#212,.T.);
#3303=EDGE_CURVE('',#4223,#4224,#213,.T.);
#3304=EDGE_CURVE('',#4224,#4221,#214,.T.);
#3305=EDGE_CURVE('',#4225,#4225,#4845,.T.);
#3306=EDGE_CURVE('',#4226,#4226,#4846,.T.);
#3307=EDGE_CURVE('',#4227,#4228,#215,.T.);
#3308=EDGE_CURVE('',#4228,#4229,#216,.T.);
#3309=EDGE_CURVE('',#4229,#4230,#217,.T.);
#3310=EDGE_CURVE('',#4230,#4227,#218,.T.);
#3311=EDGE_CURVE('',#4231,#4232,#219,.T.);
#3312=EDGE_CURVE('',#4233,#4231,#220,.T.);
#3313=EDGE_CURVE('',#4234,#4233,#221,.T.);
#3314=EDGE_CURVE('',#4234,#4235,#222,.T.);
#3315=EDGE_CURVE('',#4235,#4236,#223,.T.);
#3316=EDGE_CURVE('',#4236,#4237,#4847,.T.);
#3317=EDGE_CURVE('',#4238,#4237,#224,.T.);
#3318=EDGE_CURVE('',#4238,#4239,#4848,.T.);
#3319=EDGE_CURVE('',#4240,#4239,#225,.T.);
#3320=EDGE_CURVE('',#4240,#4241,#4849,.T.);
#3321=EDGE_CURVE('',#4242,#4241,#226,.T.);
#3322=EDGE_CURVE('',#4242,#4243,#4850,.T.);
#3323=EDGE_CURVE('',#4243,#4244,#227,.T.);
#3324=EDGE_CURVE('',#4244,#4232,#228,.T.);
#3325=EDGE_CURVE('',#4245,#4245,#4851,.T.);
#3326=EDGE_CURVE('',#4246,#4246,#4852,.T.);
#3327=EDGE_CURVE('',#4247,#4248,#229,.T.);
#3328=EDGE_CURVE('',#4247,#4249,#230,.T.);
#3329=EDGE_CURVE('',#4249,#4250,#231,.T.);
#3330=EDGE_CURVE('',#4250,#4251,#232,.T.);
#3331=EDGE_CURVE('',#4252,#4251,#233,.T.);
#3332=EDGE_CURVE('',#4252,#4253,#234,.T.);
#3333=EDGE_CURVE('',#4253,#4254,#235,.T.);
#3334=EDGE_CURVE('',#4248,#4254,#236,.T.);
#3335=EDGE_CURVE('',#4255,#4256,#43,.T.);
#3336=EDGE_CURVE('',#4255,#4257,#4853,.T.);
#3337=EDGE_CURVE('',#4257,#4256,#237,.T.);
#3338=EDGE_CURVE('',#4258,#4258,#4854,.T.);
#3339=EDGE_CURVE('',#4259,#4259,#4855,.T.);
#3340=EDGE_CURVE('',#4260,#4256,#4856,.T.);
#3341=EDGE_CURVE('',#4256,#4261,#238,.T.);
#3342=EDGE_CURVE('',#4261,#4262,#4857,.T.);
#3343=EDGE_CURVE('',#4262,#4263,#239,.T.);
#3344=EDGE_CURVE('',#4263,#4264,#4858,.F.);
#3345=EDGE_CURVE('',#4264,#4265,#240,.T.);
#3346=EDGE_CURVE('',#4265,#4266,#4859,.T.);
#3347=EDGE_CURVE('',#4266,#4267,#241,.T.);
#3348=EDGE_CURVE('',#4267,#4268,#4860,.F.);
#3349=EDGE_CURVE('',#4268,#4269,#4861,.T.);
#3350=EDGE_CURVE('',#4270,#4269,#242,.T.);
#3351=EDGE_CURVE('',#4270,#4271,#4862,.T.);
#3352=EDGE_CURVE('',#4272,#4271,#243,.T.);
#3353=EDGE_CURVE('',#4272,#4273,#4863,.F.);
#3354=EDGE_CURVE('',#4260,#4273,#244,.T.);
#3355=EDGE_CURVE('',#4274,#4275,#4864,.T.);
#3356=EDGE_CURVE('',#4274,#4276,#245,.T.);
#3357=EDGE_CURVE('',#4276,#4277,#246,.T.);
#3358=EDGE_CURVE('',#4277,#4278,#4865,.T.);
#3359=EDGE_CURVE('',#4275,#4278,#247,.T.);
#3360=EDGE_CURVE('',#4279,#4279,#4866,.T.);
#3361=EDGE_CURVE('',#4280,#4281,#4867,.T.);
#3362=EDGE_CURVE('',#4281,#4282,#248,.F.);
#3363=EDGE_CURVE('',#4282,#4283,#4868,.F.);
#3364=EDGE_CURVE('',#4283,#4280,#249,.F.);
#3365=EDGE_CURVE('',#4284,#4285,#4869,.T.);
#3366=EDGE_CURVE('',#4286,#4284,#250,.T.);
#3367=EDGE_CURVE('',#4286,#4287,#4870,.T.);
#3368=EDGE_CURVE('',#4287,#4288,#251,.T.);
#3369=EDGE_CURVE('',#4288,#4285,#252,.T.);
#3370=EDGE_CURVE('',#4289,#4289,#4871,.T.);
#3371=EDGE_CURVE('',#4290,#4257,#253,.T.);
#3372=EDGE_CURVE('',#4290,#4291,#254,.F.);
#3373=EDGE_CURVE('',#4291,#4292,#255,.T.);
#3374=EDGE_CURVE('',#4292,#4293,#256,.T.);
#3375=EDGE_CURVE('',#4293,#4294,#257,.T.);
#3376=EDGE_CURVE('',#4294,#4261,#258,.T.);
#3377=EDGE_CURVE('',#4295,#4296,#259,.T.);
#3378=EDGE_CURVE('',#4296,#4297,#260,.T.);
#3379=EDGE_CURVE('',#4297,#4298,#261,.T.);
#3380=EDGE_CURVE('',#4295,#4298,#262,.T.);
#3381=EDGE_CURVE('',#4299,#4300,#263,.T.);
#3382=EDGE_CURVE('',#4300,#4301,#264,.T.);
#3383=EDGE_CURVE('',#4301,#4302,#265,.T.);
#3384=EDGE_CURVE('',#4299,#4302,#266,.T.);
#3385=EDGE_CURVE('',#4264,#4303,#267,.F.);
#3386=EDGE_CURVE('',#4303,#4304,#268,.T.);
#3387=EDGE_CURVE('',#4304,#4305,#269,.T.);
#3388=EDGE_CURVE('',#4305,#4306,#270,.T.);
#3389=EDGE_CURVE('',#4306,#4265,#271,.T.);
#3390=EDGE_CURVE('',#4307,#4307,#4872,.T.);
#3391=EDGE_CURVE('',#4308,#4309,#272,.T.);
#3392=EDGE_CURVE('',#4309,#4310,#273,.T.);
#3393=EDGE_CURVE('',#4311,#4310,#274,.T.);
#3394=EDGE_CURVE('',#4312,#4311,#4873,.T.);
#3395=EDGE_CURVE('',#4312,#4308,#275,.T.);
#3396=EDGE_CURVE('',#4313,#4314,#276,.T.);
#3397=EDGE_CURVE('',#4315,#4313,#277,.T.);
#3398=EDGE_CURVE('',#4316,#4315,#278,.T.);
#3399=EDGE_CURVE('',#4316,#4317,#4874,.T.);
#3400=EDGE_CURVE('',#4317,#4314,#279,.T.);
#3401=EDGE_CURVE('',#4318,#4318,#4875,.T.);
#3402=EDGE_CURVE('',#4319,#4320,#280,.T.);
#3403=EDGE_CURVE('',#4319,#4321,#281,.T.);
#3404=EDGE_CURVE('',#4321,#4322,#282,.T.);
#3405=EDGE_CURVE('',#4320,#4322,#283,.T.);
#3406=EDGE_CURVE('',#4323,#4324,#284,.T.);
#3407=EDGE_CURVE('',#4323,#4325,#285,.T.);
#3408=EDGE_CURVE('',#4325,#4326,#286,.T.);
#3409=EDGE_CURVE('',#4324,#4326,#287,.T.);
#3410=EDGE_CURVE('',#4327,#4328,#288,.T.);
#3411=EDGE_CURVE('',#4292,#4327,#289,.T.);
#3412=EDGE_CURVE('',#4329,#4292,#290,.T.);
#3413=EDGE_CURVE('',#4329,#4330,#4876,.T.);
#3414=EDGE_CURVE('',#4330,#4328,#291,.T.);
#3415=EDGE_CURVE('',#4331,#4331,#4877,.T.);
#3416=EDGE_CURVE('',#4332,#4333,#292,.T.);
#3417=EDGE_CURVE('',#4334,#4332,#293,.T.);
#3418=EDGE_CURVE('',#4335,#4334,#294,.T.);
#3419=EDGE_CURVE('',#4335,#4333,#295,.T.);
#3420=EDGE_CURVE('',#4336,#4337,#296,.T.);
#3421=EDGE_CURVE('',#4304,#4336,#297,.T.);
#3422=EDGE_CURVE('',#4338,#4304,#298,.T.);
#3423=EDGE_CURVE('',#4338,#4339,#4878,.T.);
#3424=EDGE_CURVE('',#4339,#4337,#299,.T.);
#3425=EDGE_CURVE('',#4340,#4340,#4879,.T.);
#3426=EDGE_CURVE('',#4341,#4342,#300,.T.);
#3427=EDGE_CURVE('',#4341,#4343,#301,.T.);
#3428=EDGE_CURVE('',#4343,#4344,#302,.T.);
#3429=EDGE_CURVE('',#4344,#4342,#303,.T.);
#3430=EDGE_CURVE('',#4345,#4346,#304,.T.);
#3431=EDGE_CURVE('',#4347,#4345,#305,.T.);
#3432=EDGE_CURVE('',#4348,#4347,#306,.T.);
#3433=EDGE_CURVE('',#4348,#4349,#4880,.T.);
#3434=EDGE_CURVE('',#4349,#4346,#307,.T.);
#3435=EDGE_CURVE('',#4350,#4350,#4881,.T.);
#3436=EDGE_CURVE('',#4351,#4352,#308,.T.);
#3437=EDGE_CURVE('',#4351,#4353,#309,.T.);
#3438=EDGE_CURVE('',#4353,#4354,#310,.T.);
#3439=EDGE_CURVE('',#4352,#4354,#311,.T.);
#3440=EDGE_CURVE('',#4355,#4356,#312,.T.);
#3441=EDGE_CURVE('',#4357,#4355,#313,.T.);
#3442=EDGE_CURVE('',#4357,#4358,#314,.T.);
#3443=EDGE_CURVE('',#4358,#4356,#315,.T.);
#3444=EDGE_CURVE('',#4359,#4359,#4882,.T.);
#3445=EDGE_CURVE('',#4360,#4360,#4883,.T.);
#3446=EDGE_CURVE('',#4361,#4361,#4884,.T.);
#3447=EDGE_CURVE('',#4362,#4362,#4885,.T.);
#3448=EDGE_CURVE('',#4363,#4363,#4886,.T.);
#3449=EDGE_CURVE('',#4364,#4364,#4887,.T.);
#3450=EDGE_CURVE('',#4365,#4365,#4888,.T.);
#3451=EDGE_CURVE('',#4366,#4366,#4889,.T.);
#3452=EDGE_CURVE('',#4367,#4367,#4890,.T.);
#3453=EDGE_CURVE('',#4368,#4368,#4891,.T.);
#3454=EDGE_CURVE('',#4369,#4369,#4892,.T.);
#3455=EDGE_CURVE('',#4370,#4370,#4893,.T.);
#3456=EDGE_CURVE('',#4371,#4371,#4894,.T.);
#3457=EDGE_CURVE('',#4372,#4372,#4895,.T.);
#3458=EDGE_CURVE('',#4373,#4373,#4896,.T.);
#3459=EDGE_CURVE('',#4374,#4374,#4897,.T.);
#3460=EDGE_CURVE('',#4375,#4375,#4898,.T.);
#3461=EDGE_CURVE('',#4376,#4376,#4899,.T.);
#3462=EDGE_CURVE('',#4377,#4378,#316,.T.);
#3463=EDGE_CURVE('',#4378,#4379,#317,.T.);
#3464=EDGE_CURVE('',#4379,#4380,#318,.F.);
#3465=EDGE_CURVE('',#4380,#4381,#319,.T.);
#3466=EDGE_CURVE('',#4381,#4382,#320,.T.);
#3467=EDGE_CURVE('',#4382,#4383,#321,.T.);
#3468=EDGE_CURVE('',#4383,#4384,#4900,.T.);
#3469=EDGE_CURVE('',#4384,#4385,#322,.T.);
#3470=EDGE_CURVE('',#4385,#4386,#4901,.F.);
#3471=EDGE_CURVE('',#4386,#4387,#323,.T.);
#3472=EDGE_CURVE('',#4387,#4388,#4902,.F.);
#3473=EDGE_CURVE('',#4388,#4389,#324,.T.);
#3474=EDGE_CURVE('',#4389,#4390,#4903,.T.);
#3475=EDGE_CURVE('',#4390,#4391,#325,.T.);
#3476=EDGE_CURVE('',#4391,#4392,#4904,.F.);
#3477=EDGE_CURVE('',#4392,#4393,#326,.T.);
#3478=EDGE_CURVE('',#4393,#4394,#4905,.T.);
#3479=EDGE_CURVE('',#4394,#4395,#4906,.T.);
#3480=EDGE_CURVE('',#4395,#4396,#4907,.T.);
#3481=EDGE_CURVE('',#4396,#4397,#327,.T.);
#3482=EDGE_CURVE('',#4397,#4398,#4908,.T.);
#3483=EDGE_CURVE('',#4398,#4399,#328,.T.);
#3484=EDGE_CURVE('',#4399,#4400,#329,.T.);
#3485=EDGE_CURVE('',#4400,#4401,#330,.T.);
#3486=EDGE_CURVE('',#4401,#4402,#331,.T.);
#3487=EDGE_CURVE('',#4403,#4402,#332,.T.);
#3488=EDGE_CURVE('',#4403,#4404,#333,.T.);
#3489=EDGE_CURVE('',#4404,#4405,#4909,.F.);
#3490=EDGE_CURVE('',#4405,#4406,#334,.F.);
#3491=EDGE_CURVE('',#4406,#4407,#4910,.F.);
#3492=EDGE_CURVE('',#4407,#4408,#335,.F.);
#3493=EDGE_CURVE('',#4408,#4409,#4911,.F.);
#3494=EDGE_CURVE('',#4409,#4410,#336,.F.);
#3495=EDGE_CURVE('',#4410,#4377,#4912,.F.);
#3496=EDGE_CURVE('',#4411,#4412,#337,.T.);
#3497=EDGE_CURVE('',#4411,#4413,#338,.T.);
#3498=EDGE_CURVE('',#4413,#4414,#339,.T.);
#3499=EDGE_CURVE('',#4414,#4412,#340,.F.);
#3500=EDGE_CURVE('',#4415,#4284,#341,.T.);
#3501=EDGE_CURVE('',#4415,#4416,#342,.F.);
#3502=EDGE_CURVE('',#4286,#4416,#343,.T.);
#3503=EDGE_CURVE('',#4273,#4417,#344,.T.);
#3504=EDGE_CURVE('',#4417,#4418,#345,.F.);
#3505=EDGE_CURVE('',#4260,#4418,#346,.T.);
#3506=EDGE_CURVE('',#4419,#4420,#347,.T.);
#3507=EDGE_CURVE('',#4419,#4421,#348,.F.);
#3508=EDGE_CURVE('',#4421,#4422,#349,.T.);
#3509=EDGE_CURVE('',#4422,#4420,#350,.T.);
#3510=EDGE_CURVE('',#4276,#4423,#351,.F.);
#3511=EDGE_CURVE('',#4423,#4424,#352,.T.);
#3512=EDGE_CURVE('',#4424,#4425,#353,.T.);
#3513=EDGE_CURVE('',#4426,#4425,#354,.T.);
#3514=EDGE_CURVE('',#4426,#4427,#355,.T.);
#3515=EDGE_CURVE('',#4427,#4428,#356,.T.);
#3516=EDGE_CURVE('',#4428,#4429,#357,.T.);
#3517=EDGE_CURVE('',#4429,#4430,#358,.T.);
#3518=EDGE_CURVE('',#4430,#4282,#359,.T.);
#3519=EDGE_CURVE('',#4277,#4282,#360,.T.);
#3520=EDGE_CURVE('',#4283,#4431,#361,.T.);
#3521=EDGE_CURVE('',#4283,#4432,#362,.F.);
#3522=EDGE_CURVE('',#4432,#4433,#363,.T.);
#3523=EDGE_CURVE('',#4433,#4434,#364,.T.);
#3524=EDGE_CURVE('',#4431,#4434,#365,.T.);
#3525=EDGE_CURVE('',#4435,#4436,#366,.T.);
#3526=EDGE_CURVE('',#4435,#4437,#367,.F.);
#3527=EDGE_CURVE('',#4437,#4438,#368,.T.);
#3528=EDGE_CURVE('',#4438,#4436,#369,.T.);
#3529=EDGE_CURVE('',#4439,#4440,#370,.T.);
#3530=EDGE_CURVE('',#4440,#4263,#371,.T.);
#3531=EDGE_CURVE('',#4262,#4439,#372,.F.);
#3532=EDGE_CURVE('',#4441,#4442,#373,.T.);
#3533=EDGE_CURVE('',#4442,#4288,#374,.T.);
#3534=EDGE_CURVE('',#4443,#4287,#375,.T.);
#3535=EDGE_CURVE('',#4443,#4444,#44,.T.);
#3536=EDGE_CURVE('',#4445,#4444,#376,.T.);
#3537=EDGE_CURVE('',#4445,#4446,#377,.T.);
#3538=EDGE_CURVE('',#4446,#4447,#378,.T.);
#3539=EDGE_CURVE('',#4448,#4447,#379,.T.);
#3540=EDGE_CURVE('',#4448,#4449,#380,.T.);
#3541=EDGE_CURVE('',#4449,#4347,#381,.T.);
#3542=EDGE_CURVE('',#4347,#4450,#382,.T.);
#3543=EDGE_CURVE('',#4450,#4451,#383,.T.);
#3544=EDGE_CURVE('',#4452,#4451,#384,.T.);
#3545=EDGE_CURVE('',#4452,#4453,#385,.T.);
#3546=EDGE_CURVE('',#4441,#4453,#386,.T.);
#3547=EDGE_CURVE('',#4266,#4454,#387,.F.);
#3548=EDGE_CURVE('',#4454,#4445,#388,.T.);
#3549=EDGE_CURVE('',#4444,#4455,#45,.T.);
#3550=EDGE_CURVE('',#4267,#4455,#389,.T.);
#3551=EDGE_CURVE('',#4456,#4457,#390,.T.);
#3552=EDGE_CURVE('',#4458,#4456,#391,.T.);
#3553=EDGE_CURVE('',#4459,#4458,#392,.T.);
#3554=EDGE_CURVE('',#4457,#4459,#393,.T.);
#3555=EDGE_CURVE('',#4460,#4460,#4913,.T.);
#3556=EDGE_CURVE('',#4461,#4461,#4914,.T.);
#3557=EDGE_CURVE('',#4462,#4463,#394,.T.);
#3558=EDGE_CURVE('',#4462,#4464,#395,.T.);
#3559=EDGE_CURVE('',#4464,#4465,#396,.F.);
#3560=EDGE_CURVE('',#4465,#4466,#397,.F.);
#3561=EDGE_CURVE('',#4466,#4467,#398,.T.);
#3562=EDGE_CURVE('',#4467,#4468,#399,.T.);
#3563=EDGE_CURVE('',#4469,#4468,#400,.T.);
#3564=EDGE_CURVE('',#4469,#4470,#401,.T.);
#3565=EDGE_CURVE('',#4470,#4315,#402,.T.);
#3566=EDGE_CURVE('',#4315,#4308,#403,.T.);
#3567=EDGE_CURVE('',#4308,#4471,#404,.T.);
#3568=EDGE_CURVE('',#4472,#4471,#405,.T.);
#3569=EDGE_CURVE('',#4472,#4473,#406,.T.);
#3570=EDGE_CURVE('',#4474,#4473,#407,.T.);
#3571=EDGE_CURVE('',#4475,#4474,#408,.T.);
#3572=EDGE_CURVE('',#4475,#4476,#409,.T.);
#3573=EDGE_CURVE('',#4476,#4477,#410,.F.);
#3574=EDGE_CURVE('',#4477,#4478,#411,.T.);
#3575=EDGE_CURVE('',#4478,#4479,#412,.F.);
#3576=EDGE_CURVE('',#4479,#4480,#413,.F.);
#3577=EDGE_CURVE('',#4481,#4480,#414,.T.);
#3578=EDGE_CURVE('',#4463,#4481,#415,.T.);
#3579=EDGE_CURVE('',#4482,#4483,#416,.T.);
#3580=EDGE_CURVE('',#4482,#4484,#417,.T.);
#3581=EDGE_CURVE('',#4484,#4485,#418,.T.);
#3582=EDGE_CURVE('',#4483,#4485,#419,.T.);
#3583=EDGE_CURVE('',#4486,#4487,#420,.T.);
#3584=EDGE_CURVE('',#4486,#4488,#421,.T.);
#3585=EDGE_CURVE('',#4488,#4489,#422,.T.);
#3586=EDGE_CURVE('',#4487,#4489,#423,.T.);
#3587=EDGE_CURVE('',#4490,#4491,#424,.T.);
#3588=EDGE_CURVE('',#4428,#4490,#425,.T.);
#3589=EDGE_CURVE('',#4492,#4428,#426,.T.);
#3590=EDGE_CURVE('',#4492,#4493,#4915,.T.);
#3591=EDGE_CURVE('',#4493,#4491,#427,.T.);
#3592=EDGE_CURVE('',#4494,#4494,#4916,.T.);
#3593=EDGE_CURVE('',#4495,#4495,#4917,.T.);
#3594=EDGE_CURVE('',#4429,#4496,#428,.T.);
#3595=EDGE_CURVE('',#4496,#4497,#429,.T.);
#3596=EDGE_CURVE('',#4498,#4497,#430,.T.);
#3597=EDGE_CURVE('',#4499,#4498,#4918,.T.);
#3598=EDGE_CURVE('',#4499,#4429,#431,.T.);
#3599=EDGE_CURVE('',#4500,#4500,#4919,.T.);
#3600=EDGE_CURVE('',#4501,#4298,#432,.T.);
#3601=EDGE_CURVE('',#4501,#4502,#433,.T.);
#3602=EDGE_CURVE('',#4503,#4502,#434,.T.);
#3603=EDGE_CURVE('',#4503,#4504,#4920,.T.);
#3604=EDGE_CURVE('',#4504,#4295,#435,.T.);
#3605=EDGE_CURVE('',#4505,#4505,#4921,.T.);
#3606=EDGE_CURVE('',#4506,#4507,#436,.T.);
#3607=EDGE_CURVE('',#4506,#4508,#437,.T.);
#3608=EDGE_CURVE('',#4509,#4508,#438,.T.);
#3609=EDGE_CURVE('',#4510,#4509,#439,.T.);
#3610=EDGE_CURVE('',#4511,#4510,#4922,.T.);
#3611=EDGE_CURVE('',#4511,#4507,#440,.T.);
#3612=EDGE_CURVE('',#4512,#4513,#441,.T.);
#3613=EDGE_CURVE('',#4512,#4514,#442,.T.);
#3614=EDGE_CURVE('',#4514,#4515,#443,.F.);
#3615=EDGE_CURVE('',#4513,#4515,#444,.T.);
#3616=EDGE_CURVE('',#4516,#4517,#445,.T.);
#3617=EDGE_CURVE('',#4516,#4518,#446,.T.);
#3618=EDGE_CURVE('',#4518,#4519,#4923,.T.);
#3619=EDGE_CURVE('',#4293,#4519,#447,.T.);
#3620=EDGE_CURVE('',#4517,#4293,#448,.T.);
#3621=EDGE_CURVE('',#4520,#4520,#4924,.T.);
#3622=EDGE_CURVE('',#4521,#4522,#449,.T.);
#3623=EDGE_CURVE('',#4521,#4523,#450,.T.);
#3624=EDGE_CURVE('',#4523,#4524,#451,.T.);
#3625=EDGE_CURVE('',#4522,#4524,#452,.T.);
#3626=EDGE_CURVE('',#4525,#4525,#4925,.T.);
#3627=EDGE_CURVE('',#4305,#4526,#453,.T.);
#3628=EDGE_CURVE('',#4526,#4527,#454,.T.);
#3629=EDGE_CURVE('',#4528,#4527,#455,.T.);
#3630=EDGE_CURVE('',#4529,#4528,#4926,.T.);
#3631=EDGE_CURVE('',#4529,#4305,#456,.T.);
#3632=EDGE_CURVE('',#4530,#4531,#457,.T.);
#3633=EDGE_CURVE('',#4530,#4532,#458,.T.);
#3634=EDGE_CURVE('',#4532,#4533,#459,.T.);
#3635=EDGE_CURVE('',#4531,#4533,#460,.T.);
#3636=EDGE_CURVE('',#4534,#4534,#4927,.T.);
#3637=EDGE_CURVE('',#4450,#4535,#461,.T.);
#3638=EDGE_CURVE('',#4535,#4536,#462,.T.);
#3639=EDGE_CURVE('',#4537,#4536,#463,.T.);
#3640=EDGE_CURVE('',#4538,#4537,#4928,.T.);
#3641=EDGE_CURVE('',#4538,#4450,#464,.T.);
#3642=EDGE_CURVE('',#4427,#4539,#465,.T.);
#3643=EDGE_CURVE('',#4539,#4540,#466,.T.);
#3644=EDGE_CURVE('',#4540,#4541,#467,.T.);
#3645=EDGE_CURVE('',#4541,#4492,#468,.T.);
#3646=EDGE_CURVE('',#4312,#4542,#469,.T.);
#3647=EDGE_CURVE('',#4543,#4542,#470,.T.);
#3648=EDGE_CURVE('',#4544,#4543,#471,.T.);
#3649=EDGE_CURVE('',#4471,#4544,#472,.T.);
#3650=EDGE_CURVE('',#4545,#4488,#473,.T.);
#3651=EDGE_CURVE('',#4545,#4236,#474,.T.);
#3652=EDGE_CURVE('',#4235,#4402,#475,.T.);
#3653=EDGE_CURVE('',#4546,#4401,#476,.T.);
#3654=EDGE_CURVE('',#4547,#4546,#477,.T.);
#3655=EDGE_CURVE('',#4547,#4548,#478,.F.);
#3656=EDGE_CURVE('',#4483,#4548,#479,.T.);
#3657=EDGE_CURVE('',#4489,#4485,#480,.T.);
#3658=EDGE_CURVE('',#4549,#4321,#481,.T.);
#3659=EDGE_CURVE('',#4549,#4550,#482,.T.);
#3660=EDGE_CURVE('',#4551,#4550,#483,.T.);
#3661=EDGE_CURVE('',#4551,#4552,#484,.F.);
#3662=EDGE_CURVE('',#4324,#4552,#485,.T.);
#3663=EDGE_CURVE('',#4322,#4326,#486,.T.);
#3664=EDGE_CURVE('',#4553,#4540,#487,.T.);
#3665=EDGE_CURVE('',#4425,#4553,#488,.T.);
#3666=EDGE_CURVE('',#4424,#4554,#489,.T.);
#3667=EDGE_CURVE('',#4541,#4554,#4929,.F.);
#3668=EDGE_CURVE('',#4555,#4555,#4930,.F.);
#3669=EDGE_CURVE('',#4556,#4556,#4931,.T.);
#3670=EDGE_CURVE('',#4473,#4557,#490,.T.);
#3671=EDGE_CURVE('',#4557,#4543,#491,.T.);
#3672=EDGE_CURVE('',#4542,#4558,#4932,.T.);
#3673=EDGE_CURVE('',#4474,#4558,#492,.T.);
#3674=EDGE_CURVE('',#4559,#4559,#4933,.T.);
#3675=EDGE_CURVE('',#4423,#4475,#4934,.T.);
#3676=EDGE_CURVE('',#4311,#4558,#493,.T.);
#3677=EDGE_CURVE('',#4560,#4310,#494,.T.);
#3678=EDGE_CURVE('',#4561,#4560,#495,.T.);
#3679=EDGE_CURVE('',#4482,#4561,#496,.T.);
#3680=EDGE_CURVE('',#4548,#4549,#4935,.F.);
#3681=EDGE_CURVE('',#4562,#4319,#497,.T.);
#3682=EDGE_CURVE('',#4563,#4562,#498,.T.);
#3683=EDGE_CURVE('',#4491,#4563,#499,.T.);
#3684=EDGE_CURVE('',#4554,#4493,#500,.T.);
#3685=EDGE_CURVE('',#4564,#4484,#501,.T.);
#3686=EDGE_CURVE('',#4565,#4564,#502,.T.);
#3687=EDGE_CURVE('',#4309,#4565,#503,.T.);
#3688=EDGE_CURVE('',#4566,#4313,#504,.T.);
#3689=EDGE_CURVE('',#4567,#4566,#505,.T.);
#3690=EDGE_CURVE('',#4487,#4567,#506,.T.);
#3691=EDGE_CURVE('',#4568,#4568,#4936,.T.);
#3692=EDGE_CURVE('',#4511,#4329,#507,.T.);
#3693=EDGE_CURVE('',#4291,#4569,#4937,.T.);
#3694=EDGE_CURVE('',#4570,#4569,#508,.T.);
#3695=EDGE_CURVE('',#4570,#4507,#509,.T.);
#3696=EDGE_CURVE('',#4571,#4572,#510,.T.);
#3697=EDGE_CURVE('',#4571,#4430,#4938,.F.);
#3698=EDGE_CURVE('',#4499,#4573,#511,.T.);
#3699=EDGE_CURVE('',#4574,#4573,#512,.T.);
#3700=EDGE_CURVE('',#4572,#4574,#513,.T.);
#3701=EDGE_CURVE('',#4575,#4508,#514,.T.);
#3702=EDGE_CURVE('',#4575,#4576,#515,.F.);
#3703=EDGE_CURVE('',#4576,#4509,#516,.T.);
#3704=EDGE_CURVE('',#4577,#4577,#4939,.T.);
#3705=EDGE_CURVE('',#4302,#4578,#517,.T.);
#3706=EDGE_CURVE('',#4578,#4574,#518,.T.);
#3707=EDGE_CURVE('',#4573,#4579,#4940,.T.);
#3708=EDGE_CURVE('',#4299,#4579,#519,.T.);
#3709=EDGE_CURVE('',#4580,#4581,#520,.T.);
#3710=EDGE_CURVE('',#4580,#4582,#521,.F.);
#3711=EDGE_CURVE('',#4583,#4582,#522,.T.);
#3712=EDGE_CURVE('',#4583,#4581,#523,.T.);
#3713=EDGE_CURVE('',#4584,#4585,#524,.T.);
#3714=EDGE_CURVE('',#4584,#4586,#525,.F.);
#3715=EDGE_CURVE('',#4335,#4586,#526,.T.);
#3716=EDGE_CURVE('',#4587,#4334,#527,.T.);
#3717=EDGE_CURVE('',#4587,#4585,#528,.T.);
#3718=EDGE_CURVE('',#4552,#4583,#4941,.T.);
#3719=EDGE_CURVE('',#4582,#4514,#4942,.F.);
#3720=EDGE_CURVE('',#4588,#4512,#529,.T.);
#3721=EDGE_CURVE('',#4589,#4588,#530,.T.);
#3722=EDGE_CURVE('',#4328,#4589,#531,.T.);
#3723=EDGE_CURVE('',#4510,#4330,#532,.T.);
#3724=EDGE_CURVE('',#4576,#4433,#4943,.T.);
#3725=EDGE_CURVE('',#4432,#4300,#4944,.F.);
#3726=EDGE_CURVE('',#4498,#4579,#533,.T.);
#3727=EDGE_CURVE('',#4590,#4497,#534,.T.);
#3728=EDGE_CURVE('',#4591,#4590,#535,.T.);
#3729=EDGE_CURVE('',#4323,#4591,#536,.T.);
#3730=EDGE_CURVE('',#4592,#4490,#537,.T.);
#3731=EDGE_CURVE('',#4593,#4592,#538,.T.);
#3732=EDGE_CURVE('',#4320,#4593,#539,.T.);
#3733=EDGE_CURVE('',#4594,#4325,#540,.T.);
#3734=EDGE_CURVE('',#4595,#4594,#541,.T.);
#3735=EDGE_CURVE('',#4496,#4595,#542,.T.);
#3736=EDGE_CURVE('',#4596,#4596,#4945,.T.);
#3737=EDGE_CURVE('',#4303,#4597,#4946,.F.);
#3738=EDGE_CURVE('',#4597,#4598,#543,.T.);
#3739=EDGE_CURVE('',#4598,#4599,#544,.T.);
#3740=EDGE_CURVE('',#4599,#4600,#545,.T.);
#3741=EDGE_CURVE('',#4600,#4338,#546,.T.);
#3742=EDGE_CURVE('',#4519,#4503,#547,.T.);
#3743=EDGE_CURVE('',#4601,#4502,#548,.T.);
#3744=EDGE_CURVE('',#4601,#4602,#549,.T.);
#3745=EDGE_CURVE('',#4602,#4294,#4947,.T.);
#3746=EDGE_CURVE('',#4603,#4604,#550,.T.);
#3747=EDGE_CURVE('',#4603,#4605,#551,.F.);
#3748=EDGE_CURVE('',#4606,#4605,#552,.T.);
#3749=EDGE_CURVE('',#4606,#4604,#553,.T.);
#3750=EDGE_CURVE('',#4607,#4608,#554,.T.);
#3751=EDGE_CURVE('',#4607,#4609,#555,.F.);
#3752=EDGE_CURVE('',#4524,#4609,#556,.T.);
#3753=EDGE_CURVE('',#4610,#4523,#557,.T.);
#3754=EDGE_CURVE('',#4610,#4608,#558,.T.);
#3755=EDGE_CURVE('',#4611,#4599,#559,.T.);
#3756=EDGE_CURVE('',#4611,#4436,#560,.T.);
#3757=EDGE_CURVE('',#4438,#4612,#561,.T.);
#3758=EDGE_CURVE('',#4600,#4612,#4948,.F.);
#3759=EDGE_CURVE('',#4613,#4613,#4949,.F.);
#3760=EDGE_CURVE('',#4605,#4610,#4950,.T.);
#3761=EDGE_CURVE('',#4614,#4521,#562,.T.);
#3762=EDGE_CURVE('',#4615,#4614,#563,.T.);
#3763=EDGE_CURVE('',#4337,#4615,#564,.T.);
#3764=EDGE_CURVE('',#4612,#4339,#565,.T.);
#3765=EDGE_CURVE('',#4437,#4440,#4951,.F.);
#3766=EDGE_CURVE('',#4439,#4296,#4952,.T.);
#3767=EDGE_CURVE('',#4518,#4504,#566,.T.);
#3768=EDGE_CURVE('',#4616,#4516,#567,.T.);
#3769=EDGE_CURVE('',#4617,#4616,#568,.T.);
#3770=EDGE_CURVE('',#4333,#4617,#569,.T.);
#3771=EDGE_CURVE('',#4586,#4606,#4953,.F.);
#3772=EDGE_CURVE('',#4618,#4327,#570,.T.);
#3773=EDGE_CURVE('',#4619,#4618,#571,.T.);
#3774=EDGE_CURVE('',#4513,#4619,#572,.T.);
#3775=EDGE_CURVE('',#4515,#4587,#4954,.F.);
#3776=EDGE_CURVE('',#4620,#4332,#573,.T.);
#3777=EDGE_CURVE('',#4621,#4620,#574,.T.);
#3778=EDGE_CURVE('',#4517,#4621,#575,.T.);
#3779=EDGE_CURVE('',#4622,#4622,#4955,.T.);
#3780=EDGE_CURVE('',#4449,#4623,#576,.T.);
#3781=EDGE_CURVE('',#4623,#4624,#577,.T.);
#3782=EDGE_CURVE('',#4624,#4625,#578,.T.);
#3783=EDGE_CURVE('',#4625,#4348,#579,.T.);
#3784=EDGE_CURVE('',#4529,#4626,#580,.T.);
#3785=EDGE_CURVE('',#4627,#4626,#581,.T.);
#3786=EDGE_CURVE('',#4628,#4627,#582,.T.);
#3787=EDGE_CURVE('',#4629,#4628,#583,.T.);
#3788=EDGE_CURVE('',#4629,#4306,#4956,.T.);
#3789=EDGE_CURVE('',#4630,#4631,#584,.T.);
#3790=EDGE_CURVE('',#4630,#4632,#585,.F.);
#3791=EDGE_CURVE('',#4633,#4632,#586,.T.);
#3792=EDGE_CURVE('',#4633,#4631,#587,.T.);
#3793=EDGE_CURVE('',#4634,#4635,#588,.T.);
#3794=EDGE_CURVE('',#4634,#4636,#589,.F.);
#3795=EDGE_CURVE('',#4352,#4636,#590,.T.);
#3796=EDGE_CURVE('',#4533,#4354,#591,.T.);
#3797=EDGE_CURVE('',#4637,#4532,#592,.T.);
#3798=EDGE_CURVE('',#4637,#4635,#593,.T.);
#3799=EDGE_CURVE('',#4638,#4624,#594,.T.);
#3800=EDGE_CURVE('',#4638,#4447,#595,.T.);
#3801=EDGE_CURVE('',#4446,#4639,#596,.T.);
#3802=EDGE_CURVE('',#4625,#4639,#4957,.F.);
#3803=EDGE_CURVE('',#4640,#4640,#4958,.F.);
#3804=EDGE_CURVE('',#4641,#4641,#4959,.T.);
#3805=EDGE_CURVE('',#4642,#4643,#597,.T.);
#3806=EDGE_CURVE('',#4642,#4627,#598,.T.);
#3807=EDGE_CURVE('',#4626,#4644,#4960,.T.);
#3808=EDGE_CURVE('',#4645,#4644,#599,.T.);
#3809=EDGE_CURVE('',#4645,#4643,#600,.T.);
#3810=EDGE_CURVE('',#4632,#4637,#4961,.T.);
#3811=EDGE_CURVE('',#4646,#4530,#601,.T.);
#3812=EDGE_CURVE('',#4647,#4646,#602,.T.);
#3813=EDGE_CURVE('',#4346,#4647,#603,.T.);
#3814=EDGE_CURVE('',#4639,#4349,#604,.T.);
#3815=EDGE_CURVE('',#4454,#4645,#4962,.T.);
#3816=EDGE_CURVE('',#4528,#4644,#605,.T.);
#3817=EDGE_CURVE('',#4648,#4527,#606,.T.);
#3818=EDGE_CURVE('',#4649,#4648,#607,.T.);
#3819=EDGE_CURVE('',#4341,#4649,#608,.T.);
#3820=EDGE_CURVE('',#4342,#4633,#4963,.F.);
#3821=EDGE_CURVE('',#4650,#4336,#609,.T.);
#3822=EDGE_CURVE('',#4651,#4650,#610,.T.);
#3823=EDGE_CURVE('',#4522,#4651,#611,.T.);
#3824=EDGE_CURVE('',#4609,#4344,#4964,.F.);
#3825=EDGE_CURVE('',#4652,#4343,#612,.T.);
#3826=EDGE_CURVE('',#4653,#4652,#613,.T.);
#3827=EDGE_CURVE('',#4526,#4653,#614,.T.);
#3828=EDGE_CURVE('',#4654,#4654,#4965,.T.);
#3829=EDGE_CURVE('',#4470,#4655,#615,.T.);
#3830=EDGE_CURVE('',#4655,#4656,#616,.T.);
#3831=EDGE_CURVE('',#4656,#4657,#617,.T.);
#3832=EDGE_CURVE('',#4657,#4316,#618,.T.);
#3833=EDGE_CURVE('',#4538,#4658,#619,.T.);
#3834=EDGE_CURVE('',#4659,#4658,#620,.T.);
#3835=EDGE_CURVE('',#4660,#4659,#621,.T.);
#3836=EDGE_CURVE('',#4451,#4660,#622,.T.);
#3837=EDGE_CURVE('',#4661,#4662,#623,.T.);
#3838=EDGE_CURVE('',#4662,#4663,#624,.F.);
#3839=EDGE_CURVE('',#4244,#4663,#625,.T.);
#3840=EDGE_CURVE('',#4243,#4664,#626,.F.);
#3841=EDGE_CURVE('',#4665,#4664,#627,.T.);
#3842=EDGE_CURVE('',#4665,#4666,#628,.T.);
#3843=EDGE_CURVE('',#4661,#4666,#629,.T.);
#3844=EDGE_CURVE('',#4241,#4667,#630,.F.);
#3845=EDGE_CURVE('',#4667,#4668,#631,.T.);
#3846=EDGE_CURVE('',#4668,#4242,#632,.T.);
#3847=EDGE_CURVE('',#4669,#4670,#633,.T.);
#3848=EDGE_CURVE('',#4670,#4240,#634,.T.);
#3849=EDGE_CURVE('',#4239,#4669,#635,.F.);
#3850=EDGE_CURVE('',#4237,#4671,#636,.F.);
#3851=EDGE_CURVE('',#4671,#4672,#637,.T.);
#3852=EDGE_CURVE('',#4672,#4238,#638,.T.);
#3853=EDGE_CURVE('',#4673,#4656,#639,.T.);
#3854=EDGE_CURVE('',#4468,#4673,#640,.T.);
#3855=EDGE_CURVE('',#4467,#4674,#641,.T.);
#3856=EDGE_CURVE('',#4657,#4674,#4966,.F.);
#3857=EDGE_CURVE('',#4675,#4675,#4967,.F.);
#3858=EDGE_CURVE('',#4676,#4677,#642,.T.);
#3859=EDGE_CURVE('',#4677,#4678,#643,.T.);
#3860=EDGE_CURVE('',#4678,#4679,#644,.F.);
#3861=EDGE_CURVE('',#4676,#4679,#645,.T.);
#3862=EDGE_CURVE('',#4680,#4681,#646,.T.);
#3863=EDGE_CURVE('',#4681,#4682,#647,.T.);
#3864=EDGE_CURVE('',#4682,#4683,#648,.F.);
#3865=EDGE_CURVE('',#4680,#4683,#649,.T.);
#3866=EDGE_CURVE('',#4684,#4685,#650,.T.);
#3867=EDGE_CURVE('',#4685,#4686,#651,.T.);
#3868=EDGE_CURVE('',#4686,#4687,#652,.F.);
#3869=EDGE_CURVE('',#4684,#4687,#653,.T.);
#3870=EDGE_CURVE('',#4688,#4689,#654,.F.);
#3871=EDGE_CURVE('',#4689,#4690,#655,.F.);
#3872=EDGE_CURVE('',#4690,#4691,#656,.T.);
#3873=EDGE_CURVE('',#4691,#4692,#657,.T.);
#3874=EDGE_CURVE('',#4692,#4693,#658,.F.);
#3875=EDGE_CURVE('',#4693,#4688,#659,.F.);
#3876=EDGE_CURVE('',#4694,#4694,#4968,.T.);
#3877=EDGE_CURVE('',#4695,#4453,#660,.T.);
#3878=EDGE_CURVE('',#4695,#4659,#661,.T.);
#3879=EDGE_CURVE('',#4658,#4696,#4969,.T.);
#3880=EDGE_CURVE('',#4441,#4696,#662,.T.);
#3881=EDGE_CURVE('',#4697,#4697,#4970,.T.);
#3882=EDGE_CURVE('',#4698,#4698,#4971,.T.);
#3883=EDGE_CURVE('',#4699,#4699,#4972,.T.);
#3884=EDGE_CURVE('',#4690,#4442,#4973,.T.);
#3885=EDGE_CURVE('',#4537,#4696,#663,.T.);
#3886=EDGE_CURVE('',#4700,#4536,#664,.T.);
#3887=EDGE_CURVE('',#4701,#4700,#665,.T.);
#3888=EDGE_CURVE('',#4351,#4701,#666,.T.);
#3889=EDGE_CURVE('',#4636,#4665,#4974,.F.);
#3890=EDGE_CURVE('',#4664,#4668,#4975,.F.);
#3891=EDGE_CURVE('',#4667,#4670,#4976,.F.);
#3892=EDGE_CURVE('',#4669,#4672,#4977,.F.);
#3893=EDGE_CURVE('',#4671,#4545,#4978,.F.);
#3894=EDGE_CURVE('',#4702,#4486,#667,.T.);
#3895=EDGE_CURVE('',#4703,#4702,#668,.T.);
#3896=EDGE_CURVE('',#4314,#4703,#669,.T.);
#3897=EDGE_CURVE('',#4674,#4317,#670,.T.);
#3898=EDGE_CURVE('',#4466,#4676,#4979,.T.);
#3899=EDGE_CURVE('',#4679,#4680,#4980,.T.);
#3900=EDGE_CURVE('',#4683,#4684,#4981,.T.);
#3901=EDGE_CURVE('',#4687,#4691,#4982,.T.);
#3902=EDGE_CURVE('',#4704,#4345,#671,.T.);
#3903=EDGE_CURVE('',#4705,#4704,#672,.T.);
#3904=EDGE_CURVE('',#4531,#4705,#673,.T.);
#3905=EDGE_CURVE('',#4706,#4353,#674,.T.);
#3906=EDGE_CURVE('',#4707,#4706,#675,.T.);
#3907=EDGE_CURVE('',#4535,#4707,#676,.T.);
#3908=EDGE_CURVE('',#4708,#4708,#4983,.T.);
#3909=EDGE_CURVE('',#4550,#4547,#4984,.T.);
#3910=EDGE_CURVE('',#4661,#4546,#677,.T.);
#3911=EDGE_CURVE('',#4666,#4634,#4985,.T.);
#3912=EDGE_CURVE('',#4635,#4630,#4986,.F.);
#3913=EDGE_CURVE('',#4631,#4607,#4987,.T.);
#3914=EDGE_CURVE('',#4608,#4603,#4988,.F.);
#3915=EDGE_CURVE('',#4604,#4584,#4989,.T.);
#3916=EDGE_CURVE('',#4585,#4580,#4990,.T.);
#3917=EDGE_CURVE('',#4581,#4551,#4991,.F.);
#3918=EDGE_CURVE('',#4709,#4709,#4992,.T.);
#3919=EDGE_CURVE('',#4710,#4710,#4993,.T.);
#3920=EDGE_CURVE('',#4711,#4711,#4994,.T.);
#3921=EDGE_CURVE('',#4712,#4712,#4995,.T.);
#3922=EDGE_CURVE('',#4713,#4713,#4996,.T.);
#3923=EDGE_CURVE('',#4714,#4714,#4997,.T.);
#3924=EDGE_CURVE('',#4715,#4715,#4998,.T.);
#3925=EDGE_CURVE('',#4716,#4716,#4999,.T.);
#3926=EDGE_CURVE('',#4717,#4717,#5000,.T.);
#3927=EDGE_CURVE('',#4718,#4718,#5001,.T.);
#3928=EDGE_CURVE('',#4719,#4719,#5002,.T.);
#3929=EDGE_CURVE('',#4720,#4720,#5003,.T.);
#3930=EDGE_CURVE('',#4721,#4721,#5004,.T.);
#3931=EDGE_CURVE('',#4722,#4722,#5005,.T.);
#3932=EDGE_CURVE('',#4723,#4723,#5006,.T.);
#3933=EDGE_CURVE('',#4724,#4724,#5007,.T.);
#3934=EDGE_CURVE('',#4725,#4725,#5008,.T.);
#3935=EDGE_CURVE('',#4726,#4726,#5009,.T.);
#3936=EDGE_CURVE('',#4727,#4727,#5010,.T.);
#3937=EDGE_CURVE('',#4728,#4728,#5011,.T.);
#3938=EDGE_CURVE('',#4729,#4729,#5012,.T.);
#3939=EDGE_CURVE('',#4730,#4730,#5013,.T.);
#3940=EDGE_CURVE('',#4731,#4731,#5014,.T.);
#3941=EDGE_CURVE('',#4732,#4732,#5015,.T.);
#3942=EDGE_CURVE('',#4733,#4733,#5016,.T.);
#3943=EDGE_CURVE('',#4734,#4734,#5017,.T.);
#3944=EDGE_CURVE('',#4735,#4735,#5018,.T.);
#3945=EDGE_CURVE('',#4736,#4736,#5019,.T.);
#3946=EDGE_CURVE('',#4737,#4737,#5020,.T.);
#3947=EDGE_CURVE('',#4738,#4738,#5021,.T.);
#3948=EDGE_CURVE('',#4739,#4739,#5022,.T.);
#3949=EDGE_CURVE('',#4740,#4740,#5023,.T.);
#3950=EDGE_CURVE('',#4741,#4741,#5024,.T.);
#3951=EDGE_CURVE('',#4742,#4742,#5025,.T.);
#3952=EDGE_CURVE('',#4743,#4743,#5026,.T.);
#3953=EDGE_CURVE('',#4744,#4744,#5027,.T.);
#3954=EDGE_CURVE('',#4745,#4745,#5028,.T.);
#3955=EDGE_CURVE('',#4746,#4746,#5029,.T.);
#3956=EDGE_CURVE('',#4747,#4747,#5030,.T.);
#3957=EDGE_CURVE('',#4748,#4748,#5031,.T.);
#3958=EDGE_CURVE('',#4749,#4749,#5032,.T.);
#3959=EDGE_CURVE('',#4750,#4750,#5033,.T.);
#3960=EDGE_CURVE('',#4751,#4751,#5034,.T.);
#3961=EDGE_CURVE('',#4752,#4752,#5035,.T.);
#3962=EDGE_CURVE('',#4394,#4395,#46,.T.);
#3963=EDGE_CURVE('',#4753,#4753,#5036,.T.);
#3964=EDGE_CURVE('',#4754,#4754,#5037,.T.);
#3965=EDGE_CURVE('',#4755,#4755,#5038,.T.);
#3966=EDGE_CURVE('',#4756,#4756,#5039,.T.);
#3967=EDGE_CURVE('',#4397,#4398,#47,.T.);
#3968=EDGE_CURVE('',#4757,#4623,#678,.T.);
#3969=EDGE_CURVE('',#4757,#4638,#679,.T.);
#3970=EDGE_CURVE('',#4757,#4448,#680,.T.);
#3971=EDGE_CURVE('',#4758,#4695,#681,.T.);
#3972=EDGE_CURVE('',#4758,#4660,#682,.T.);
#3973=EDGE_CURVE('',#4758,#4452,#683,.T.);
#3974=EDGE_CURVE('',#4759,#4598,#684,.T.);
#3975=EDGE_CURVE('',#4759,#4611,#685,.T.);
#3976=EDGE_CURVE('',#4759,#4760,#686,.T.);
#3977=EDGE_CURVE('',#4760,#4435,#29,.T.);
#3978=EDGE_CURVE('',#4597,#4760,#687,.T.);
#3979=EDGE_CURVE('',#4761,#4642,#688,.T.);
#3980=EDGE_CURVE('',#4761,#4628,#689,.T.);
#3981=EDGE_CURVE('',#4643,#4762,#30,.T.);
#3982=EDGE_CURVE('',#4761,#4762,#690,.T.);
#3983=EDGE_CURVE('',#4762,#4629,#691,.T.);
#3984=EDGE_CURVE('',#4763,#4570,#692,.T.);
#3985=EDGE_CURVE('',#4763,#4506,#693,.T.);
#3986=EDGE_CURVE('',#4763,#4764,#694,.T.);
#3987=EDGE_CURVE('',#4764,#4575,#31,.F.);
#3988=EDGE_CURVE('',#4569,#4764,#695,.F.);
#3989=EDGE_CURVE('',#4765,#4501,#696,.T.);
#3990=EDGE_CURVE('',#4765,#4601,#697,.T.);
#3991=EDGE_CURVE('',#4297,#4766,#32,.T.);
#3992=EDGE_CURVE('',#4765,#4766,#698,.T.);
#3993=EDGE_CURVE('',#4766,#4602,#699,.T.);
#3994=EDGE_CURVE('',#4767,#4539,#700,.T.);
#3995=EDGE_CURVE('',#4767,#4553,#701,.T.);
#3996=EDGE_CURVE('',#4426,#4767,#702,.T.);
#3997=EDGE_CURVE('',#4768,#4578,#703,.T.);
#3998=EDGE_CURVE('',#4768,#4572,#704,.T.);
#3999=EDGE_CURVE('',#4301,#4769,#33,.T.);
#4000=EDGE_CURVE('',#4769,#4768,#705,.T.);
#4001=EDGE_CURVE('',#4769,#4571,#706,.F.);
#4002=EDGE_CURVE('',#4770,#4655,#707,.T.);
#4003=EDGE_CURVE('',#4770,#4673,#708,.T.);
#4004=EDGE_CURVE('',#4469,#4770,#709,.T.);
#4005=EDGE_CURVE('',#4771,#4557,#710,.T.);
#4006=EDGE_CURVE('',#4771,#4544,#711,.T.);
#4007=EDGE_CURVE('',#4472,#4771,#712,.T.);
#4008=EDGE_CURVE('',#4400,#4662,#5040,.T.);
#4009=EDGE_CURVE('',#4663,#4403,#5041,.F.);
#4010=EDGE_CURVE('',#4772,#4234,#713,.T.);
#4011=EDGE_CURVE('',#4773,#4772,#714,.T.);
#4012=EDGE_CURVE('',#4773,#4210,#715,.T.);
#4013=EDGE_CURVE('',#4774,#4209,#716,.T.);
#4014=EDGE_CURVE('',#4775,#4774,#717,.T.);
#4015=EDGE_CURVE('',#4775,#4216,#718,.T.);
#4016=EDGE_CURVE('',#4776,#4215,#719,.T.);
#4017=EDGE_CURVE('',#4777,#4776,#720,.T.);
#4018=EDGE_CURVE('',#4777,#4222,#721,.T.);
#4019=EDGE_CURVE('',#4778,#4221,#722,.T.);
#4020=EDGE_CURVE('',#4779,#4778,#723,.T.);
#4021=EDGE_CURVE('',#4779,#4228,#724,.T.);
#4022=EDGE_CURVE('',#4780,#4227,#725,.T.);
#4023=EDGE_CURVE('',#4781,#4780,#726,.T.);
#4024=EDGE_CURVE('',#4781,#4232,#727,.T.);
#4025=EDGE_CURVE('',#4252,#4357,#728,.T.);
#4026=EDGE_CURVE('',#4253,#4355,#729,.T.);
#4027=EDGE_CURVE('',#4254,#4356,#730,.T.);
#4028=EDGE_CURVE('',#4248,#4358,#731,.T.);
#4029=EDGE_CURVE('',#4782,#4251,#732,.T.);
#4030=EDGE_CURVE('',#4782,#4783,#733,.T.);
#4031=EDGE_CURVE('',#4783,#4457,#734,.T.);
#4032=EDGE_CURVE('',#4784,#4459,#735,.T.);
#4033=EDGE_CURVE('',#4784,#4785,#736,.T.);
#4034=EDGE_CURVE('',#4785,#4247,#737,.T.);
#4035=EDGE_CURVE('',#4275,#4786,#738,.F.);
#4036=EDGE_CURVE('',#4787,#4278,#739,.F.);
#4037=EDGE_CURVE('',#4787,#4786,#740,.T.);
#4038=EDGE_CURVE('',#4788,#4789,#741,.F.);
#4039=EDGE_CURVE('',#4789,#4790,#742,.T.);
#4040=EDGE_CURVE('',#4791,#4790,#743,.F.);
#4041=EDGE_CURVE('',#4791,#4788,#744,.F.);
#4042=EDGE_CURVE('',#4792,#4793,#745,.F.);
#4043=EDGE_CURVE('',#4793,#4794,#746,.T.);
#4044=EDGE_CURVE('',#4794,#4795,#747,.T.);
#4045=EDGE_CURVE('',#4795,#4792,#748,.F.);
#4046=EDGE_CURVE('',#4796,#4269,#749,.F.);
#4047=EDGE_CURVE('',#4796,#4797,#750,.F.);
#4048=EDGE_CURVE('',#4797,#4270,#751,.F.);
#4049=EDGE_CURVE('',#4271,#4798,#752,.T.);
#4050=EDGE_CURVE('',#4798,#4799,#753,.F.);
#4051=EDGE_CURVE('',#4799,#4272,#754,.F.);
#4052=EDGE_CURVE('',#4800,#4801,#755,.F.);
#4053=EDGE_CURVE('',#4801,#4802,#756,.T.);
#4054=EDGE_CURVE('',#4803,#4802,#757,.F.);
#4055=EDGE_CURVE('',#4803,#4800,#758,.F.);
#4056=EDGE_CURVE('',#4804,#4805,#759,.F.);
#4057=EDGE_CURVE('',#4805,#4806,#760,.T.);
#4058=EDGE_CURVE('',#4806,#4807,#761,.T.);
#4059=EDGE_CURVE('',#4807,#4804,#762,.F.);
#4060=EDGE_CURVE('',#4257,#4431,#5042,.F.);
#4061=EDGE_CURVE('',#4434,#4290,#5043,.T.);
#4062=EDGE_CURVE('',#4808,#4809,#763,.F.);
#4063=EDGE_CURVE('',#4809,#4810,#764,.F.);
#4064=EDGE_CURVE('',#4810,#4811,#765,.T.);
#4065=EDGE_CURVE('',#4811,#4808,#766,.T.);
#4066=EDGE_CURVE('',#4481,#4463,#5044,.T.);
#4067=EDGE_CURVE('',#4812,#4812,#5045,.T.);
#4068=EDGE_CURVE('',#4808,#4422,#48,.T.);
#4069=EDGE_CURVE('',#4421,#4463,#49,.T.);
#4070=EDGE_CURVE('',#4481,#4809,#50,.T.);
#4071=EDGE_CURVE('',#4255,#4813,#51,.T.);
#4072=EDGE_CURVE('',#4418,#4803,#52,.T.);
#4073=EDGE_CURVE('',#4802,#4813,#53,.T.);
#4074=EDGE_CURVE('',#4814,#4815,#54,.T.);
#4075=EDGE_CURVE('',#4815,#4796,#55,.T.);
#4076=EDGE_CURVE('',#4268,#4816,#56,.T.);
#4077=EDGE_CURVE('',#4816,#4814,#767,.T.);
#4078=EDGE_CURVE('',#4416,#4791,#57,.T.);
#4079=EDGE_CURVE('',#4790,#4287,#58,.T.);
#4080=EDGE_CURVE('',#4412,#4787,#59,.T.);
#4081=EDGE_CURVE('',#4277,#4411,#60,.T.);
#4082=EDGE_CURVE('',#4706,#4701,#768,.T.);
#4083=EDGE_CURVE('',#4707,#4700,#769,.T.);
#4084=EDGE_CURVE('',#4566,#4703,#770,.T.);
#4085=EDGE_CURVE('',#4567,#4702,#771,.T.);
#4086=EDGE_CURVE('',#4705,#4646,#772,.T.);
#4087=EDGE_CURVE('',#4704,#4647,#773,.T.);
#4088=EDGE_CURVE('',#4652,#4649,#774,.T.);
#4089=EDGE_CURVE('',#4653,#4648,#775,.T.);
#4090=EDGE_CURVE('',#4651,#4614,#776,.T.);
#4091=EDGE_CURVE('',#4650,#4615,#777,.T.);
#4092=EDGE_CURVE('',#4620,#4617,#778,.T.);
#4093=EDGE_CURVE('',#4621,#4616,#779,.T.);
#4094=EDGE_CURVE('',#4619,#4588,#780,.T.);
#4095=EDGE_CURVE('',#4618,#4589,#781,.T.);
#4096=EDGE_CURVE('',#4594,#4591,#782,.T.);
#4097=EDGE_CURVE('',#4595,#4590,#783,.T.);
#4098=EDGE_CURVE('',#4592,#4563,#784,.T.);
#4099=EDGE_CURVE('',#4593,#4562,#785,.T.);
#4100=EDGE_CURVE('',#4565,#4560,#786,.T.);
#4101=EDGE_CURVE('',#4564,#4561,#787,.T.);
#4102=EDGE_CURVE('',#4799,#4417,#5046,.T.);
#4103=EDGE_CURVE('',#4806,#4801,#5047,.T.);
#4104=EDGE_CURVE('',#4800,#4807,#5048,.T.);
#4105=EDGE_CURVE('',#4413,#4805,#5049,.F.);
#4106=EDGE_CURVE('',#4804,#4414,#5050,.F.);
#4107=EDGE_CURVE('',#4797,#4798,#5051,.F.);
#4108=EDGE_CURVE('',#4816,#4793,#5052,.T.);
#4109=EDGE_CURVE('',#4792,#4814,#5053,.T.);
#4110=EDGE_CURVE('',#4794,#4789,#5054,.F.);
#4111=EDGE_CURVE('',#4788,#4795,#5055,.F.);
#4112=EDGE_CURVE('',#4686,#4692,#5056,.T.);
#4113=EDGE_CURVE('',#4682,#4685,#5057,.T.);
#4114=EDGE_CURVE('',#4678,#4681,#5058,.T.);
#4115=EDGE_CURVE('',#4465,#4677,#5059,.T.);
#4116=EDGE_CURVE('',#4464,#4378,#5060,.F.);
#4117=EDGE_CURVE('',#4465,#4377,#5061,.T.);
#4118=EDGE_CURVE('',#4677,#4410,#5062,.T.);
#4119=EDGE_CURVE('',#4678,#4409,#5063,.T.);
#4120=EDGE_CURVE('',#4817,#4817,#61,.T.);
#4121=EDGE_CURVE('',#4681,#4408,#5064,.T.);
#4122=EDGE_CURVE('',#4682,#4407,#5065,.T.);
#4123=EDGE_CURVE('',#4818,#4818,#62,.T.);
#4124=EDGE_CURVE('',#4685,#4406,#5066,.T.);
#4125=EDGE_CURVE('',#4686,#4405,#5067,.T.);
#4126=EDGE_CURVE('',#4288,#4689,#34,.T.);
#4127=EDGE_CURVE('',#4692,#4404,#5068,.T.);
#4128=EDGE_CURVE('',#4285,#4819,#63,.T.);
#4129=EDGE_CURVE('',#4819,#4688,#35,.T.);
#4130=EDGE_CURVE('',#4693,#4399,#5069,.T.);
#4131=EDGE_CURVE('',#4819,#4820,#788,.F.);
#4132=EDGE_CURVE('',#4820,#4693,#5070,.T.);
#4133=EDGE_CURVE('',#4820,#4821,#64,.T.);
#4134=EDGE_CURVE('',#4821,#4399,#5071,.F.);
#4135=EDGE_CURVE('',#4821,#4415,#65,.T.);
#4136=EDGE_CURVE('',#4788,#4396,#5072,.T.);
#4137=EDGE_CURVE('',#4795,#4393,#5073,.T.);
#4138=EDGE_CURVE('',#4792,#4392,#5074,.T.);
#4139=EDGE_CURVE('',#4815,#4391,#5075,.T.);
#4140=EDGE_CURVE('',#4797,#4390,#5076,.T.);
#4141=EDGE_CURVE('',#4798,#4389,#5077,.T.);
#4142=EDGE_CURVE('',#4799,#4388,#5078,.T.);
#4143=EDGE_CURVE('',#4417,#4387,#5079,.T.);
#4144=EDGE_CURVE('',#4800,#4386,#5080,.T.);
#4145=EDGE_CURVE('',#4807,#4385,#5081,.T.);
#4146=EDGE_CURVE('',#4804,#4384,#5082,.T.);
#4147=EDGE_CURVE('',#4414,#4383,#5083,.T.);
#4148=EDGE_CURVE('',#4381,#4479,#5084,.T.);
#4149=EDGE_CURVE('',#4822,#4478,#36,.T.);
#4150=EDGE_CURVE('',#4382,#4822,#37,.T.);
#4151=EDGE_CURVE('',#4786,#4823,#66,.T.);
#4152=EDGE_CURVE('',#4823,#4822,#38,.T.);
#4153=EDGE_CURVE('',#4823,#4824,#789,.T.);
#4154=EDGE_CURVE('',#4824,#4477,#39,.F.);
#4155=EDGE_CURVE('',#4476,#4276,#40,.F.);
#4156=EDGE_CURVE('',#4824,#4274,#67,.T.);
#4157=EDGE_CURVE('',#4413,#4281,#5085,.T.);
#4158=EDGE_CURVE('',#4805,#4280,#5086,.T.);
#4159=EDGE_CURVE('',#4806,#4431,#5087,.T.);
#4160=EDGE_CURVE('',#4801,#4813,#5088,.T.);
#4161=EDGE_CURVE('',#4793,#4267,#5089,.T.);
#4162=EDGE_CURVE('',#4794,#4455,#5090,.T.);
#4163=EDGE_CURVE('',#4789,#4443,#5091,.T.);
#4164=EDGE_CURVE('',#4419,#4462,#68,.T.);
#4165=EDGE_CURVE('',#4480,#4810,#69,.T.);
#4166=EDGE_CURVE('',#4811,#4380,#41,.F.);
#4167=EDGE_CURVE('',#4379,#4420,#42,.F.);
#4168=EDGE_CURVE('',#4464,#4420,#5092,.T.);
#4169=EDGE_CURVE('',#4378,#4420,#5093,.T.);
#4170=EDGE_CURVE('',#4811,#4479,#5094,.T.);
#4171=EDGE_CURVE('',#4811,#4381,#5095,.T.);
#4172=EDGE_CURVE('',#4825,#4458,#790,.T.);
#4173=EDGE_CURVE('',#4784,#4825,#791,.T.);
#4174=EDGE_CURVE('',#4826,#4456,#792,.T.);
#4175=EDGE_CURVE('',#4825,#4826,#793,.T.);
#4176=EDGE_CURVE('',#4826,#4783,#794,.T.);
#4177=EDGE_CURVE('',#4827,#4250,#795,.T.);
#4178=EDGE_CURVE('',#4827,#4782,#796,.T.);
#4179=EDGE_CURVE('',#4828,#4249,#797,.T.);
#4180=EDGE_CURVE('',#4828,#4827,#798,.T.);
#4181=EDGE_CURVE('',#4785,#4828,#799,.T.);
#4182=EDGE_CURVE('',#4773,#4829,#800,.T.);
#4183=EDGE_CURVE('',#4829,#4211,#801,.T.);
#4184=EDGE_CURVE('',#4830,#4233,#802,.T.);
#4185=EDGE_CURVE('',#4772,#4830,#803,.T.);
#4186=EDGE_CURVE('',#4831,#4231,#804,.T.);
#4187=EDGE_CURVE('',#4830,#4831,#805,.T.);
#4188=EDGE_CURVE('',#4831,#4781,#806,.T.);
#4189=EDGE_CURVE('',#4832,#4230,#807,.T.);
#4190=EDGE_CURVE('',#4832,#4780,#808,.T.);
#4191=EDGE_CURVE('',#4833,#4229,#809,.T.);
#4192=EDGE_CURVE('',#4833,#4832,#810,.T.);
#4193=EDGE_CURVE('',#4779,#4833,#811,.T.);
#4194=EDGE_CURVE('',#4834,#4224,#812,.T.);
#4195=EDGE_CURVE('',#4834,#4778,#813,.T.);
#4196=EDGE_CURVE('',#4835,#4223,#814,.T.);
#4197=EDGE_CURVE('',#4835,#4834,#815,.T.);
#4198=EDGE_CURVE('',#4777,#4835,#816,.T.);
#4199=EDGE_CURVE('',#4836,#4218,#817,.T.);
#4200=EDGE_CURVE('',#4836,#4776,#818,.T.);
#4201=EDGE_CURVE('',#4837,#4217,#819,.T.);
#4202=EDGE_CURVE('',#4837,#4836,#820,.T.);
#4203=EDGE_CURVE('',#4775,#4837,#821,.T.);
#4204=EDGE_CURVE('',#4838,#4212,#822,.T.);
#4205=EDGE_CURVE('',#4838,#4774,#823,.T.);
#4206=EDGE_CURVE('',#4829,#4838,#824,.T.);
#4207=VERTEX_POINT('',#9250);
#4208=VERTEX_POINT('',#9252);
#4209=VERTEX_POINT('',#9254);
#4210=VERTEX_POINT('',#9255);
#4211=VERTEX_POINT('',#9257);
#4212=VERTEX_POINT('',#9259);
#4213=VERTEX_POINT('',#9263);
#4214=VERTEX_POINT('',#9265);
#4215=VERTEX_POINT('',#9267);
#4216=VERTEX_POINT('',#9268);
#4217=VERTEX_POINT('',#9270);
#4218=VERTEX_POINT('',#9272);
#4219=VERTEX_POINT('',#9276);
#4220=VERTEX_POINT('',#9278);
#4221=VERTEX_POINT('',#9280);
#4222=VERTEX_POINT('',#9281);
#4223=VERTEX_POINT('',#9283);
#4224=VERTEX_POINT('',#9285);
#4225=VERTEX_POINT('',#9289);
#4226=VERTEX_POINT('',#9291);
#4227=VERTEX_POINT('',#9293);
#4228=VERTEX_POINT('',#9294);
#4229=VERTEX_POINT('',#9296);
#4230=VERTEX_POINT('',#9298);
#4231=VERTEX_POINT('',#9302);
#4232=VERTEX_POINT('',#9303);
#4233=VERTEX_POINT('',#9305);
#4234=VERTEX_POINT('',#9307);
#4235=VERTEX_POINT('',#9309);
#4236=VERTEX_POINT('',#9311);
#4237=VERTEX_POINT('',#9313);
#4238=VERTEX_POINT('',#9315);
#4239=VERTEX_POINT('',#9317);
#4240=VERTEX_POINT('',#9319);
#4241=VERTEX_POINT('',#9321);
#4242=VERTEX_POINT('',#9323);
#4243=VERTEX_POINT('',#9325);
#4244=VERTEX_POINT('',#9327);
#4245=VERTEX_POINT('',#9330);
#4246=VERTEX_POINT('',#9332);
#4247=VERTEX_POINT('',#9334);
#4248=VERTEX_POINT('',#9335);
#4249=VERTEX_POINT('',#9337);
#4250=VERTEX_POINT('',#9339);
#4251=VERTEX_POINT('',#9341);
#4252=VERTEX_POINT('',#9343);
#4253=VERTEX_POINT('',#9345);
#4254=VERTEX_POINT('',#9347);
#4255=VERTEX_POINT('',#9354);
#4256=VERTEX_POINT('',#9355);
#4257=VERTEX_POINT('',#9357);
#4258=VERTEX_POINT('',#9361);
#4259=VERTEX_POINT('',#9363);
#4260=VERTEX_POINT('',#9365);
#4261=VERTEX_POINT('',#9367);
#4262=VERTEX_POINT('',#9369);
#4263=VERTEX_POINT('',#9371);
#4264=VERTEX_POINT('',#9373);
#4265=VERTEX_POINT('',#9375);
#4266=VERTEX_POINT('',#9377);
#4267=VERTEX_POINT('',#9379);
#4268=VERTEX_POINT('',#9381);
#4269=VERTEX_POINT('',#9383);
#4270=VERTEX_POINT('',#9385);
#4271=VERTEX_POINT('',#9387);
#4272=VERTEX_POINT('',#9389);
#4273=VERTEX_POINT('',#9391);
#4274=VERTEX_POINT('',#9395);
#4275=VERTEX_POINT('',#9396);
#4276=VERTEX_POINT('',#9398);
#4277=VERTEX_POINT('',#9400);
#4278=VERTEX_POINT('',#9402);
#4279=VERTEX_POINT('',#9405);
#4280=VERTEX_POINT('',#9408);
#4281=VERTEX_POINT('',#9409);
#4282=VERTEX_POINT('',#9411);
#4283=VERTEX_POINT('',#9413);
#4284=VERTEX_POINT('',#9417);
#4285=VERTEX_POINT('',#9418);
#4286=VERTEX_POINT('',#9420);
#4287=VERTEX_POINT('',#9422);
#4288=VERTEX_POINT('',#9424);
#4289=VERTEX_POINT('',#9427);
#4290=VERTEX_POINT('',#9430);
#4291=VERTEX_POINT('',#9432);
#4292=VERTEX_POINT('',#9434);
#4293=VERTEX_POINT('',#9436);
#4294=VERTEX_POINT('',#9438);
#4295=VERTEX_POINT('',#9442);
#4296=VERTEX_POINT('',#9443);
#4297=VERTEX_POINT('',#9445);
#4298=VERTEX_POINT('',#9447);
#4299=VERTEX_POINT('',#9451);
#4300=VERTEX_POINT('',#9452);
#4301=VERTEX_POINT('',#9454);
#4302=VERTEX_POINT('',#9456);
#4303=VERTEX_POINT('',#9460);
#4304=VERTEX_POINT('',#9462);
#4305=VERTEX_POINT('',#9464);
#4306=VERTEX_POINT('',#9466);
#4307=VERTEX_POINT('',#9470);
#4308=VERTEX_POINT('',#9472);
#4309=VERTEX_POINT('',#9473);
#4310=VERTEX_POINT('',#9475);
#4311=VERTEX_POINT('',#9477);
#4312=VERTEX_POINT('',#9479);
#4313=VERTEX_POINT('',#9483);
#4314=VERTEX_POINT('',#9484);
#4315=VERTEX_POINT('',#9486);
#4316=VERTEX_POINT('',#9488);
#4317=VERTEX_POINT('',#9490);
#4318=VERTEX_POINT('',#9493);
#4319=VERTEX_POINT('',#9496);
#4320=VERTEX_POINT('',#9497);
#4321=VERTEX_POINT('',#9499);
#4322=VERTEX_POINT('',#9501);
#4323=VERTEX_POINT('',#9505);
#4324=VERTEX_POINT('',#9506);
#4325=VERTEX_POINT('',#9508);
#4326=VERTEX_POINT('',#9510);
#4327=VERTEX_POINT('',#9514);
#4328=VERTEX_POINT('',#9515);
#4329=VERTEX_POINT('',#9518);
#4330=VERTEX_POINT('',#9520);
#4331=VERTEX_POINT('',#9523);
#4332=VERTEX_POINT('',#9526);
#4333=VERTEX_POINT('',#9527);
#4334=VERTEX_POINT('',#9529);
#4335=VERTEX_POINT('',#9531);
#4336=VERTEX_POINT('',#9535);
#4337=VERTEX_POINT('',#9536);
#4338=VERTEX_POINT('',#9539);
#4339=VERTEX_POINT('',#9541);
#4340=VERTEX_POINT('',#9544);
#4341=VERTEX_POINT('',#9547);
#4342=VERTEX_POINT('',#9548);
#4343=VERTEX_POINT('',#9550);
#4344=VERTEX_POINT('',#9552);
#4345=VERTEX_POINT('',#9556);
#4346=VERTEX_POINT('',#9557);
#4347=VERTEX_POINT('',#9559);
#4348=VERTEX_POINT('',#9561);
#4349=VERTEX_POINT('',#9563);
#4350=VERTEX_POINT('',#9566);
#4351=VERTEX_POINT('',#9569);
#4352=VERTEX_POINT('',#9570);
#4353=VERTEX_POINT('',#9572);
#4354=VERTEX_POINT('',#9574);
#4355=VERTEX_POINT('',#9578);
#4356=VERTEX_POINT('',#9579);
#4357=VERTEX_POINT('',#9581);
#4358=VERTEX_POINT('',#9583);
#4359=VERTEX_POINT('',#9586);
#4360=VERTEX_POINT('',#9588);
#4361=VERTEX_POINT('',#9590);
#4362=VERTEX_POINT('',#9592);
#4363=VERTEX_POINT('',#9594);
#4364=VERTEX_POINT('',#9596);
#4365=VERTEX_POINT('',#9598);
#4366=VERTEX_POINT('',#9600);
#4367=VERTEX_POINT('',#9602);
#4368=VERTEX_POINT('',#9604);
#4369=VERTEX_POINT('',#9606);
#4370=VERTEX_POINT('',#9608);
#4371=VERTEX_POINT('',#9610);
#4372=VERTEX_POINT('',#9612);
#4373=VERTEX_POINT('',#9614);
#4374=VERTEX_POINT('',#9616);
#4375=VERTEX_POINT('',#9618);
#4376=VERTEX_POINT('',#9620);
#4377=VERTEX_POINT('',#9622);
#4378=VERTEX_POINT('',#9623);
#4379=VERTEX_POINT('',#9625);
#4380=VERTEX_POINT('',#9627);
#4381=VERTEX_POINT('',#9629);
#4382=VERTEX_POINT('',#9631);
#4383=VERTEX_POINT('',#9633);
#4384=VERTEX_POINT('',#9635);
#4385=VERTEX_POINT('',#9637);
#4386=VERTEX_POINT('',#9639);
#4387=VERTEX_POINT('',#9641);
#4388=VERTEX_POINT('',#9643);
#4389=VERTEX_POINT('',#9645);
#4390=VERTEX_POINT('',#9647);
#4391=VERTEX_POINT('',#9649);
#4392=VERTEX_POINT('',#9651);
#4393=VERTEX_POINT('',#9653);
#4394=VERTEX_POINT('',#9655);
#4395=VERTEX_POINT('',#9657);
#4396=VERTEX_POINT('',#9659);
#4397=VERTEX_POINT('',#9661);
#4398=VERTEX_POINT('',#9663);
#4399=VERTEX_POINT('',#9665);
#4400=VERTEX_POINT('',#9667);
#4401=VERTEX_POINT('',#9669);
#4402=VERTEX_POINT('',#9671);
#4403=VERTEX_POINT('',#9673);
#4404=VERTEX_POINT('',#9675);
#4405=VERTEX_POINT('',#9677);
#4406=VERTEX_POINT('',#9679);
#4407=VERTEX_POINT('',#9681);
#4408=VERTEX_POINT('',#9683);
#4409=VERTEX_POINT('',#9685);
#4410=VERTEX_POINT('',#9687);
#4411=VERTEX_POINT('',#9691);
#4412=VERTEX_POINT('',#9692);
#4413=VERTEX_POINT('',#9694);
#4414=VERTEX_POINT('',#9696);
#4415=VERTEX_POINT('',#9700);
#4416=VERTEX_POINT('',#9702);
#4417=VERTEX_POINT('',#9706);
#4418=VERTEX_POINT('',#9708);
#4419=VERTEX_POINT('',#9712);
#4420=VERTEX_POINT('',#9713);
#4421=VERTEX_POINT('',#9715);
#4422=VERTEX_POINT('',#9717);
#4423=VERTEX_POINT('',#9721);
#4424=VERTEX_POINT('',#9723);
#4425=VERTEX_POINT('',#9725);
#4426=VERTEX_POINT('',#9727);
#4427=VERTEX_POINT('',#9729);
#4428=VERTEX_POINT('',#9731);
#4429=VERTEX_POINT('',#9733);
#4430=VERTEX_POINT('',#9735);
#4431=VERTEX_POINT('',#9740);
#4432=VERTEX_POINT('',#9742);
#4433=VERTEX_POINT('',#9744);
#4434=VERTEX_POINT('',#9746);
#4435=VERTEX_POINT('',#9750);
#4436=VERTEX_POINT('',#9751);
#4437=VERTEX_POINT('',#9753);
#4438=VERTEX_POINT('',#9755);
#4439=VERTEX_POINT('',#9759);
#4440=VERTEX_POINT('',#9760);
#4441=VERTEX_POINT('',#9765);
#4442=VERTEX_POINT('',#9766);
#4443=VERTEX_POINT('',#9769);
#4444=VERTEX_POINT('',#9774);
#4445=VERTEX_POINT('',#9776);
#4446=VERTEX_POINT('',#9778);
#4447=VERTEX_POINT('',#9780);
#4448=VERTEX_POINT('',#9782);
#4449=VERTEX_POINT('',#9784);
#4450=VERTEX_POINT('',#9787);
#4451=VERTEX_POINT('',#9789);
#4452=VERTEX_POINT('',#9791);
#4453=VERTEX_POINT('',#9793);
#4454=VERTEX_POINT('',#9797);
#4455=VERTEX_POINT('',#9803);
#4456=VERTEX_POINT('',#9807);
#4457=VERTEX_POINT('',#9808);
#4458=VERTEX_POINT('',#9810);
#4459=VERTEX_POINT('',#9812);
#4460=VERTEX_POINT('',#9815);
#4461=VERTEX_POINT('',#9817);
#4462=VERTEX_POINT('',#9820);
#4463=VERTEX_POINT('',#9821);
#4464=VERTEX_POINT('',#9823);
#4465=VERTEX_POINT('',#9825);
#4466=VERTEX_POINT('',#9827);
#4467=VERTEX_POINT('',#9829);
#4468=VERTEX_POINT('',#9831);
#4469=VERTEX_POINT('',#9833);
#4470=VERTEX_POINT('',#9835);
#4471=VERTEX_POINT('',#9839);
#4472=VERTEX_POINT('',#9841);
#4473=VERTEX_POINT('',#9843);
#4474=VERTEX_POINT('',#9845);
#4475=VERTEX_POINT('',#9847);
#4476=VERTEX_POINT('',#9849);
#4477=VERTEX_POINT('',#9851);
#4478=VERTEX_POINT('',#9853);
#4479=VERTEX_POINT('',#9855);
#4480=VERTEX_POINT('',#9857);
#4481=VERTEX_POINT('',#9859);
#4482=VERTEX_POINT('',#9863);
#4483=VERTEX_POINT('',#9864);
#4484=VERTEX_POINT('',#9866);
#4485=VERTEX_POINT('',#9868);
#4486=VERTEX_POINT('',#9872);
#4487=VERTEX_POINT('',#9873);
#4488=VERTEX_POINT('',#9875);
#4489=VERTEX_POINT('',#9877);
#4490=VERTEX_POINT('',#9881);
#4491=VERTEX_POINT('',#9882);
#4492=VERTEX_POINT('',#9885);
#4493=VERTEX_POINT('',#9887);
#4494=VERTEX_POINT('',#9890);
#4495=VERTEX_POINT('',#9893);
#4496=VERTEX_POINT('',#9895);
#4497=VERTEX_POINT('',#9897);
#4498=VERTEX_POINT('',#9899);
#4499=VERTEX_POINT('',#9901);
#4500=VERTEX_POINT('',#9905);
#4501=VERTEX_POINT('',#9907);
#4502=VERTEX_POINT('',#9909);
#4503=VERTEX_POINT('',#9911);
#4504=VERTEX_POINT('',#9913);
#4505=VERTEX_POINT('',#9917);
#4506=VERTEX_POINT('',#9919);
#4507=VERTEX_POINT('',#9920);
#4508=VERTEX_POINT('',#9922);
#4509=VERTEX_POINT('',#9924);
#4510=VERTEX_POINT('',#9926);
#4511=VERTEX_POINT('',#9928);
#4512=VERTEX_POINT('',#9932);
#4513=VERTEX_POINT('',#9933);
#4514=VERTEX_POINT('',#9935);
#4515=VERTEX_POINT('',#9937);
#4516=VERTEX_POINT('',#9941);
#4517=VERTEX_POINT('',#9942);
#4518=VERTEX_POINT('',#9944);
#4519=VERTEX_POINT('',#9946);
#4520=VERTEX_POINT('',#9950);
#4521=VERTEX_POINT('',#9953);
#4522=VERTEX_POINT('',#9954);
#4523=VERTEX_POINT('',#9956);
#4524=VERTEX_POINT('',#9958);
#4525=VERTEX_POINT('',#9962);
#4526=VERTEX_POINT('',#9964);
#4527=VERTEX_POINT('',#9966);
#4528=VERTEX_POINT('',#9968);
#4529=VERTEX_POINT('',#9970);
#4530=VERTEX_POINT('',#9974);
#4531=VERTEX_POINT('',#9975);
#4532=VERTEX_POINT('',#9977);
#4533=VERTEX_POINT('',#9979);
#4534=VERTEX_POINT('',#9983);
#4535=VERTEX_POINT('',#9985);
#4536=VERTEX_POINT('',#9987);
#4537=VERTEX_POINT('',#9989);
#4538=VERTEX_POINT('',#9991);
#4539=VERTEX_POINT('',#9995);
#4540=VERTEX_POINT('',#9997);
#4541=VERTEX_POINT('',#9999);
#4542=VERTEX_POINT('',#10003);
#4543=VERTEX_POINT('',#10005);
#4544=VERTEX_POINT('',#10007);
#4545=VERTEX_POINT('',#10011);
#4546=VERTEX_POINT('',#10015);
#4547=VERTEX_POINT('',#10017);
#4548=VERTEX_POINT('',#10019);
#4549=VERTEX_POINT('',#10024);
#4550=VERTEX_POINT('',#10026);
#4551=VERTEX_POINT('',#10028);
#4552=VERTEX_POINT('',#10030);
#4553=VERTEX_POINT('',#10035);
#4554=VERTEX_POINT('',#10038);
#4555=VERTEX_POINT('',#10041);
#4556=VERTEX_POINT('',#10044);
#4557=VERTEX_POINT('',#10046);
#4558=VERTEX_POINT('',#10049);
#4559=VERTEX_POINT('',#10053);
#4560=VERTEX_POINT('',#10057);
#4561=VERTEX_POINT('',#10059);
#4562=VERTEX_POINT('',#10063);
#4563=VERTEX_POINT('',#10065);
#4564=VERTEX_POINT('',#10070);
#4565=VERTEX_POINT('',#10072);
#4566=VERTEX_POINT('',#10075);
#4567=VERTEX_POINT('',#10077);
#4568=VERTEX_POINT('',#10080);
#4569=VERTEX_POINT('',#10084);
#4570=VERTEX_POINT('',#10086);
#4571=VERTEX_POINT('',#10090);
#4572=VERTEX_POINT('',#10091);
#4573=VERTEX_POINT('',#10094);
#4574=VERTEX_POINT('',#10096);
#4575=VERTEX_POINT('',#10100);
#4576=VERTEX_POINT('',#10102);
#4577=VERTEX_POINT('',#10106);
#4578=VERTEX_POINT('',#10108);
#4579=VERTEX_POINT('',#10111);
#4580=VERTEX_POINT('',#10115);
#4581=VERTEX_POINT('',#10116);
#4582=VERTEX_POINT('',#10118);
#4583=VERTEX_POINT('',#10120);
#4584=VERTEX_POINT('',#10124);
#4585=VERTEX_POINT('',#10125);
#4586=VERTEX_POINT('',#10127);
#4587=VERTEX_POINT('',#10130);
#4588=VERTEX_POINT('',#10136);
#4589=VERTEX_POINT('',#10138);
#4590=VERTEX_POINT('',#10145);
#4591=VERTEX_POINT('',#10147);
#4592=VERTEX_POINT('',#10151);
#4593=VERTEX_POINT('',#10153);
#4594=VERTEX_POINT('',#10156);
#4595=VERTEX_POINT('',#10158);
#4596=VERTEX_POINT('',#10161);
#4597=VERTEX_POINT('',#10164);
#4598=VERTEX_POINT('',#10166);
#4599=VERTEX_POINT('',#10168);
#4600=VERTEX_POINT('',#10170);
#4601=VERTEX_POINT('',#10175);
#4602=VERTEX_POINT('',#10177);
#4603=VERTEX_POINT('',#10181);
#4604=VERTEX_POINT('',#10182);
#4605=VERTEX_POINT('',#10184);
#4606=VERTEX_POINT('',#10186);
#4607=VERTEX_POINT('',#10190);
#4608=VERTEX_POINT('',#10191);
#4609=VERTEX_POINT('',#10193);
#4610=VERTEX_POINT('',#10196);
#4611=VERTEX_POINT('',#10200);
#4612=VERTEX_POINT('',#10203);
#4613=VERTEX_POINT('',#10206);
#4614=VERTEX_POINT('',#10210);
#4615=VERTEX_POINT('',#10212);
#4616=VERTEX_POINT('',#10219);
#4617=VERTEX_POINT('',#10221);
#4618=VERTEX_POINT('',#10226);
#4619=VERTEX_POINT('',#10228);
#4620=VERTEX_POINT('',#10232);
#4621=VERTEX_POINT('',#10234);
#4622=VERTEX_POINT('',#10237);
#4623=VERTEX_POINT('',#10240);
#4624=VERTEX_POINT('',#10242);
#4625=VERTEX_POINT('',#10244);
#4626=VERTEX_POINT('',#10248);
#4627=VERTEX_POINT('',#10250);
#4628=VERTEX_POINT('',#10252);
#4629=VERTEX_POINT('',#10254);
#4630=VERTEX_POINT('',#10258);
#4631=VERTEX_POINT('',#10259);
#4632=VERTEX_POINT('',#10261);
#4633=VERTEX_POINT('',#10263);
#4634=VERTEX_POINT('',#10267);
#4635=VERTEX_POINT('',#10268);
#4636=VERTEX_POINT('',#10270);
#4637=VERTEX_POINT('',#10274);
#4638=VERTEX_POINT('',#10278);
#4639=VERTEX_POINT('',#10281);
#4640=VERTEX_POINT('',#10284);
#4641=VERTEX_POINT('',#10287);
#4642=VERTEX_POINT('',#10289);
#4643=VERTEX_POINT('',#10290);
#4644=VERTEX_POINT('',#10293);
#4645=VERTEX_POINT('',#10295);
#4646=VERTEX_POINT('',#10300);
#4647=VERTEX_POINT('',#10302);
#4648=VERTEX_POINT('',#10308);
#4649=VERTEX_POINT('',#10310);
#4650=VERTEX_POINT('',#10315);
#4651=VERTEX_POINT('',#10317);
#4652=VERTEX_POINT('',#10321);
#4653=VERTEX_POINT('',#10323);
#4654=VERTEX_POINT('',#10326);
#4655=VERTEX_POINT('',#10329);
#4656=VERTEX_POINT('',#10331);
#4657=VERTEX_POINT('',#10333);
#4658=VERTEX_POINT('',#10337);
#4659=VERTEX_POINT('',#10339);
#4660=VERTEX_POINT('',#10341);
#4661=VERTEX_POINT('',#10345);
#4662=VERTEX_POINT('',#10346);
#4663=VERTEX_POINT('',#10348);
#4664=VERTEX_POINT('',#10351);
#4665=VERTEX_POINT('',#10353);
#4666=VERTEX_POINT('',#10355);
#4667=VERTEX_POINT('',#10359);
#4668=VERTEX_POINT('',#10361);
#4669=VERTEX_POINT('',#10365);
#4670=VERTEX_POINT('',#10366);
#4671=VERTEX_POINT('',#10371);
#4672=VERTEX_POINT('',#10373);
#4673=VERTEX_POINT('',#10377);
#4674=VERTEX_POINT('',#10380);
#4675=VERTEX_POINT('',#10383);
#4676=VERTEX_POINT('',#10386);
#4677=VERTEX_POINT('',#10387);
#4678=VERTEX_POINT('',#10389);
#4679=VERTEX_POINT('',#10391);
#4680=VERTEX_POINT('',#10395);
#4681=VERTEX_POINT('',#10396);
#4682=VERTEX_POINT('',#10398);
#4683=VERTEX_POINT('',#10400);
#4684=VERTEX_POINT('',#10404);
#4685=VERTEX_POINT('',#10405);
#4686=VERTEX_POINT('',#10407);
#4687=VERTEX_POINT('',#10409);
#4688=VERTEX_POINT('',#10413);
#4689=VERTEX_POINT('',#10414);
#4690=VERTEX_POINT('',#10416);
#4691=VERTEX_POINT('',#10418);
#4692=VERTEX_POINT('',#10420);
#4693=VERTEX_POINT('',#10422);
#4694=VERTEX_POINT('',#10426);
#4695=VERTEX_POINT('',#10428);
#4696=VERTEX_POINT('',#10431);
#4697=VERTEX_POINT('',#10435);
#4698=VERTEX_POINT('',#10437);
#4699=VERTEX_POINT('',#10439);
#4700=VERTEX_POINT('',#10443);
#4701=VERTEX_POINT('',#10445);
#4702=VERTEX_POINT('',#10453);
#4703=VERTEX_POINT('',#10455);
#4704=VERTEX_POINT('',#10464);
#4705=VERTEX_POINT('',#10466);
#4706=VERTEX_POINT('',#10469);
#4707=VERTEX_POINT('',#10471);
#4708=VERTEX_POINT('',#10474);
#4709=VERTEX_POINT('',#10486);
#4710=VERTEX_POINT('',#10488);
#4711=VERTEX_POINT('',#10490);
#4712=VERTEX_POINT('',#10492);
#4713=VERTEX_POINT('',#10494);
#4714=VERTEX_POINT('',#10496);
#4715=VERTEX_POINT('',#10498);
#4716=VERTEX_POINT('',#10500);
#4717=VERTEX_POINT('',#10503);
#4718=VERTEX_POINT('',#10506);
#4719=VERTEX_POINT('',#10509);
#4720=VERTEX_POINT('',#10512);
#4721=VERTEX_POINT('',#10515);
#4722=VERTEX_POINT('',#10518);
#4723=VERTEX_POINT('',#10521);
#4724=VERTEX_POINT('',#10524);
#4725=VERTEX_POINT('',#10527);
#4726=VERTEX_POINT('',#10530);
#4727=VERTEX_POINT('',#10533);
#4728=VERTEX_POINT('',#10536);
#4729=VERTEX_POINT('',#10539);
#4730=VERTEX_POINT('',#10542);
#4731=VERTEX_POINT('',#10545);
#4732=VERTEX_POINT('',#10548);
#4733=VERTEX_POINT('',#10551);
#4734=VERTEX_POINT('',#10554);
#4735=VERTEX_POINT('',#10557);
#4736=VERTEX_POINT('',#10560);
#4737=VERTEX_POINT('',#10563);
#4738=VERTEX_POINT('',#10567);
#4739=VERTEX_POINT('',#10571);
#4740=VERTEX_POINT('',#10575);
#4741=VERTEX_POINT('',#10579);
#4742=VERTEX_POINT('',#10583);
#4743=VERTEX_POINT('',#10587);
#4744=VERTEX_POINT('',#10591);
#4745=VERTEX_POINT('',#10595);
#4746=VERTEX_POINT('',#10599);
#4747=VERTEX_POINT('',#10603);
#4748=VERTEX_POINT('',#10607);
#4749=VERTEX_POINT('',#10611);
#4750=VERTEX_POINT('',#10615);
#4751=VERTEX_POINT('',#10619);
#4752=VERTEX_POINT('',#10623);
#4753=VERTEX_POINT('',#10631);
#4754=VERTEX_POINT('',#10635);
#4755=VERTEX_POINT('',#10639);
#4756=VERTEX_POINT('',#10643);
#4757=VERTEX_POINT('',#10655);
#4758=VERTEX_POINT('',#10662);
#4759=VERTEX_POINT('',#10673);
#4760=VERTEX_POINT('',#10677);
#4761=VERTEX_POINT('',#10683);
#4762=VERTEX_POINT('',#10687);
#4763=VERTEX_POINT('',#10697);
#4764=VERTEX_POINT('',#10701);
#4765=VERTEX_POINT('',#10707);
#4766=VERTEX_POINT('',#10711);
#4767=VERTEX_POINT('',#10721);
#4768=VERTEX_POINT('',#10728);
#4769=VERTEX_POINT('',#10732);
#4770=VERTEX_POINT('',#10742);
#4771=VERTEX_POINT('',#10749);
#4772=VERTEX_POINT('',#10759);
#4773=VERTEX_POINT('',#10761);
#4774=VERTEX_POINT('',#10764);
#4775=VERTEX_POINT('',#10766);
#4776=VERTEX_POINT('',#10769);
#4777=VERTEX_POINT('',#10771);
#4778=VERTEX_POINT('',#10774);
#4779=VERTEX_POINT('',#10776);
#4780=VERTEX_POINT('',#10779);
#4781=VERTEX_POINT('',#10781);
#4782=VERTEX_POINT('',#10792);
#4783=VERTEX_POINT('',#10794);
#4784=VERTEX_POINT('',#10797);
#4785=VERTEX_POINT('',#10799);
#4786=VERTEX_POINT('',#10803);
#4787=VERTEX_POINT('',#10805);
#4788=VERTEX_POINT('',#10809);
#4789=VERTEX_POINT('',#10810);
#4790=VERTEX_POINT('',#10812);
#4791=VERTEX_POINT('',#10814);
#4792=VERTEX_POINT('',#10818);
#4793=VERTEX_POINT('',#10819);
#4794=VERTEX_POINT('',#10821);
#4795=VERTEX_POINT('',#10823);
#4796=VERTEX_POINT('',#10827);
#4797=VERTEX_POINT('',#10829);
#4798=VERTEX_POINT('',#10833);
#4799=VERTEX_POINT('',#10835);
#4800=VERTEX_POINT('',#10839);
#4801=VERTEX_POINT('',#10840);
#4802=VERTEX_POINT('',#10842);
#4803=VERTEX_POINT('',#10844);
#4804=VERTEX_POINT('',#10848);
#4805=VERTEX_POINT('',#10849);
#4806=VERTEX_POINT('',#10851);
#4807=VERTEX_POINT('',#10853);
#4808=VERTEX_POINT('',#10860);
#4809=VERTEX_POINT('',#10861);
#4810=VERTEX_POINT('',#10863);
#4811=VERTEX_POINT('',#10865);
#4812=VERTEX_POINT('',#10870);
#4813=VERTEX_POINT('',#10909);
#4814=VERTEX_POINT('',#10931);
#4815=VERTEX_POINT('',#10932);
#4816=VERTEX_POINT('',#10948);
#4817=VERTEX_POINT('',#11102);
#4818=VERTEX_POINT('',#11120);
#4819=VERTEX_POINT('',#11134);
#4820=VERTEX_POINT('',#11140);
#4821=VERTEX_POINT('',#11150);
#4822=VERTEX_POINT('',#11186);
#4823=VERTEX_POINT('',#11202);
#4824=VERTEX_POINT('',#11206);
#4825=VERTEX_POINT('',#11271);
#4826=VERTEX_POINT('',#11275);
#4827=VERTEX_POINT('',#11281);
#4828=VERTEX_POINT('',#11285);
#4829=VERTEX_POINT('',#11292);
#4830=VERTEX_POINT('',#11296);
#4831=VERTEX_POINT('',#11300);
#4832=VERTEX_POINT('',#11306);
#4833=VERTEX_POINT('',#11310);
#4834=VERTEX_POINT('',#11316);
#4835=VERTEX_POINT('',#11320);
#4836=VERTEX_POINT('',#11326);
#4837=VERTEX_POINT('',#11330);
#4838=VERTEX_POINT('',#11336);
#4839=CIRCLE('',#6722,0.00115);
#4840=CIRCLE('',#6723,0.00115);
#4841=CIRCLE('',#6725,0.00115);
#4842=CIRCLE('',#6726,0.00115);
#4843=CIRCLE('',#6728,0.00115);
#4844=CIRCLE('',#6729,0.00115);
#4845=CIRCLE('',#6731,0.00115);
#4846=CIRCLE('',#6732,0.00115);
#4847=CIRCLE('',#6734,0.01);
#4848=CIRCLE('',#6735,0.01);
#4849=CIRCLE('',#6736,0.01);
#4850=CIRCLE('',#6737,0.01);
#4851=CIRCLE('',#6738,0.00115);
#4852=CIRCLE('',#6739,0.00115);
#4853=CIRCLE('',#6741,0.005);
#4854=CIRCLE('',#6743,0.00165);
#4855=CIRCLE('',#6744,0.00165);
#4856=CIRCLE('',#6745,0.003);
#4857=CIRCLE('',#6746,0.01);
#4858=CIRCLE('',#6747,0.01);
#4859=CIRCLE('',#6748,0.01);
#4860=CIRCLE('',#6749,0.015);
#4861=CIRCLE('',#6750,0.003);
#4862=CIRCLE('',#6751,0.01);
#4863=CIRCLE('',#6752,0.01);
#4864=CIRCLE('',#6754,0.00125);
#4865=CIRCLE('',#6755,0.003);
#4866=CIRCLE('',#6756,0.00165);
#4867=CIRCLE('',#6758,0.005);
#4868=CIRCLE('',#6759,0.01);
#4869=CIRCLE('',#6761,0.00125);
#4870=CIRCLE('',#6762,0.003);
#4871=CIRCLE('',#6763,0.00165);
#4872=CIRCLE('',#6769,0.00255);
#4873=CIRCLE('',#6770,0.005);
#4874=CIRCLE('',#6772,0.005);
#4875=CIRCLE('',#6773,0.00255);
#4876=CIRCLE('',#6777,0.005);
#4877=CIRCLE('',#6778,0.00255);
#4878=CIRCLE('',#6781,0.005);
#4879=CIRCLE('',#6782,0.00255);
#4880=CIRCLE('',#6785,0.005);
#4881=CIRCLE('',#6786,0.00255);
#4882=CIRCLE('',#6789,0.00215);
#4883=CIRCLE('',#6790,0.00215);
#4884=CIRCLE('',#6791,0.00215);
#4885=CIRCLE('',#6792,0.00215);
#4886=CIRCLE('',#6793,0.00215);
#4887=CIRCLE('',#6794,0.00215);
#4888=CIRCLE('',#6795,0.00215);
#4889=CIRCLE('',#6796,0.00215);
#4890=CIRCLE('',#6797,0.00215);
#4891=CIRCLE('',#6798,0.00215);
#4892=CIRCLE('',#6799,0.00215);
#4893=CIRCLE('',#6800,0.00215);
#4894=CIRCLE('',#6801,0.00215);
#4895=CIRCLE('',#6802,0.00215);
#4896=CIRCLE('',#6803,0.00215);
#4897=CIRCLE('',#6804,0.00215);
#4898=CIRCLE('',#6805,0.00215);
#4899=CIRCLE('',#6806,0.00215);
#4900=CIRCLE('',#6807,0.015);
#4901=CIRCLE('',#6808,0.005);
#4902=CIRCLE('',#6809,0.005);
#4903=CIRCLE('',#6810,0.015);
#4904=CIRCLE('',#6811,0.005);
#4905=CIRCLE('',#6812,0.015);
#4906=CIRCLE('',#6813,0.00215);
#4907=CIRCLE('',#6814,0.015);
#4908=CIRCLE('',#6815,0.00215);
#4909=CIRCLE('',#6816,0.005);
#4910=CIRCLE('',#6817,0.005);
#4911=CIRCLE('',#6818,0.005);
#4912=CIRCLE('',#6819,0.005);
#4913=CIRCLE('',#6831,0.00115);
#4914=CIRCLE('',#6832,0.00115);
#4915=CIRCLE('',#6837,0.005);
#4916=CIRCLE('',#6838,0.00255);
#4917=CIRCLE('',#6840,0.00255);
#4918=CIRCLE('',#6841,0.005);
#4919=CIRCLE('',#6843,0.00255);
#4920=CIRCLE('',#6844,0.005);
#4921=CIRCLE('',#6846,0.00255);
#4922=CIRCLE('',#6847,0.005);
#4923=CIRCLE('',#6850,0.005);
#4924=CIRCLE('',#6851,0.00255);
#4925=CIRCLE('',#6854,0.00255);
#4926=CIRCLE('',#6855,0.005);
#4927=CIRCLE('',#6858,0.00255);
#4928=CIRCLE('',#6859,0.005);
#4929=CIRCLE('',#6865,0.005);
#4930=CIRCLE('',#6866,0.00255);
#4931=CIRCLE('',#6868,0.00255);
#4932=CIRCLE('',#6869,0.005);
#4933=CIRCLE('',#6871,0.00125);
#4934=CIRCLE('',#6872,0.005);
#4935=CIRCLE('',#6873,0.01);
#4936=CIRCLE('',#6875,0.00165);
#4937=CIRCLE('',#6877,0.01);
#4938=CIRCLE('',#6879,0.01);
#4939=CIRCLE('',#6882,0.00255);
#4940=CIRCLE('',#6883,0.005);
#4941=CIRCLE('',#6887,0.01);
#4942=CIRCLE('',#6888,0.01);
#4943=CIRCLE('',#6889,0.01);
#4944=CIRCLE('',#6890,0.01);
#4945=CIRCLE('',#6892,0.00165);
#4946=CIRCLE('',#6894,0.01);
#4947=CIRCLE('',#6896,0.01);
#4948=CIRCLE('',#6900,0.005);
#4949=CIRCLE('',#6901,0.00255);
#4950=CIRCLE('',#6903,0.01);
#4951=CIRCLE('',#6904,0.01);
#4952=CIRCLE('',#6905,0.01);
#4953=CIRCLE('',#6906,0.01);
#4954=CIRCLE('',#6908,0.01);
#4955=CIRCLE('',#6909,0.00165);
#4956=CIRCLE('',#6912,0.01);
#4957=CIRCLE('',#6916,0.005);
#4958=CIRCLE('',#6917,0.00255);
#4959=CIRCLE('',#6919,0.00255);
#4960=CIRCLE('',#6920,0.005);
#4961=CIRCLE('',#6922,0.01);
#4962=CIRCLE('',#6923,0.01);
#4963=CIRCLE('',#6924,0.01);
#4964=CIRCLE('',#6926,0.01);
#4965=CIRCLE('',#6927,0.00165);
#4966=CIRCLE('',#6935,0.005);
#4967=CIRCLE('',#6936,0.00255);
#4968=CIRCLE('',#6942,0.00255);
#4969=CIRCLE('',#6943,0.005);
#4970=CIRCLE('',#6945,0.00125);
#4971=CIRCLE('',#6946,0.00125);
#4972=CIRCLE('',#6947,0.00125);
#4973=CIRCLE('',#6948,0.005);
#4974=CIRCLE('',#6949,0.01);
#4975=CIRCLE('',#6950,0.01);
#4976=CIRCLE('',#6951,0.01);
#4977=CIRCLE('',#6952,0.01);
#4978=CIRCLE('',#6953,0.01);
#4979=CIRCLE('',#6954,0.01);
#4980=CIRCLE('',#6955,0.01);
#4981=CIRCLE('',#6956,0.01);
#4982=CIRCLE('',#6957,0.01);
#4983=CIRCLE('',#6959,0.00165);
#4984=CIRCLE('',#6961,0.01);
#4985=CIRCLE('',#6962,0.01);
#4986=CIRCLE('',#6963,0.01);
#4987=CIRCLE('',#6964,0.01);
#4988=CIRCLE('',#6965,0.01);
#4989=CIRCLE('',#6966,0.01);
#4990=CIRCLE('',#6967,0.01);
#4991=CIRCLE('',#6968,0.01);
#4992=CIRCLE('',#6969,0.00115);
#4993=CIRCLE('',#6970,0.00115);
#4994=CIRCLE('',#6971,0.00115);
#4995=CIRCLE('',#6972,0.00115);
#4996=CIRCLE('',#6973,0.00115);
#4997=CIRCLE('',#6974,0.00115);
#4998=CIRCLE('',#6975,0.00115);
#4999=CIRCLE('',#6976,0.00115);
#5000=CIRCLE('',#6978,0.00115);
#5001=CIRCLE('',#6980,0.00115);
#5002=CIRCLE('',#6982,0.00115);
#5003=CIRCLE('',#6984,0.00115);
#5004=CIRCLE('',#6986,0.00115);
#5005=CIRCLE('',#6988,0.00115);
#5006=CIRCLE('',#6990,0.00115);
#5007=CIRCLE('',#6992,0.00115);
#5008=CIRCLE('',#6994,0.00115);
#5009=CIRCLE('',#6996,0.00115);
#5010=CIRCLE('',#6998,0.00115);
#5011=CIRCLE('',#7000,0.00115);
#5012=CIRCLE('',#7002,0.00115);
#5013=CIRCLE('',#7004,0.00115);
#5014=CIRCLE('',#7006,0.00115);
#5015=CIRCLE('',#7008,0.00115);
#5016=CIRCLE('',#7010,0.00115);
#5017=CIRCLE('',#7012,0.00115);
#5018=CIRCLE('',#7014,0.00115);
#5019=CIRCLE('',#7016,0.00115);
#5020=CIRCLE('',#7018,0.00215);
#5021=CIRCLE('',#7021,0.00215);
#5022=CIRCLE('',#7024,0.00215);
#5023=CIRCLE('',#7027,0.00215);
#5024=CIRCLE('',#7030,0.00215);
#5025=CIRCLE('',#7033,0.00215);
#5026=CIRCLE('',#7036,0.00215);
#5027=CIRCLE('',#7039,0.00215);
#5028=CIRCLE('',#7042,0.00215);
#5029=CIRCLE('',#7045,0.00215);
#5030=CIRCLE('',#7048,0.00215);
#5031=CIRCLE('',#7051,0.00215);
#5032=CIRCLE('',#7054,0.00215);
#5033=CIRCLE('',#7057,0.00215);
#5034=CIRCLE('',#7060,0.00215);
#5035=CIRCLE('',#7063,0.00215);
#5036=CIRCLE('',#7066,0.00215);
#5037=CIRCLE('',#7069,0.00215);
#5038=CIRCLE('',#7072,0.00215);
#5039=CIRCLE('',#7075,0.00215);
#5040=CIRCLE('',#7133,0.005);
#5041=CIRCLE('',#7135,0.005);
#5042=CIRCLE('',#7148,0.015);
#5043=CIRCLE('',#7149,0.01);
#5044=CIRCLE('',#7152,0.003);
#5045=CIRCLE('',#7153,0.00165);
#5046=CIRCLE('',#7195,0.01);
#5047=CIRCLE('',#7197,0.01);
#5048=CIRCLE('',#7198,0.01);
#5049=CIRCLE('',#7200,0.01);
#5050=CIRCLE('',#7201,0.01);
#5051=CIRCLE('',#7203,0.01);
#5052=CIRCLE('',#7205,0.01);
#5053=CIRCLE('',#7206,0.01);
#5054=CIRCLE('',#7208,0.01);
#5055=CIRCLE('',#7209,0.01);
#5056=CIRCLE('',#7212,0.01);
#5057=CIRCLE('',#7217,0.01);
#5058=CIRCLE('',#7219,0.01);
#5059=CIRCLE('',#7221,0.01);
#5060=CIRCLE('',#7236,0.005);
#5061=CIRCLE('',#7237,0.005);
#5062=CIRCLE('',#7239,0.005);
#5063=CIRCLE('',#7241,0.005);
#5064=CIRCLE('',#7243,0.005);
#5065=CIRCLE('',#7245,0.005);
#5066=CIRCLE('',#7247,0.005);
#5067=CIRCLE('',#7249,0.005);
#5068=CIRCLE('',#7253,0.005);
#5069=CIRCLE('',#7257,0.005);
#5070=CIRCLE('',#7259,0.005);
#5071=CIRCLE('',#7261,0.005);
#5072=CIRCLE('',#7263,0.005);
#5073=CIRCLE('',#7265,0.005);
#5074=CIRCLE('',#7267,0.005);
#5075=CIRCLE('',#7269,0.005);
#5076=CIRCLE('',#7271,0.005);
#5077=CIRCLE('',#7273,0.005);
#5078=CIRCLE('',#7275,0.005);
#5079=CIRCLE('',#7277,0.005);
#5080=CIRCLE('',#7279,0.005);
#5081=CIRCLE('',#7281,0.005);
#5082=CIRCLE('',#7283,0.005);
#5083=CIRCLE('',#7285,0.005);
#5084=CIRCLE('',#7287,0.005);
#5085=CIRCLE('',#7298,0.005);
#5086=CIRCLE('',#7300,0.005);
#5087=CIRCLE('',#7302,0.005);
#5088=CIRCLE('',#7304,0.005);
#5089=CIRCLE('',#7307,0.005);
#5090=CIRCLE('',#7309,0.005);
#5091=CIRCLE('',#7311,0.005);
#5092=CIRCLE('',#7319,0.005);
#5093=CIRCLE('',#7321,0.005);
#5094=CIRCLE('',#7324,0.005);
#5095=CIRCLE('',#7326,0.005);
#5096=EDGE_LOOP('',(#1447));
#5097=EDGE_LOOP('',(#1448));
#5098=EDGE_LOOP('',(#1449,#1450,#1451,#1452));
#5099=EDGE_LOOP('',(#1453));
#5100=EDGE_LOOP('',(#1454));
#5101=EDGE_LOOP('',(#1455,#1456,#1457,#1458));
#5102=EDGE_LOOP('',(#1459));
#5103=EDGE_LOOP('',(#1460));
#5104=EDGE_LOOP('',(#1461,#1462,#1463,#1464));
#5105=EDGE_LOOP('',(#1465));
#5106=EDGE_LOOP('',(#1466));
#5107=EDGE_LOOP('',(#1467,#1468,#1469,#1470));
#5108=EDGE_LOOP('',(#1471,#1472,#1473,#1474,#1475,#1476,#1477,#1478,#1479,
#1480,#1481,#1482,#1483,#1484));
#5109=EDGE_LOOP('',(#1485));
#5110=EDGE_LOOP('',(#1486));
#5111=EDGE_LOOP('',(#1487,#1488,#1489,#1490,#1491,#1492,#1493,#1494));
#5112=EDGE_LOOP('',(#1495,#1496,#1497));
#5113=EDGE_LOOP('',(#1498));
#5114=EDGE_LOOP('',(#1499));
#5115=EDGE_LOOP('',(#1500,#1501,#1502,#1503,#1504,#1505,#1506,#1507,#1508,
#1509,#1510,#1511,#1512,#1513,#1514));
#5116=EDGE_LOOP('',(#1515,#1516,#1517,#1518,#1519));
#5117=EDGE_LOOP('',(#1520));
#5118=EDGE_LOOP('',(#1521,#1522,#1523,#1524));
#5119=EDGE_LOOP('',(#1525,#1526,#1527,#1528,#1529));
#5120=EDGE_LOOP('',(#1530));
#5121=EDGE_LOOP('',(#1531,#1532,#1533,#1534,#1535,#1536,#1537,#1538));
#5122=EDGE_LOOP('',(#1539,#1540,#1541,#1542));
#5123=EDGE_LOOP('',(#1543,#1544,#1545,#1546));
#5124=EDGE_LOOP('',(#1547,#1548,#1549,#1550,#1551,#1552));
#5125=EDGE_LOOP('',(#1553));
#5126=EDGE_LOOP('',(#1554,#1555,#1556,#1557,#1558));
#5127=EDGE_LOOP('',(#1559,#1560,#1561,#1562,#1563));
#5128=EDGE_LOOP('',(#1564));
#5129=EDGE_LOOP('',(#1565,#1566,#1567,#1568));
#5130=EDGE_LOOP('',(#1569,#1570,#1571,#1572));
#5131=EDGE_LOOP('',(#1573,#1574,#1575,#1576,#1577));
#5132=EDGE_LOOP('',(#1578));
#5133=EDGE_LOOP('',(#1579,#1580,#1581,#1582));
#5134=EDGE_LOOP('',(#1583,#1584,#1585,#1586,#1587));
#5135=EDGE_LOOP('',(#1588));
#5136=EDGE_LOOP('',(#1589,#1590,#1591,#1592));
#5137=EDGE_LOOP('',(#1593,#1594,#1595,#1596,#1597));
#5138=EDGE_LOOP('',(#1598));
#5139=EDGE_LOOP('',(#1599,#1600,#1601,#1602));
#5140=EDGE_LOOP('',(#1603,#1604,#1605,#1606));
#5141=EDGE_LOOP('',(#1607));
#5142=EDGE_LOOP('',(#1608));
#5143=EDGE_LOOP('',(#1609));
#5144=EDGE_LOOP('',(#1610));
#5145=EDGE_LOOP('',(#1611));
#5146=EDGE_LOOP('',(#1612));
#5147=EDGE_LOOP('',(#1613));
#5148=EDGE_LOOP('',(#1614));
#5149=EDGE_LOOP('',(#1615));
#5150=EDGE_LOOP('',(#1616));
#5151=EDGE_LOOP('',(#1617));
#5152=EDGE_LOOP('',(#1618));
#5153=EDGE_LOOP('',(#1619));
#5154=EDGE_LOOP('',(#1620));
#5155=EDGE_LOOP('',(#1621));
#5156=EDGE_LOOP('',(#1622));
#5157=EDGE_LOOP('',(#1623));
#5158=EDGE_LOOP('',(#1624));
#5159=EDGE_LOOP('',(#1625,#1626,#1627,#1628,#1629,#1630,#1631,#1632,#1633,
#1634,#1635,#1636,#1637,#1638,#1639,#1640,#1641,#1642,#1643,#1644,#1645,
#1646,#1647,#1648,#1649,#1650,#1651,#1652,#1653,#1654,#1655,#1656,#1657,
#1658));
#5160=EDGE_LOOP('',(#1659,#1660,#1661,#1662));
#5161=EDGE_LOOP('',(#1663,#1664,#1665,#1666));
#5162=EDGE_LOOP('',(#1667,#1668,#1669,#1670));
#5163=EDGE_LOOP('',(#1671,#1672,#1673,#1674));
#5164=EDGE_LOOP('',(#1675,#1676,#1677,#1678,#1679,#1680,#1681,#1682,#1683,
#1684,#1685));
#5165=EDGE_LOOP('',(#1686,#1687,#1688,#1689,#1690));
#5166=EDGE_LOOP('',(#1691,#1692,#1693,#1694));
#5167=EDGE_LOOP('',(#1695,#1696,#1697,#1698));
#5168=EDGE_LOOP('',(#1699,#1700,#1701,#1702,#1703,#1704,#1705,#1706,#1707,
#1708,#1709,#1710,#1711,#1712,#1713,#1714));
#5169=EDGE_LOOP('',(#1715,#1716,#1717,#1718,#1719,#1720));
#5170=EDGE_LOOP('',(#1721,#1722,#1723,#1724));
#5171=EDGE_LOOP('',(#1725));
#5172=EDGE_LOOP('',(#1726));
#5173=EDGE_LOOP('',(#1727,#1728,#1729,#1730,#1731,#1732,#1733,#1734,#1735,
#1736,#1737,#1738,#1739,#1740,#1741,#1742,#1743,#1744,#1745,#1746,#1747,
#1748));
#5174=EDGE_LOOP('',(#1749,#1750,#1751,#1752));
#5175=EDGE_LOOP('',(#1753,#1754,#1755,#1756));
#5176=EDGE_LOOP('',(#1757,#1758,#1759,#1760,#1761));
#5177=EDGE_LOOP('',(#1762));
#5178=EDGE_LOOP('',(#1763));
#5179=EDGE_LOOP('',(#1764,#1765,#1766,#1767,#1768));
#5180=EDGE_LOOP('',(#1769));
#5181=EDGE_LOOP('',(#1770,#1771,#1772,#1773,#1774,#1775));
#5182=EDGE_LOOP('',(#1776));
#5183=EDGE_LOOP('',(#1777,#1778,#1779,#1780,#1781,#1782));
#5184=EDGE_LOOP('',(#1783,#1784,#1785,#1786));
#5185=EDGE_LOOP('',(#1787,#1788,#1789,#1790,#1791));
#5186=EDGE_LOOP('',(#1792));
#5187=EDGE_LOOP('',(#1793,#1794,#1795,#1796));
#5188=EDGE_LOOP('',(#1797));
#5189=EDGE_LOOP('',(#1798,#1799,#1800,#1801,#1802));
#5190=EDGE_LOOP('',(#1803,#1804,#1805,#1806));
#5191=EDGE_LOOP('',(#1807));
#5192=EDGE_LOOP('',(#1808,#1809,#1810,#1811,#1812));
#5193=EDGE_LOOP('',(#1813,#1814,#1815,#1816,#1817,#1818));
#5194=EDGE_LOOP('',(#1819,#1820,#1821,#1822,#1823,#1824));
#5195=EDGE_LOOP('',(#1825,#1826,#1827,#1828,#1829,#1830,#1831,#1832,#1833,
#1834,#1835,#1836));
#5196=EDGE_LOOP('',(#1837,#1838,#1839,#1840,#1841,#1842,#1843,#1844));
#5197=EDGE_LOOP('',(#1845,#1846,#1847,#1848,#1849,#1850));
#5198=EDGE_LOOP('',(#1851));
#5199=EDGE_LOOP('',(#1852));
#5200=EDGE_LOOP('',(#1853,#1854,#1855,#1856,#1857,#1858));
#5201=EDGE_LOOP('',(#1859));
#5202=EDGE_LOOP('',(#1860,#1861,#1862,#1863,#1864,#1865,#1866,#1867,#1868,
#1869,#1870,#1871,#1872,#1873,#1874,#1875,#1876,#1877,#1878,#1879));
#5203=EDGE_LOOP('',(#1880,#1881,#1882,#1883,#1884,#1885,#1886,#1887,#1888,
#1889,#1890,#1891));
#5204=EDGE_LOOP('',(#1892));
#5205=EDGE_LOOP('',(#1893,#1894,#1895,#1896,#1897,#1898,#1899));
#5206=EDGE_LOOP('',(#1900,#1901,#1902,#1903,#1904,#1905,#1906));
#5207=EDGE_LOOP('',(#1907,#1908,#1909,#1910));
#5208=EDGE_LOOP('',(#1911));
#5209=EDGE_LOOP('',(#1912,#1913,#1914,#1915,#1916,#1917));
#5210=EDGE_LOOP('',(#1918,#1919,#1920,#1921));
#5211=EDGE_LOOP('',(#1922,#1923,#1924,#1925,#1926,#1927));
#5212=EDGE_LOOP('',(#1928,#1929,#1930,#1931,#1932,#1933,#1934,#1935,#1936,
#1937,#1938,#1939,#1940,#1941,#1942,#1943,#1944,#1945,#1946,#1947,#1948,
#1949,#1950));
#5213=EDGE_LOOP('',(#1951,#1952,#1953,#1954,#1955,#1956,#1957,#1958,#1959,
#1960,#1961,#1962));
#5214=EDGE_LOOP('',(#1963));
#5215=EDGE_LOOP('',(#1964,#1965,#1966,#1967,#1968,#1969,#1970));
#5216=EDGE_LOOP('',(#1971,#1972,#1973,#1974,#1975,#1976,#1977));
#5217=EDGE_LOOP('',(#1978,#1979,#1980,#1981));
#5218=EDGE_LOOP('',(#1982,#1983,#1984,#1985,#1986,#1987));
#5219=EDGE_LOOP('',(#1988,#1989,#1990,#1991,#1992,#1993));
#5220=EDGE_LOOP('',(#1994));
#5221=EDGE_LOOP('',(#1995,#1996,#1997,#1998,#1999,#2000,#2001,#2002,#2003,
#2004,#2005,#2006,#2007,#2008,#2009,#2010,#2011,#2012,#2013,#2014,#2015,
#2016,#2017,#2018));
#5222=EDGE_LOOP('',(#2019,#2020,#2021,#2022,#2023,#2024,#2025,#2026,#2027,
#2028,#2029,#2030,#2031));
#5223=EDGE_LOOP('',(#2032));
#5224=EDGE_LOOP('',(#2033,#2034,#2035,#2036,#2037,#2038));
#5225=EDGE_LOOP('',(#2039,#2040,#2041,#2042,#2043,#2044,#2045));
#5226=EDGE_LOOP('',(#2046,#2047,#2048,#2049));
#5227=EDGE_LOOP('',(#2050,#2051,#2052,#2053,#2054,#2055,#2056,#2057));
#5228=EDGE_LOOP('',(#2058,#2059,#2060,#2061,#2062,#2063));
#5229=EDGE_LOOP('',(#2064));
#5230=EDGE_LOOP('',(#2065));
#5231=EDGE_LOOP('',(#2066,#2067,#2068,#2069,#2070,#2071));
#5232=EDGE_LOOP('',(#2072,#2073,#2074,#2075,#2076,#2077,#2078,#2079,#2080,
#2081,#2082,#2083,#2084,#2085,#2086,#2087,#2088,#2089,#2090,#2091,#2092));
#5233=EDGE_LOOP('',(#2093,#2094,#2095,#2096,#2097,#2098,#2099,#2100,#2101,
#2102,#2103,#2104,#2105));
#5234=EDGE_LOOP('',(#2106));
#5235=EDGE_LOOP('',(#2107,#2108,#2109,#2110,#2111,#2112));
#5236=EDGE_LOOP('',(#2113,#2114,#2115,#2116,#2117,#2118));
#5237=EDGE_LOOP('',(#2119,#2120,#2121,#2122,#2123,#2124,#2125,#2126));
#5238=EDGE_LOOP('',(#2127,#2128,#2129,#2130));
#5239=EDGE_LOOP('',(#2131,#2132,#2133,#2134));
#5240=EDGE_LOOP('',(#2135,#2136,#2137,#2138));
#5241=EDGE_LOOP('',(#2139,#2140,#2141,#2142,#2143,#2144));
#5242=EDGE_LOOP('',(#2145));
#5243=EDGE_LOOP('',(#2146,#2147,#2148,#2149));
#5244=EDGE_LOOP('',(#2150,#2151,#2152,#2153));
#5245=EDGE_LOOP('',(#2154,#2155,#2156,#2157));
#5246=EDGE_LOOP('',(#2158,#2159,#2160,#2161,#2162,#2163));
#5247=EDGE_LOOP('',(#2164));
#5248=EDGE_LOOP('',(#2165,#2166,#2167,#2168,#2169,#2170));
#5249=EDGE_LOOP('',(#2171));
#5250=EDGE_LOOP('',(#2172));
#5251=EDGE_LOOP('',(#2173));
#5252=EDGE_LOOP('',(#2174,#2175,#2176,#2177,#2178,#2179,#2180,#2181,#2182,
#2183,#2184,#2185,#2186,#2187,#2188,#2189,#2190,#2191,#2192,#2193,#2194,
#2195,#2196,#2197,#2198,#2199,#2200,#2201,#2202,#2203,#2204,#2205,#2206,
#2207,#2208,#2209));
#5253=EDGE_LOOP('',(#2210,#2211,#2212,#2213,#2214,#2215,#2216,#2217,#2218,
#2219,#2220,#2221));
#5254=EDGE_LOOP('',(#2222));
#5255=EDGE_LOOP('',(#2223,#2224,#2225,#2226,#2227,#2228,#2229,#2230,#2231,
#2232,#2233,#2234,#2235,#2236,#2237,#2238,#2239,#2240));
#5256=EDGE_LOOP('',(#2241));
#5257=EDGE_LOOP('',(#2242));
#5258=EDGE_LOOP('',(#2243));
#5259=EDGE_LOOP('',(#2244));
#5260=EDGE_LOOP('',(#2245));
#5261=EDGE_LOOP('',(#2246));
#5262=EDGE_LOOP('',(#2247));
#5263=EDGE_LOOP('',(#2248));
#5264=EDGE_LOOP('',(#2249));
#5265=EDGE_LOOP('',(#2250));
#5266=EDGE_LOOP('',(#2251));
#5267=EDGE_LOOP('',(#2252));
#5268=EDGE_LOOP('',(#2253));
#5269=EDGE_LOOP('',(#2254));
#5270=EDGE_LOOP('',(#2255));
#5271=EDGE_LOOP('',(#2256));
#5272=EDGE_LOOP('',(#2257));
#5273=EDGE_LOOP('',(#2258));
#5274=EDGE_LOOP('',(#2259));
#5275=EDGE_LOOP('',(#2260));
#5276=EDGE_LOOP('',(#2261));
#5277=EDGE_LOOP('',(#2262));
#5278=EDGE_LOOP('',(#2263));
#5279=EDGE_LOOP('',(#2264));
#5280=EDGE_LOOP('',(#2265));
#5281=EDGE_LOOP('',(#2266));
#5282=EDGE_LOOP('',(#2267));
#5283=EDGE_LOOP('',(#2268));
#5284=EDGE_LOOP('',(#2269));
#5285=EDGE_LOOP('',(#2270));
#5286=EDGE_LOOP('',(#2271));
#5287=EDGE_LOOP('',(#2272));
#5288=EDGE_LOOP('',(#2273));
#5289=EDGE_LOOP('',(#2274));
#5290=EDGE_LOOP('',(#2275));
#5291=EDGE_LOOP('',(#2276));
#5292=EDGE_LOOP('',(#2277));
#5293=EDGE_LOOP('',(#2278));
#5294=EDGE_LOOP('',(#2279));
#5295=EDGE_LOOP('',(#2280));
#5296=EDGE_LOOP('',(#2281));
#5297=EDGE_LOOP('',(#2282));
#5298=EDGE_LOOP('',(#2283));
#5299=EDGE_LOOP('',(#2284));
#5300=EDGE_LOOP('',(#2285));
#5301=EDGE_LOOP('',(#2286));
#5302=EDGE_LOOP('',(#2287));
#5303=EDGE_LOOP('',(#2288));
#5304=EDGE_LOOP('',(#2289));
#5305=EDGE_LOOP('',(#2290));
#5306=EDGE_LOOP('',(#2291));
#5307=EDGE_LOOP('',(#2292));
#5308=EDGE_LOOP('',(#2293));
#5309=EDGE_LOOP('',(#2294));
#5310=EDGE_LOOP('',(#2295));
#5311=EDGE_LOOP('',(#2296));
#5312=EDGE_LOOP('',(#2297));
#5313=EDGE_LOOP('',(#2298));
#5314=EDGE_LOOP('',(#2299));
#5315=EDGE_LOOP('',(#2300));
#5316=EDGE_LOOP('',(#2301));
#5317=EDGE_LOOP('',(#2302));
#5318=EDGE_LOOP('',(#2303));
#5319=EDGE_LOOP('',(#2304));
#5320=EDGE_LOOP('',(#2305));
#5321=EDGE_LOOP('',(#2306));
#5322=EDGE_LOOP('',(#2307));
#5323=EDGE_LOOP('',(#2308));
#5324=EDGE_LOOP('',(#2309));
#5325=EDGE_LOOP('',(#2310));
#5326=EDGE_LOOP('',(#2311));
#5327=EDGE_LOOP('',(#2312));
#5328=EDGE_LOOP('',(#2313));
#5329=EDGE_LOOP('',(#2314));
#5330=EDGE_LOOP('',(#2315));
#5331=EDGE_LOOP('',(#2316));
#5332=EDGE_LOOP('',(#2317));
#5333=EDGE_LOOP('',(#2318));
#5334=EDGE_LOOP('',(#2319));
#5335=EDGE_LOOP('',(#2320));
#5336=EDGE_LOOP('',(#2321));
#5337=EDGE_LOOP('',(#2322));
#5338=EDGE_LOOP('',(#2323));
#5339=EDGE_LOOP('',(#2324));
#5340=EDGE_LOOP('',(#2325));
#5341=EDGE_LOOP('',(#2326));
#5342=EDGE_LOOP('',(#2327));
#5343=EDGE_LOOP('',(#2328));
#5344=EDGE_LOOP('',(#2329));
#5345=EDGE_LOOP('',(#2330));
#5346=EDGE_LOOP('',(#2331));
#5347=EDGE_LOOP('',(#2332));
#5348=EDGE_LOOP('',(#2333));
#5349=EDGE_LOOP('',(#2334));
#5350=EDGE_LOOP('',(#2335));
#5351=EDGE_LOOP('',(#2336));
#5352=EDGE_LOOP('',(#2337));
#5353=EDGE_LOOP('',(#2338));
#5354=EDGE_LOOP('',(#2339));
#5355=EDGE_LOOP('',(#2340));
#5356=EDGE_LOOP('',(#2341));
#5357=EDGE_LOOP('',(#2342));
#5358=EDGE_LOOP('',(#2343));
#5359=EDGE_LOOP('',(#2344));
#5360=EDGE_LOOP('',(#2345));
#5361=EDGE_LOOP('',(#2346));
#5362=EDGE_LOOP('',(#2347));
#5363=EDGE_LOOP('',(#2348));
#5364=EDGE_LOOP('',(#2349));
#5365=EDGE_LOOP('',(#2350,#2351));
#5366=EDGE_LOOP('',(#2352));
#5367=EDGE_LOOP('',(#2353));
#5368=EDGE_LOOP('',(#2354));
#5369=EDGE_LOOP('',(#2355));
#5370=EDGE_LOOP('',(#2356));
#5371=EDGE_LOOP('',(#2357));
#5372=EDGE_LOOP('',(#2358));
#5373=EDGE_LOOP('',(#2359));
#5374=EDGE_LOOP('',(#2360));
#5375=EDGE_LOOP('',(#2361));
#5376=EDGE_LOOP('',(#2362));
#5377=EDGE_LOOP('',(#2363));
#5378=EDGE_LOOP('',(#2364));
#5379=EDGE_LOOP('',(#2365));
#5380=EDGE_LOOP('',(#2366));
#5381=EDGE_LOOP('',(#2367,#2368));
#5382=EDGE_LOOP('',(#2369));
#5383=EDGE_LOOP('',(#2370));
#5384=EDGE_LOOP('',(#2371));
#5385=EDGE_LOOP('',(#2372));
#5386=EDGE_LOOP('',(#2373,#2374,#2375,#2376));
#5387=EDGE_LOOP('',(#2377));
#5388=EDGE_LOOP('',(#2378));
#5389=EDGE_LOOP('',(#2379,#2380,#2381,#2382));
#5390=EDGE_LOOP('',(#2383,#2384,#2385,#2386));
#5391=EDGE_LOOP('',(#2387,#2388,#2389,#2390));
#5392=EDGE_LOOP('',(#2391,#2392,#2393,#2394));
#5393=EDGE_LOOP('',(#2395,#2396,#2397,#2398));
#5394=EDGE_LOOP('',(#2399,#2400,#2401,#2402));
#5395=EDGE_LOOP('',(#2403,#2404,#2405,#2406));
#5396=EDGE_LOOP('',(#2407));
#5397=EDGE_LOOP('',(#2408));
#5398=EDGE_LOOP('',(#2409,#2410,#2411,#2412));
#5399=EDGE_LOOP('',(#2413));
#5400=EDGE_LOOP('',(#2414));
#5401=EDGE_LOOP('',(#2415,#2416,#2417,#2418));
#5402=EDGE_LOOP('',(#2419,#2420,#2421,#2422));
#5403=EDGE_LOOP('',(#2423,#2424,#2425,#2426,#2427));
#5404=EDGE_LOOP('',(#2428,#2429,#2430,#2431));
#5405=EDGE_LOOP('',(#2432,#2433,#2434,#2435));
#5406=EDGE_LOOP('',(#2436,#2437,#2438,#2439));
#5407=EDGE_LOOP('',(#2440,#2441,#2442,#2443));
#5408=EDGE_LOOP('',(#2444));
#5409=EDGE_LOOP('',(#2445));
#5410=EDGE_LOOP('',(#2446,#2447,#2448,#2449));
#5411=EDGE_LOOP('',(#2450,#2451,#2452,#2453));
#5412=EDGE_LOOP('',(#2454));
#5413=EDGE_LOOP('',(#2455));
#5414=EDGE_LOOP('',(#2456,#2457,#2458,#2459));
#5415=EDGE_LOOP('',(#2460,#2461,#2462,#2463,#2464));
#5416=EDGE_LOOP('',(#2465,#2466,#2467,#2468));
#5417=EDGE_LOOP('',(#2469,#2470,#2471,#2472));
#5418=EDGE_LOOP('',(#2473,#2474,#2475,#2476,#2477));
#5419=EDGE_LOOP('',(#2478,#2479,#2480,#2481));
#5420=EDGE_LOOP('',(#2482));
#5421=EDGE_LOOP('',(#2483));
#5422=EDGE_LOOP('',(#2484,#2485,#2486,#2487));
#5423=EDGE_LOOP('',(#2488));
#5424=EDGE_LOOP('',(#2489));
#5425=EDGE_LOOP('',(#2490,#2491,#2492,#2493));
#5426=EDGE_LOOP('',(#2494,#2495,#2496,#2497));
#5427=EDGE_LOOP('',(#2498,#2499,#2500,#2501));
#5428=EDGE_LOOP('',(#2502,#2503,#2504,#2505));
#5429=EDGE_LOOP('',(#2506,#2507,#2508,#2509));
#5430=EDGE_LOOP('',(#2510,#2511,#2512,#2513,#2514));
#5431=EDGE_LOOP('',(#2515,#2516,#2517,#2518));
#5432=EDGE_LOOP('',(#2519));
#5433=EDGE_LOOP('',(#2520));
#5434=EDGE_LOOP('',(#2521,#2522,#2523,#2524));
#5435=EDGE_LOOP('',(#2525));
#5436=EDGE_LOOP('',(#2526));
#5437=EDGE_LOOP('',(#2527,#2528,#2529,#2530));
#5438=EDGE_LOOP('',(#2531,#2532,#2533,#2534));
#5439=EDGE_LOOP('',(#2535,#2536,#2537,#2538));
#5440=EDGE_LOOP('',(#2539,#2540,#2541,#2542));
#5441=EDGE_LOOP('',(#2543,#2544,#2545,#2546));
#5442=EDGE_LOOP('',(#2547,#2548,#2549,#2550));
#5443=EDGE_LOOP('',(#2551,#2552,#2553,#2554));
#5444=EDGE_LOOP('',(#2555,#2556,#2557,#2558,#2559));
#5445=EDGE_LOOP('',(#2560,#2561,#2562,#2563,#2564,#2565,#2566,#2567,#2568,
#2569,#2570,#2571,#2572,#2573,#2574,#2575,#2576,#2577,#2578,#2579,#2580,
#2581,#2582,#2583,#2584));
#5446=EDGE_LOOP('',(#2585,#2586,#2587,#2588));
#5447=EDGE_LOOP('',(#2589,#2590,#2591,#2592));
#5448=EDGE_LOOP('',(#2593,#2594,#2595,#2596));
#5449=EDGE_LOOP('',(#2597,#2598,#2599,#2600,#2601,#2602,#2603,#2604,#2605,
#2606,#2607,#2608));
#5450=EDGE_LOOP('',(#2609,#2610,#2611,#2612));
#5451=EDGE_LOOP('',(#2613,#2614,#2615,#2616));
#5452=EDGE_LOOP('',(#2617,#2618,#2619,#2620));
#5453=EDGE_LOOP('',(#2621,#2622,#2623,#2624));
#5454=EDGE_LOOP('',(#2625,#2626,#2627,#2628));
#5455=EDGE_LOOP('',(#2629,#2630,#2631,#2632));
#5456=EDGE_LOOP('',(#2633,#2634,#2635,#2636));
#5457=EDGE_LOOP('',(#2637,#2638,#2639,#2640));
#5458=EDGE_LOOP('',(#2641,#2642,#2643,#2644));
#5459=EDGE_LOOP('',(#2645,#2646));
#5460=EDGE_LOOP('',(#2647));
#5461=EDGE_LOOP('',(#2648));
#5462=EDGE_LOOP('',(#2649));
#5463=EDGE_LOOP('',(#2650));
#5464=EDGE_LOOP('',(#2651));
#5465=EDGE_LOOP('',(#2652));
#5466=EDGE_LOOP('',(#2653));
#5467=EDGE_LOOP('',(#2654));
#5468=EDGE_LOOP('',(#2655));
#5469=EDGE_LOOP('',(#2656));
#5470=EDGE_LOOP('',(#2657));
#5471=EDGE_LOOP('',(#2658,#2659,#2660,#2661,#2662,#2663));
#5472=EDGE_LOOP('',(#2664,#2665,#2666,#2667,#2668,#2669,#2670));
#5473=EDGE_LOOP('',(#2671,#2672,#2673,#2674,#2675,#2676));
#5474=EDGE_LOOP('',(#2677,#2678,#2679,#2680,#2681));
#5475=EDGE_LOOP('',(#2682,#2683,#2684,#2685,#2686));
#5476=EDGE_LOOP('',(#2687,#2688,#2689,#2690));
#5477=EDGE_LOOP('',(#2691,#2692,#2693,#2694));
#5478=EDGE_LOOP('',(#2695,#2696,#2697,#2698));
#5479=EDGE_LOOP('',(#2699,#2700,#2701,#2702));
#5480=EDGE_LOOP('',(#2703,#2704,#2705,#2706));
#5481=EDGE_LOOP('',(#2707,#2708,#2709,#2710));
#5482=EDGE_LOOP('',(#2711,#2712,#2713,#2714));
#5483=EDGE_LOOP('',(#2715,#2716,#2717,#2718));
#5484=EDGE_LOOP('',(#2719,#2720,#2721,#2722));
#5485=EDGE_LOOP('',(#2723,#2724,#2725,#2726));
#5486=EDGE_LOOP('',(#2727,#2728,#2729,#2730));
#5487=EDGE_LOOP('',(#2731,#2732,#2733,#2734));
#5488=EDGE_LOOP('',(#2735,#2736,#2737,#2738));
#5489=EDGE_LOOP('',(#2739,#2740,#2741,#2742));
#5490=EDGE_LOOP('',(#2743,#2744,#2745,#2746));
#5491=EDGE_LOOP('',(#2747,#2748,#2749,#2750));
#5492=EDGE_LOOP('',(#2751,#2752,#2753,#2754));
#5493=EDGE_LOOP('',(#2755,#2756,#2757,#2758));
#5494=EDGE_LOOP('',(#2759,#2760,#2761,#2762));
#5495=EDGE_LOOP('',(#2763,#2764,#2765,#2766));
#5496=EDGE_LOOP('',(#2767,#2768,#2769,#2770));
#5497=EDGE_LOOP('',(#2771,#2772,#2773,#2774));
#5498=EDGE_LOOP('',(#2775,#2776,#2777,#2778));
#5499=EDGE_LOOP('',(#2779,#2780,#2781,#2782));
#5500=EDGE_LOOP('',(#2783,#2784,#2785,#2786));
#5501=EDGE_LOOP('',(#2787,#2788,#2789,#2790));
#5502=EDGE_LOOP('',(#2791,#2792,#2793,#2794));
#5503=EDGE_LOOP('',(#2795,#2796,#2797,#2798));
#5504=EDGE_LOOP('',(#2799,#2800,#2801,#2802));
#5505=EDGE_LOOP('',(#2803,#2804,#2805,#2806));
#5506=EDGE_LOOP('',(#2807,#2808,#2809,#2810));
#5507=EDGE_LOOP('',(#2811,#2812,#2813,#2814));
#5508=EDGE_LOOP('',(#2815,#2816,#2817,#2818));
#5509=EDGE_LOOP('',(#2819,#2820,#2821,#2822));
#5510=EDGE_LOOP('',(#2823,#2824,#2825,#2826));
#5511=EDGE_LOOP('',(#2827,#2828,#2829,#2830));
#5512=EDGE_LOOP('',(#2831,#2832,#2833,#2834));
#5513=EDGE_LOOP('',(#2835,#2836,#2837,#2838));
#5514=EDGE_LOOP('',(#2839,#2840,#2841,#2842));
#5515=EDGE_LOOP('',(#2843,#2844,#2845,#2846));
#5516=EDGE_LOOP('',(#2847,#2848,#2849,#2850));
#5517=EDGE_LOOP('',(#2851,#2852,#2853,#2854));
#5518=EDGE_LOOP('',(#2855,#2856,#2857,#2858));
#5519=EDGE_LOOP('',(#2859,#2860,#2861,#2862));
#5520=EDGE_LOOP('',(#2863,#2864,#2865,#2866));
#5521=EDGE_LOOP('',(#2867,#2868,#2869,#2870));
#5522=EDGE_LOOP('',(#2871,#2872,#2873,#2874));
#5523=EDGE_LOOP('',(#2875,#2876,#2877,#2878,#2879,#2880));
#5524=EDGE_LOOP('',(#2881,#2882,#2883,#2884));
#5525=EDGE_LOOP('',(#2885,#2886,#2887,#2888));
#5526=EDGE_LOOP('',(#2889,#2890,#2891,#2892,#2893,#2894));
#5527=EDGE_LOOP('',(#2895,#2896,#2897,#2898));
#5528=EDGE_LOOP('',(#2899,#2900,#2901,#2902,#2903,#2904,#2905,#2906));
#5529=EDGE_LOOP('',(#2907,#2908,#2909,#2910,#2911,#2912,#2913,#2914));
#5530=EDGE_LOOP('',(#2915,#2916,#2917,#2918,#2919,#2920,#2921,#2922));
#5531=EDGE_LOOP('',(#2923,#2924,#2925,#2926,#2927,#2928,#2929,#2930));
#5532=EDGE_LOOP('',(#2931,#2932,#2933,#2934,#2935,#2936,#2937,#2938));
#5533=EDGE_LOOP('',(#2939,#2940,#2941,#2942));
#5534=EDGE_LOOP('',(#2943,#2944,#2945,#2946));
#5535=EDGE_LOOP('',(#2947,#2948,#2949,#2950));
#5536=EDGE_LOOP('',(#2951));
#5537=EDGE_LOOP('',(#2952,#2953,#2954,#2955));
#5538=EDGE_LOOP('',(#2956,#2957,#2958,#2959));
#5539=EDGE_LOOP('',(#2960));
#5540=EDGE_LOOP('',(#2961,#2962,#2963,#2964));
#5541=EDGE_LOOP('',(#2965,#2966,#2967,#2968));
#5542=EDGE_LOOP('',(#2969,#2970,#2971,#2972));
#5543=EDGE_LOOP('',(#2973,#2974,#2975,#2976));
#5544=EDGE_LOOP('',(#2977,#2978,#2979,#2980,#2981));
#5545=EDGE_LOOP('',(#2982,#2983,#2984,#2985,#2986,#2987,#2988,#2989));
#5546=EDGE_LOOP('',(#2990,#2991,#2992,#2993));
#5547=EDGE_LOOP('',(#2994,#2995,#2996,#2997));
#5548=EDGE_LOOP('',(#2998,#2999,#3000,#3001,#3002,#3003,#3004,#3005,#3006));
#5549=EDGE_LOOP('',(#3007,#3008,#3009,#3010,#3011,#3012));
#5550=EDGE_LOOP('',(#3013,#3014,#3015,#3016));
#5551=EDGE_LOOP('',(#3017,#3018,#3019,#3020,#3021));
#5552=EDGE_LOOP('',(#3022,#3023,#3024,#3025,#3026));
#5553=EDGE_LOOP('',(#3027,#3028,#3029,#3030));
#5554=EDGE_LOOP('',(#3031,#3032,#3033,#3034));
#5555=EDGE_LOOP('',(#3035,#3036,#3037,#3038));
#5556=EDGE_LOOP('',(#3039,#3040,#3041,#3042,#3043,#3044));
#5557=EDGE_LOOP('',(#3045,#3046,#3047,#3048));
#5558=EDGE_LOOP('',(#3049,#3050,#3051,#3052));
#5559=EDGE_LOOP('',(#3053,#3054,#3055,#3056));
#5560=EDGE_LOOP('',(#3057,#3058,#3059,#3060,#3061));
#5561=EDGE_LOOP('',(#3062,#3063,#3064,#3065,#3066,#3067,#3068,#3069));
#5562=EDGE_LOOP('',(#3070,#3071,#3072,#3073,#3074));
#5563=EDGE_LOOP('',(#3075,#3076,#3077,#3078));
#5564=EDGE_LOOP('',(#3079,#3080,#3081,#3082,#3083));
#5565=EDGE_LOOP('',(#3084,#3085,#3086,#3087,#3088));
#5566=EDGE_LOOP('',(#3089,#3090,#3091,#3092));
#5567=EDGE_LOOP('',(#3093,#3094,#3095,#3096,#3097));
#5568=EDGE_LOOP('',(#3098,#3099,#3100,#3101,#3102,#3103));
#5569=EDGE_LOOP('',(#3104,#3105,#3106));
#5570=EDGE_LOOP('',(#3107,#3108,#3109,#3110));
#5571=EDGE_LOOP('',(#3111,#3112,#3113,#3114));
#5572=EDGE_LOOP('',(#3115,#3116,#3117,#3118,#3119));
#5573=EDGE_LOOP('',(#3120,#3121,#3122,#3123));
#5574=EDGE_LOOP('',(#3124,#3125,#3126,#3127));
#5575=EDGE_LOOP('',(#3128,#3129,#3130,#3131));
#5576=EDGE_LOOP('',(#3132,#3133,#3134,#3135,#3136,#3137));
#5577=EDGE_LOOP('',(#3138,#3139,#3140,#3141));
#5578=EDGE_LOOP('',(#3142,#3143,#3144));
#5579=EDGE_LOOP('',(#3145,#3146,#3147));
#5580=EDGE_LOOP('',(#3148,#3149,#3150,#3151));
#5581=EDGE_LOOP('',(#3152,#3153,#3154));
#5582=EDGE_LOOP('',(#3155,#3156,#3157));
#5583=EDGE_LOOP('',(#3158));
#5584=EDGE_LOOP('',(#3159,#3160,#3161,#3162,#3163));
#5585=EDGE_LOOP('',(#3164));
#5586=EDGE_LOOP('',(#3165,#3166,#3167,#3168,#3169,#3170));
#5587=EDGE_LOOP('',(#3171));
#5588=EDGE_LOOP('',(#3172));
#5589=EDGE_LOOP('',(#3173));
#5590=EDGE_LOOP('',(#3174));
#5591=EDGE_LOOP('',(#3175,#3176,#3177,#3178));
#5592=EDGE_LOOP('',(#3179,#3180,#3181,#3182));
#5593=EDGE_LOOP('',(#3183,#3184,#3185,#3186));
#5594=EDGE_LOOP('',(#3187,#3188,#3189,#3190));
#5595=EDGE_LOOP('',(#3191,#3192,#3193,#3194));
#5596=EDGE_LOOP('',(#3195,#3196,#3197,#3198));
#5597=EDGE_LOOP('',(#3199,#3200,#3201,#3202,#3203,#3204,#3205,#3206));
#5598=EDGE_LOOP('',(#3207,#3208,#3209,#3210));
#5599=EDGE_LOOP('',(#3211,#3212,#3213,#3214));
#5600=EDGE_LOOP('',(#3215,#3216,#3217,#3218));
#5601=EDGE_LOOP('',(#3219,#3220,#3221,#3222));
#5602=EDGE_LOOP('',(#3223,#3224,#3225,#3226));
#5603=EDGE_LOOP('',(#3227,#3228,#3229,#3230));
#5604=EDGE_LOOP('',(#3231,#3232,#3233,#3234));
#5605=EDGE_LOOP('',(#3235,#3236,#3237,#3238));
#5606=EDGE_LOOP('',(#3239,#3240,#3241,#3242));
#5607=EDGE_LOOP('',(#3243,#3244,#3245,#3246));
#5608=EDGE_LOOP('',(#3247,#3248,#3249,#3250));
#5609=EDGE_LOOP('',(#3251,#3252,#3253,#3254));
#5610=EDGE_LOOP('',(#3255,#3256,#3257,#3258));
#5611=EDGE_LOOP('',(#3259,#3260,#3261,#3262));
#5612=EDGE_LOOP('',(#3263,#3264,#3265,#3266));
#5613=EDGE_LOOP('',(#3267,#3268,#3269,#3270,#3271,#3272,#3273,#3274,#3275,
#3276,#3277,#3278,#3279,#3280,#3281,#3282,#3283,#3284,#3285,#3286));
#5614=FACE_BOUND('',#5096,.T.);
#5615=FACE_BOUND('',#5097,.T.);
#5616=FACE_BOUND('',#5098,.T.);
#5617=FACE_BOUND('',#5099,.T.);
#5618=FACE_BOUND('',#5100,.T.);
#5619=FACE_BOUND('',#5101,.T.);
#5620=FACE_BOUND('',#5102,.T.);
#5621=FACE_BOUND('',#5103,.T.);
#5622=FACE_BOUND('',#5104,.T.);
#5623=FACE_BOUND('',#5105,.T.);
#5624=FACE_BOUND('',#5106,.T.);
#5625=FACE_BOUND('',#5107,.T.);
#5626=FACE_BOUND('',#5108,.T.);
#5627=FACE_BOUND('',#5109,.T.);
#5628=FACE_BOUND('',#5110,.T.);
#5629=FACE_BOUND('',#5111,.T.);
#5630=FACE_BOUND('',#5112,.T.);
#5631=FACE_BOUND('',#5113,.T.);
#5632=FACE_BOUND('',#5114,.T.);
#5633=FACE_BOUND('',#5115,.T.);
#5634=FACE_BOUND('',#5116,.T.);
#5635=FACE_BOUND('',#5117,.T.);
#5636=FACE_BOUND('',#5118,.T.);
#5637=FACE_BOUND('',#5119,.T.);
#5638=FACE_BOUND('',#5120,.T.);
#5639=FACE_BOUND('',#5121,.T.);
#5640=FACE_BOUND('',#5122,.T.);
#5641=FACE_BOUND('',#5123,.T.);
#5642=FACE_BOUND('',#5124,.T.);
#5643=FACE_BOUND('',#5125,.T.);
#5644=FACE_BOUND('',#5126,.T.);
#5645=FACE_BOUND('',#5127,.T.);
#5646=FACE_BOUND('',#5128,.T.);
#5647=FACE_BOUND('',#5129,.T.);
#5648=FACE_BOUND('',#5130,.T.);
#5649=FACE_BOUND('',#5131,.T.);
#5650=FACE_BOUND('',#5132,.T.);
#5651=FACE_BOUND('',#5133,.T.);
#5652=FACE_BOUND('',#5134,.T.);
#5653=FACE_BOUND('',#5135,.T.);
#5654=FACE_BOUND('',#5136,.T.);
#5655=FACE_BOUND('',#5137,.T.);
#5656=FACE_BOUND('',#5138,.T.);
#5657=FACE_BOUND('',#5139,.T.);
#5658=FACE_BOUND('',#5140,.T.);
#5659=FACE_BOUND('',#5141,.T.);
#5660=FACE_BOUND('',#5142,.T.);
#5661=FACE_BOUND('',#5143,.T.);
#5662=FACE_BOUND('',#5144,.T.);
#5663=FACE_BOUND('',#5145,.T.);
#5664=FACE_BOUND('',#5146,.T.);
#5665=FACE_BOUND('',#5147,.T.);
#5666=FACE_BOUND('',#5148,.T.);
#5667=FACE_BOUND('',#5149,.T.);
#5668=FACE_BOUND('',#5150,.T.);
#5669=FACE_BOUND('',#5151,.T.);
#5670=FACE_BOUND('',#5152,.T.);
#5671=FACE_BOUND('',#5153,.T.);
#5672=FACE_BOUND('',#5154,.T.);
#5673=FACE_BOUND('',#5155,.T.);
#5674=FACE_BOUND('',#5156,.T.);
#5675=FACE_BOUND('',#5157,.T.);
#5676=FACE_BOUND('',#5158,.T.);
#5677=FACE_BOUND('',#5159,.T.);
#5678=FACE_BOUND('',#5160,.T.);
#5679=FACE_BOUND('',#5161,.T.);
#5680=FACE_BOUND('',#5162,.T.);
#5681=FACE_BOUND('',#5163,.T.);
#5682=FACE_BOUND('',#5164,.T.);
#5683=FACE_BOUND('',#5165,.T.);
#5684=FACE_BOUND('',#5166,.T.);
#5685=FACE_BOUND('',#5167,.T.);
#5686=FACE_BOUND('',#5168,.T.);
#5687=FACE_BOUND('',#5169,.T.);
#5688=FACE_BOUND('',#5170,.T.);
#5689=FACE_BOUND('',#5171,.T.);
#5690=FACE_BOUND('',#5172,.T.);
#5691=FACE_BOUND('',#5173,.T.);
#5692=FACE_BOUND('',#5174,.T.);
#5693=FACE_BOUND('',#5175,.T.);
#5694=FACE_BOUND('',#5176,.T.);
#5695=FACE_BOUND('',#5177,.T.);
#5696=FACE_BOUND('',#5178,.T.);
#5697=FACE_BOUND('',#5179,.T.);
#5698=FACE_BOUND('',#5180,.T.);
#5699=FACE_BOUND('',#5181,.T.);
#5700=FACE_BOUND('',#5182,.T.);
#5701=FACE_BOUND('',#5183,.T.);
#5702=FACE_BOUND('',#5184,.T.);
#5703=FACE_BOUND('',#5185,.T.);
#5704=FACE_BOUND('',#5186,.T.);
#5705=FACE_BOUND('',#5187,.T.);
#5706=FACE_BOUND('',#5188,.T.);
#5707=FACE_BOUND('',#5189,.T.);
#5708=FACE_BOUND('',#5190,.T.);
#5709=FACE_BOUND('',#5191,.T.);
#5710=FACE_BOUND('',#5192,.T.);
#5711=FACE_BOUND('',#5193,.T.);
#5712=FACE_BOUND('',#5194,.T.);
#5713=FACE_BOUND('',#5195,.T.);
#5714=FACE_BOUND('',#5196,.T.);
#5715=FACE_BOUND('',#5197,.T.);
#5716=FACE_BOUND('',#5198,.T.);
#5717=FACE_BOUND('',#5199,.T.);
#5718=FACE_BOUND('',#5200,.T.);
#5719=FACE_BOUND('',#5201,.T.);
#5720=FACE_BOUND('',#5202,.T.);
#5721=FACE_BOUND('',#5203,.T.);
#5722=FACE_BOUND('',#5204,.T.);
#5723=FACE_BOUND('',#5205,.T.);
#5724=FACE_BOUND('',#5206,.T.);
#5725=FACE_BOUND('',#5207,.T.);
#5726=FACE_BOUND('',#5208,.T.);
#5727=FACE_BOUND('',#5209,.T.);
#5728=FACE_BOUND('',#5210,.T.);
#5729=FACE_BOUND('',#5211,.T.);
#5730=FACE_BOUND('',#5212,.T.);
#5731=FACE_BOUND('',#5213,.T.);
#5732=FACE_BOUND('',#5214,.T.);
#5733=FACE_BOUND('',#5215,.T.);
#5734=FACE_BOUND('',#5216,.T.);
#5735=FACE_BOUND('',#5217,.T.);
#5736=FACE_BOUND('',#5218,.T.);
#5737=FACE_BOUND('',#5219,.T.);
#5738=FACE_BOUND('',#5220,.T.);
#5739=FACE_BOUND('',#5221,.T.);
#5740=FACE_BOUND('',#5222,.T.);
#5741=FACE_BOUND('',#5223,.T.);
#5742=FACE_BOUND('',#5224,.T.);
#5743=FACE_BOUND('',#5225,.T.);
#5744=FACE_BOUND('',#5226,.T.);
#5745=FACE_BOUND('',#5227,.T.);
#5746=FACE_BOUND('',#5228,.T.);
#5747=FACE_BOUND('',#5229,.T.);
#5748=FACE_BOUND('',#5230,.T.);
#5749=FACE_BOUND('',#5231,.T.);
#5750=FACE_BOUND('',#5232,.T.);
#5751=FACE_BOUND('',#5233,.T.);
#5752=FACE_BOUND('',#5234,.T.);
#5753=FACE_BOUND('',#5235,.T.);
#5754=FACE_BOUND('',#5236,.T.);
#5755=FACE_BOUND('',#5237,.T.);
#5756=FACE_BOUND('',#5238,.T.);
#5757=FACE_BOUND('',#5239,.T.);
#5758=FACE_BOUND('',#5240,.T.);
#5759=FACE_BOUND('',#5241,.T.);
#5760=FACE_BOUND('',#5242,.T.);
#5761=FACE_BOUND('',#5243,.T.);
#5762=FACE_BOUND('',#5244,.T.);
#5763=FACE_BOUND('',#5245,.T.);
#5764=FACE_BOUND('',#5246,.T.);
#5765=FACE_BOUND('',#5247,.T.);
#5766=FACE_BOUND('',#5248,.T.);
#5767=FACE_BOUND('',#5249,.T.);
#5768=FACE_BOUND('',#5250,.T.);
#5769=FACE_BOUND('',#5251,.T.);
#5770=FACE_BOUND('',#5252,.T.);
#5771=FACE_BOUND('',#5253,.T.);
#5772=FACE_BOUND('',#5254,.T.);
#5773=FACE_BOUND('',#5255,.T.);
#5774=FACE_BOUND('',#5256,.T.);
#5775=FACE_BOUND('',#5257,.T.);
#5776=FACE_BOUND('',#5258,.T.);
#5777=FACE_BOUND('',#5259,.T.);
#5778=FACE_BOUND('',#5260,.T.);
#5779=FACE_BOUND('',#5261,.T.);
#5780=FACE_BOUND('',#5262,.T.);
#5781=FACE_BOUND('',#5263,.T.);
#5782=FACE_BOUND('',#5264,.T.);
#5783=FACE_BOUND('',#5265,.T.);
#5784=FACE_BOUND('',#5266,.T.);
#5785=FACE_BOUND('',#5267,.T.);
#5786=FACE_BOUND('',#5268,.T.);
#5787=FACE_BOUND('',#5269,.T.);
#5788=FACE_BOUND('',#5270,.T.);
#5789=FACE_BOUND('',#5271,.T.);
#5790=FACE_BOUND('',#5272,.T.);
#5791=FACE_BOUND('',#5273,.T.);
#5792=FACE_BOUND('',#5274,.T.);
#5793=FACE_BOUND('',#5275,.T.);
#5794=FACE_BOUND('',#5276,.T.);
#5795=FACE_BOUND('',#5277,.T.);
#5796=FACE_BOUND('',#5278,.T.);
#5797=FACE_BOUND('',#5279,.T.);
#5798=FACE_BOUND('',#5280,.T.);
#5799=FACE_BOUND('',#5281,.T.);
#5800=FACE_BOUND('',#5282,.T.);
#5801=FACE_BOUND('',#5283,.T.);
#5802=FACE_BOUND('',#5284,.T.);
#5803=FACE_BOUND('',#5285,.T.);
#5804=FACE_BOUND('',#5286,.T.);
#5805=FACE_BOUND('',#5287,.T.);
#5806=FACE_BOUND('',#5288,.T.);
#5807=FACE_BOUND('',#5289,.T.);
#5808=FACE_BOUND('',#5290,.T.);
#5809=FACE_BOUND('',#5291,.T.);
#5810=FACE_BOUND('',#5292,.T.);
#5811=FACE_BOUND('',#5293,.T.);
#5812=FACE_BOUND('',#5294,.T.);
#5813=FACE_BOUND('',#5295,.T.);
#5814=FACE_BOUND('',#5296,.T.);
#5815=FACE_BOUND('',#5297,.T.);
#5816=FACE_BOUND('',#5298,.T.);
#5817=FACE_BOUND('',#5299,.T.);
#5818=FACE_BOUND('',#5300,.T.);
#5819=FACE_BOUND('',#5301,.T.);
#5820=FACE_BOUND('',#5302,.T.);
#5821=FACE_BOUND('',#5303,.T.);
#5822=FACE_BOUND('',#5304,.T.);
#5823=FACE_BOUND('',#5305,.T.);
#5824=FACE_BOUND('',#5306,.T.);
#5825=FACE_BOUND('',#5307,.T.);
#5826=FACE_BOUND('',#5308,.T.);
#5827=FACE_BOUND('',#5309,.T.);
#5828=FACE_BOUND('',#5310,.T.);
#5829=FACE_BOUND('',#5311,.T.);
#5830=FACE_BOUND('',#5312,.T.);
#5831=FACE_BOUND('',#5313,.T.);
#5832=FACE_BOUND('',#5314,.T.);
#5833=FACE_BOUND('',#5315,.T.);
#5834=FACE_BOUND('',#5316,.T.);
#5835=FACE_BOUND('',#5317,.T.);
#5836=FACE_BOUND('',#5318,.T.);
#5837=FACE_BOUND('',#5319,.T.);
#5838=FACE_BOUND('',#5320,.T.);
#5839=FACE_BOUND('',#5321,.T.);
#5840=FACE_BOUND('',#5322,.T.);
#5841=FACE_BOUND('',#5323,.T.);
#5842=FACE_BOUND('',#5324,.T.);
#5843=FACE_BOUND('',#5325,.T.);
#5844=FACE_BOUND('',#5326,.T.);
#5845=FACE_BOUND('',#5327,.T.);
#5846=FACE_BOUND('',#5328,.T.);
#5847=FACE_BOUND('',#5329,.T.);
#5848=FACE_BOUND('',#5330,.T.);
#5849=FACE_BOUND('',#5331,.T.);
#5850=FACE_BOUND('',#5332,.T.);
#5851=FACE_BOUND('',#5333,.T.);
#5852=FACE_BOUND('',#5334,.T.);
#5853=FACE_BOUND('',#5335,.T.);
#5854=FACE_BOUND('',#5336,.T.);
#5855=FACE_BOUND('',#5337,.T.);
#5856=FACE_BOUND('',#5338,.T.);
#5857=FACE_BOUND('',#5339,.T.);
#5858=FACE_BOUND('',#5340,.T.);
#5859=FACE_BOUND('',#5341,.T.);
#5860=FACE_BOUND('',#5342,.T.);
#5861=FACE_BOUND('',#5343,.T.);
#5862=FACE_BOUND('',#5344,.T.);
#5863=FACE_BOUND('',#5345,.T.);
#5864=FACE_BOUND('',#5346,.T.);
#5865=FACE_BOUND('',#5347,.T.);
#5866=FACE_BOUND('',#5348,.T.);
#5867=FACE_BOUND('',#5349,.T.);
#5868=FACE_BOUND('',#5350,.T.);
#5869=FACE_BOUND('',#5351,.T.);
#5870=FACE_BOUND('',#5352,.T.);
#5871=FACE_BOUND('',#5353,.T.);
#5872=FACE_BOUND('',#5354,.T.);
#5873=FACE_BOUND('',#5355,.T.);
#5874=FACE_BOUND('',#5356,.T.);
#5875=FACE_BOUND('',#5357,.T.);
#5876=FACE_BOUND('',#5358,.T.);
#5877=FACE_BOUND('',#5359,.T.);
#5878=FACE_BOUND('',#5360,.T.);
#5879=FACE_BOUND('',#5361,.T.);
#5880=FACE_BOUND('',#5362,.T.);
#5881=FACE_BOUND('',#5363,.T.);
#5882=FACE_BOUND('',#5364,.T.);
#5883=FACE_BOUND('',#5365,.T.);
#5884=FACE_BOUND('',#5366,.T.);
#5885=FACE_BOUND('',#5367,.T.);
#5886=FACE_BOUND('',#5368,.T.);
#5887=FACE_BOUND('',#5369,.T.);
#5888=FACE_BOUND('',#5370,.T.);
#5889=FACE_BOUND('',#5371,.T.);
#5890=FACE_BOUND('',#5372,.T.);
#5891=FACE_BOUND('',#5373,.T.);
#5892=FACE_BOUND('',#5374,.T.);
#5893=FACE_BOUND('',#5375,.T.);
#5894=FACE_BOUND('',#5376,.T.);
#5895=FACE_BOUND('',#5377,.T.);
#5896=FACE_BOUND('',#5378,.T.);
#5897=FACE_BOUND('',#5379,.T.);
#5898=FACE_BOUND('',#5380,.T.);
#5899=FACE_BOUND('',#5381,.T.);
#5900=FACE_BOUND('',#5382,.T.);
#5901=FACE_BOUND('',#5383,.T.);
#5902=FACE_BOUND('',#5384,.T.);
#5903=FACE_BOUND('',#5385,.T.);
#5904=FACE_BOUND('',#5386,.T.);
#5905=FACE_BOUND('',#5387,.T.);
#5906=FACE_BOUND('',#5388,.T.);
#5907=FACE_BOUND('',#5389,.T.);
#5908=FACE_BOUND('',#5390,.T.);
#5909=FACE_BOUND('',#5391,.T.);
#5910=FACE_BOUND('',#5392,.T.);
#5911=FACE_BOUND('',#5393,.T.);
#5912=FACE_BOUND('',#5394,.T.);
#5913=FACE_BOUND('',#5395,.T.);
#5914=FACE_BOUND('',#5396,.T.);
#5915=FACE_BOUND('',#5397,.T.);
#5916=FACE_BOUND('',#5398,.T.);
#5917=FACE_BOUND('',#5399,.T.);
#5918=FACE_BOUND('',#5400,.T.);
#5919=FACE_BOUND('',#5401,.T.);
#5920=FACE_BOUND('',#5402,.T.);
#5921=FACE_BOUND('',#5403,.T.);
#5922=FACE_BOUND('',#5404,.T.);
#5923=FACE_BOUND('',#5405,.T.);
#5924=FACE_BOUND('',#5406,.T.);
#5925=FACE_BOUND('',#5407,.T.);
#5926=FACE_BOUND('',#5408,.T.);
#5927=FACE_BOUND('',#5409,.T.);
#5928=FACE_BOUND('',#5410,.T.);
#5929=FACE_BOUND('',#5411,.T.);
#5930=FACE_BOUND('',#5412,.T.);
#5931=FACE_BOUND('',#5413,.T.);
#5932=FACE_BOUND('',#5414,.T.);
#5933=FACE_BOUND('',#5415,.T.);
#5934=FACE_BOUND('',#5416,.T.);
#5935=FACE_BOUND('',#5417,.T.);
#5936=FACE_BOUND('',#5418,.T.);
#5937=FACE_BOUND('',#5419,.T.);
#5938=FACE_BOUND('',#5420,.T.);
#5939=FACE_BOUND('',#5421,.T.);
#5940=FACE_BOUND('',#5422,.T.);
#5941=FACE_BOUND('',#5423,.T.);
#5942=FACE_BOUND('',#5424,.T.);
#5943=FACE_BOUND('',#5425,.T.);
#5944=FACE_BOUND('',#5426,.T.);
#5945=FACE_BOUND('',#5427,.T.);
#5946=FACE_BOUND('',#5428,.T.);
#5947=FACE_BOUND('',#5429,.T.);
#5948=FACE_BOUND('',#5430,.T.);
#5949=FACE_BOUND('',#5431,.T.);
#5950=FACE_BOUND('',#5432,.T.);
#5951=FACE_BOUND('',#5433,.T.);
#5952=FACE_BOUND('',#5434,.T.);
#5953=FACE_BOUND('',#5435,.T.);
#5954=FACE_BOUND('',#5436,.T.);
#5955=FACE_BOUND('',#5437,.T.);
#5956=FACE_BOUND('',#5438,.T.);
#5957=FACE_BOUND('',#5439,.T.);
#5958=FACE_BOUND('',#5440,.T.);
#5959=FACE_BOUND('',#5441,.T.);
#5960=FACE_BOUND('',#5442,.T.);
#5961=FACE_BOUND('',#5443,.T.);
#5962=FACE_BOUND('',#5444,.T.);
#5963=FACE_BOUND('',#5445,.T.);
#5964=FACE_BOUND('',#5446,.T.);
#5965=FACE_BOUND('',#5447,.T.);
#5966=FACE_BOUND('',#5448,.T.);
#5967=FACE_BOUND('',#5449,.T.);
#5968=FACE_BOUND('',#5450,.T.);
#5969=FACE_BOUND('',#5451,.T.);
#5970=FACE_BOUND('',#5452,.T.);
#5971=FACE_BOUND('',#5453,.T.);
#5972=FACE_BOUND('',#5454,.T.);
#5973=FACE_BOUND('',#5455,.T.);
#5974=FACE_BOUND('',#5456,.T.);
#5975=FACE_BOUND('',#5457,.T.);
#5976=FACE_BOUND('',#5458,.T.);
#5977=FACE_BOUND('',#5459,.T.);
#5978=FACE_BOUND('',#5460,.T.);
#5979=FACE_BOUND('',#5461,.T.);
#5980=FACE_BOUND('',#5462,.T.);
#5981=FACE_BOUND('',#5463,.T.);
#5982=FACE_BOUND('',#5464,.T.);
#5983=FACE_BOUND('',#5465,.T.);
#5984=FACE_BOUND('',#5466,.T.);
#5985=FACE_BOUND('',#5467,.T.);
#5986=FACE_BOUND('',#5468,.T.);
#5987=FACE_BOUND('',#5469,.T.);
#5988=FACE_BOUND('',#5470,.T.);
#5989=FACE_BOUND('',#5471,.T.);
#5990=FACE_BOUND('',#5472,.T.);
#5991=FACE_BOUND('',#5473,.T.);
#5992=FACE_BOUND('',#5474,.T.);
#5993=FACE_BOUND('',#5475,.T.);
#5994=FACE_BOUND('',#5476,.T.);
#5995=FACE_BOUND('',#5477,.T.);
#5996=FACE_BOUND('',#5478,.T.);
#5997=FACE_BOUND('',#5479,.T.);
#5998=FACE_BOUND('',#5480,.T.);
#5999=FACE_BOUND('',#5481,.T.);
#6000=FACE_BOUND('',#5482,.T.);
#6001=FACE_BOUND('',#5483,.T.);
#6002=FACE_BOUND('',#5484,.T.);
#6003=FACE_BOUND('',#5485,.T.);
#6004=FACE_BOUND('',#5486,.T.);
#6005=FACE_BOUND('',#5487,.T.);
#6006=FACE_BOUND('',#5488,.T.);
#6007=FACE_BOUND('',#5489,.T.);
#6008=FACE_BOUND('',#5490,.T.);
#6009=FACE_BOUND('',#5491,.T.);
#6010=FACE_BOUND('',#5492,.T.);
#6011=FACE_BOUND('',#5493,.T.);
#6012=FACE_BOUND('',#5494,.T.);
#6013=FACE_BOUND('',#5495,.T.);
#6014=FACE_BOUND('',#5496,.T.);
#6015=FACE_BOUND('',#5497,.T.);
#6016=FACE_BOUND('',#5498,.T.);
#6017=FACE_BOUND('',#5499,.T.);
#6018=FACE_BOUND('',#5500,.T.);
#6019=FACE_BOUND('',#5501,.T.);
#6020=FACE_BOUND('',#5502,.T.);
#6021=FACE_BOUND('',#5503,.T.);
#6022=FACE_BOUND('',#5504,.T.);
#6023=FACE_BOUND('',#5505,.T.);
#6024=FACE_BOUND('',#5506,.T.);
#6025=FACE_BOUND('',#5507,.T.);
#6026=FACE_BOUND('',#5508,.T.);
#6027=FACE_BOUND('',#5509,.T.);
#6028=FACE_BOUND('',#5510,.T.);
#6029=FACE_BOUND('',#5511,.T.);
#6030=FACE_BOUND('',#5512,.T.);
#6031=FACE_BOUND('',#5513,.T.);
#6032=FACE_BOUND('',#5514,.T.);
#6033=FACE_BOUND('',#5515,.T.);
#6034=FACE_BOUND('',#5516,.T.);
#6035=FACE_BOUND('',#5517,.T.);
#6036=FACE_BOUND('',#5518,.T.);
#6037=FACE_BOUND('',#5519,.T.);
#6038=FACE_BOUND('',#5520,.T.);
#6039=FACE_BOUND('',#5521,.T.);
#6040=FACE_BOUND('',#5522,.T.);
#6041=FACE_BOUND('',#5523,.T.);
#6042=FACE_BOUND('',#5524,.T.);
#6043=FACE_BOUND('',#5525,.T.);
#6044=FACE_BOUND('',#5526,.T.);
#6045=FACE_BOUND('',#5527,.T.);
#6046=FACE_BOUND('',#5528,.T.);
#6047=FACE_BOUND('',#5529,.T.);
#6048=FACE_BOUND('',#5530,.T.);
#6049=FACE_BOUND('',#5531,.T.);
#6050=FACE_BOUND('',#5532,.T.);
#6051=FACE_BOUND('',#5533,.T.);
#6052=FACE_BOUND('',#5534,.T.);
#6053=FACE_BOUND('',#5535,.T.);
#6054=FACE_BOUND('',#5536,.T.);
#6055=FACE_BOUND('',#5537,.T.);
#6056=FACE_BOUND('',#5538,.T.);
#6057=FACE_BOUND('',#5539,.T.);
#6058=FACE_BOUND('',#5540,.T.);
#6059=FACE_BOUND('',#5541,.T.);
#6060=FACE_BOUND('',#5542,.T.);
#6061=FACE_BOUND('',#5543,.T.);
#6062=FACE_BOUND('',#5544,.T.);
#6063=FACE_BOUND('',#5545,.T.);
#6064=FACE_BOUND('',#5546,.T.);
#6065=FACE_BOUND('',#5547,.T.);
#6066=FACE_BOUND('',#5548,.T.);
#6067=FACE_BOUND('',#5549,.T.);
#6068=FACE_BOUND('',#5550,.T.);
#6069=FACE_BOUND('',#5551,.T.);
#6070=FACE_BOUND('',#5552,.T.);
#6071=FACE_BOUND('',#5553,.T.);
#6072=FACE_BOUND('',#5554,.T.);
#6073=FACE_BOUND('',#5555,.T.);
#6074=FACE_BOUND('',#5556,.T.);
#6075=FACE_BOUND('',#5557,.T.);
#6076=FACE_BOUND('',#5558,.T.);
#6077=FACE_BOUND('',#5559,.T.);
#6078=FACE_BOUND('',#5560,.T.);
#6079=FACE_BOUND('',#5561,.T.);
#6080=FACE_BOUND('',#5562,.T.);
#6081=FACE_BOUND('',#5563,.T.);
#6082=FACE_BOUND('',#5564,.T.);
#6083=FACE_BOUND('',#5565,.T.);
#6084=FACE_BOUND('',#5566,.T.);
#6085=FACE_BOUND('',#5567,.T.);
#6086=FACE_BOUND('',#5568,.T.);
#6087=FACE_BOUND('',#5569,.T.);
#6088=FACE_BOUND('',#5570,.T.);
#6089=FACE_BOUND('',#5571,.T.);
#6090=FACE_BOUND('',#5572,.T.);
#6091=FACE_BOUND('',#5573,.T.);
#6092=FACE_BOUND('',#5574,.T.);
#6093=FACE_BOUND('',#5575,.T.);
#6094=FACE_BOUND('',#5576,.T.);
#6095=FACE_BOUND('',#5577,.T.);
#6096=FACE_BOUND('',#5578,.T.);
#6097=FACE_BOUND('',#5579,.T.);
#6098=FACE_BOUND('',#5580,.T.);
#6099=FACE_BOUND('',#5581,.T.);
#6100=FACE_BOUND('',#5582,.T.);
#6101=FACE_BOUND('',#5583,.T.);
#6102=FACE_BOUND('',#5584,.T.);
#6103=FACE_BOUND('',#5585,.T.);
#6104=FACE_BOUND('',#5586,.T.);
#6105=FACE_BOUND('',#5587,.T.);
#6106=FACE_BOUND('',#5588,.T.);
#6107=FACE_BOUND('',#5589,.T.);
#6108=FACE_BOUND('',#5590,.T.);
#6109=FACE_BOUND('',#5591,.T.);
#6110=FACE_BOUND('',#5592,.T.);
#6111=FACE_BOUND('',#5593,.T.);
#6112=FACE_BOUND('',#5594,.T.);
#6113=FACE_BOUND('',#5595,.T.);
#6114=FACE_BOUND('',#5596,.T.);
#6115=FACE_BOUND('',#5597,.T.);
#6116=FACE_BOUND('',#5598,.T.);
#6117=FACE_BOUND('',#5599,.T.);
#6118=FACE_BOUND('',#5600,.T.);
#6119=FACE_BOUND('',#5601,.T.);
#6120=FACE_BOUND('',#5602,.T.);
#6121=FACE_BOUND('',#5603,.T.);
#6122=FACE_BOUND('',#5604,.T.);
#6123=FACE_BOUND('',#5605,.T.);
#6124=FACE_BOUND('',#5606,.T.);
#6125=FACE_BOUND('',#5607,.T.);
#6126=FACE_BOUND('',#5608,.T.);
#6127=FACE_BOUND('',#5609,.T.);
#6128=FACE_BOUND('',#5610,.T.);
#6129=FACE_BOUND('',#5611,.T.);
#6130=FACE_BOUND('',#5612,.T.);
#6131=FACE_BOUND('',#5613,.T.);
#6132=PLANE('',#6721);
#6133=PLANE('',#6724);
#6134=PLANE('',#6727);
#6135=PLANE('',#6730);
#6136=PLANE('',#6733);
#6137=PLANE('',#6742);
#6138=PLANE('',#6753);
#6139=PLANE('',#6757);
#6140=PLANE('',#6760);
#6141=PLANE('',#6764);
#6142=PLANE('',#6765);
#6143=PLANE('',#6766);
#6144=PLANE('',#6767);
#6145=PLANE('',#6768);
#6146=PLANE('',#6771);
#6147=PLANE('',#6774);
#6148=PLANE('',#6775);
#6149=PLANE('',#6776);
#6150=PLANE('',#6779);
#6151=PLANE('',#6780);
#6152=PLANE('',#6783);
#6153=PLANE('',#6784);
#6154=PLANE('',#6787);
#6155=PLANE('',#6788);
#6156=PLANE('',#6820);
#6157=PLANE('',#6821);
#6158=PLANE('',#6822);
#6159=PLANE('',#6823);
#6160=PLANE('',#6824);
#6161=PLANE('',#6825);
#6162=PLANE('',#6826);
#6163=PLANE('',#6827);
#6164=PLANE('',#6828);
#6165=PLANE('',#6829);
#6166=PLANE('',#6830);
#6167=PLANE('',#6833);
#6168=PLANE('',#6834);
#6169=PLANE('',#6835);
#6170=PLANE('',#6836);
#6171=PLANE('',#6839);
#6172=PLANE('',#6842);
#6173=PLANE('',#6845);
#6174=PLANE('',#6848);
#6175=PLANE('',#6849);
#6176=PLANE('',#6852);
#6177=PLANE('',#6853);
#6178=PLANE('',#6856);
#6179=PLANE('',#6857);
#6180=PLANE('',#6860);
#6181=PLANE('',#6861);
#6182=PLANE('',#6862);
#6183=PLANE('',#6863);
#6184=PLANE('',#6864);
#6185=PLANE('',#6867);
#6186=PLANE('',#6870);
#6187=PLANE('',#6874);
#6188=PLANE('',#6876);
#6189=PLANE('',#6878);
#6190=PLANE('',#6880);
#6191=PLANE('',#6881);
#6192=PLANE('',#6884);
#6193=PLANE('',#6885);
#6194=PLANE('',#6886);
#6195=PLANE('',#6891);
#6196=PLANE('',#6893);
#6197=PLANE('',#6895);
#6198=PLANE('',#6897);
#6199=PLANE('',#6898);
#6200=PLANE('',#6899);
#6201=PLANE('',#6902);
#6202=PLANE('',#6907);
#6203=PLANE('',#6910);
#6204=PLANE('',#6911);
#6205=PLANE('',#6913);
#6206=PLANE('',#6914);
#6207=PLANE('',#6915);
#6208=PLANE('',#6918);
#6209=PLANE('',#6921);
#6210=PLANE('',#6925);
#6211=PLANE('',#6928);
#6212=PLANE('',#6929);
#6213=PLANE('',#6930);
#6214=PLANE('',#6931);
#6215=PLANE('',#6932);
#6216=PLANE('',#6933);
#6217=PLANE('',#6934);
#6218=PLANE('',#6937);
#6219=PLANE('',#6938);
#6220=PLANE('',#6939);
#6221=PLANE('',#6940);
#6222=PLANE('',#6941);
#6223=PLANE('',#6944);
#6224=PLANE('',#6958);
#6225=PLANE('',#6960);
#6226=PLANE('',#7019);
#6227=PLANE('',#7022);
#6228=PLANE('',#7025);
#6229=PLANE('',#7028);
#6230=PLANE('',#7031);
#6231=PLANE('',#7034);
#6232=PLANE('',#7037);
#6233=PLANE('',#7040);
#6234=PLANE('',#7043);
#6235=PLANE('',#7046);
#6236=PLANE('',#7049);
#6237=PLANE('',#7052);
#6238=PLANE('',#7055);
#6239=PLANE('',#7058);
#6240=PLANE('',#7061);
#6241=PLANE('',#7064);
#6242=PLANE('',#7067);
#6243=PLANE('',#7070);
#6244=PLANE('',#7073);
#6245=PLANE('',#7076);
#6246=PLANE('',#7081);
#6247=PLANE('',#7082);
#6248=PLANE('',#7083);
#6249=PLANE('',#7084);
#6250=PLANE('',#7085);
#6251=PLANE('',#7086);
#6252=PLANE('',#7091);
#6253=PLANE('',#7092);
#6254=PLANE('',#7094);
#6255=PLANE('',#7095);
#6256=PLANE('',#7096);
#6257=PLANE('',#7098);
#6258=PLANE('',#7103);
#6259=PLANE('',#7104);
#6260=PLANE('',#7106);
#6261=PLANE('',#7107);
#6262=PLANE('',#7108);
#6263=PLANE('',#7110);
#6264=PLANE('',#7115);
#6265=PLANE('',#7116);
#6266=PLANE('',#7117);
#6267=PLANE('',#7118);
#6268=PLANE('',#7119);
#6269=PLANE('',#7121);
#6270=PLANE('',#7126);
#6271=PLANE('',#7127);
#6272=PLANE('',#7128);
#6273=PLANE('',#7129);
#6274=PLANE('',#7130);
#6275=PLANE('',#7131);
#6276=PLANE('',#7132);
#6277=PLANE('',#7134);
#6278=PLANE('',#7136);
#6279=PLANE('',#7137);
#6280=PLANE('',#7138);
#6281=PLANE('',#7139);
#6282=PLANE('',#7140);
#6283=PLANE('',#7141);
#6284=PLANE('',#7142);
#6285=PLANE('',#7143);
#6286=PLANE('',#7144);
#6287=PLANE('',#7145);
#6288=PLANE('',#7146);
#6289=PLANE('',#7147);
#6290=PLANE('',#7150);
#6291=PLANE('',#7151);
#6292=PLANE('',#7164);
#6293=PLANE('',#7165);
#6294=PLANE('',#7166);
#6295=PLANE('',#7167);
#6296=PLANE('',#7168);
#6297=PLANE('',#7169);
#6298=PLANE('',#7170);
#6299=PLANE('',#7171);
#6300=PLANE('',#7172);
#6301=PLANE('',#7173);
#6302=PLANE('',#7174);
#6303=PLANE('',#7175);
#6304=PLANE('',#7176);
#6305=PLANE('',#7177);
#6306=PLANE('',#7178);
#6307=PLANE('',#7179);
#6308=PLANE('',#7180);
#6309=PLANE('',#7181);
#6310=PLANE('',#7182);
#6311=PLANE('',#7183);
#6312=PLANE('',#7184);
#6313=PLANE('',#7185);
#6314=PLANE('',#7186);
#6315=PLANE('',#7187);
#6316=PLANE('',#7188);
#6317=PLANE('',#7189);
#6318=PLANE('',#7190);
#6319=PLANE('',#7191);
#6320=PLANE('',#7192);
#6321=PLANE('',#7193);
#6322=PLANE('',#7332);
#6323=PLANE('',#7333);
#6324=PLANE('',#7334);
#6325=PLANE('',#7335);
#6326=PLANE('',#7336);
#6327=PLANE('',#7337);
#6328=PLANE('',#7338);
#6329=PLANE('',#7339);
#6330=PLANE('',#7340);
#6331=PLANE('',#7341);
#6332=PLANE('',#7342);
#6333=PLANE('',#7343);
#6334=PLANE('',#7344);
#6335=PLANE('',#7345);
#6336=PLANE('',#7346);
#6337=PLANE('',#7347);
#6338=PLANE('',#7348);
#6339=PLANE('',#7349);
#6340=PLANE('',#7350);
#6341=PLANE('',#7351);
#6342=PLANE('',#7352);
#6343=PLANE('',#7353);
#6344=PLANE('',#7354);
#6345=ADVANCED_FACE('',(#5614,#5615,#5616),#6132,.T.);
#6346=ADVANCED_FACE('',(#5617,#5618,#5619),#6133,.T.);
#6347=ADVANCED_FACE('',(#5620,#5621,#5622),#6134,.T.);
#6348=ADVANCED_FACE('',(#5623,#5624,#5625),#6135,.T.);
#6349=ADVANCED_FACE('',(#5626,#5627,#5628,#5629),#6136,.T.);
#6350=ADVANCED_FACE('',(#5630),#70,.F.);
#6351=ADVANCED_FACE('',(#5631,#5632,#5633),#6137,.T.);
#6352=ADVANCED_FACE('',(#5634,#5635),#6138,.T.);
#6353=ADVANCED_FACE('',(#5636),#6139,.T.);
#6354=ADVANCED_FACE('',(#5637,#5638),#6140,.T.);
#6355=ADVANCED_FACE('',(#5639),#6141,.T.);
#6356=ADVANCED_FACE('',(#5640),#6142,.T.);
#6357=ADVANCED_FACE('',(#5641),#6143,.T.);
#6358=ADVANCED_FACE('',(#5642),#6144,.T.);
#6359=ADVANCED_FACE('',(#5643,#5644),#6145,.F.);
#6360=ADVANCED_FACE('',(#5645,#5646),#6146,.T.);
#6361=ADVANCED_FACE('',(#5647),#6147,.T.);
#6362=ADVANCED_FACE('',(#5648),#6148,.F.);
#6363=ADVANCED_FACE('',(#5649,#5650),#6149,.T.);
#6364=ADVANCED_FACE('',(#5651),#6150,.T.);
#6365=ADVANCED_FACE('',(#5652,#5653),#6151,.T.);
#6366=ADVANCED_FACE('',(#5654),#6152,.F.);
#6367=ADVANCED_FACE('',(#5655,#5656),#6153,.T.);
#6368=ADVANCED_FACE('',(#5657),#6154,.F.);
#6369=ADVANCED_FACE('',(#5658,#5659,#5660,#5661,#5662,#5663,#5664,#5665,
#5666,#5667,#5668,#5669,#5670,#5671,#5672,#5673,#5674,#5675,#5676,#5677),
#6155,.F.);
#6370=ADVANCED_FACE('',(#5678),#6156,.T.);
#6371=ADVANCED_FACE('',(#5679),#6157,.T.);
#6372=ADVANCED_FACE('',(#5680),#6158,.T.);
#6373=ADVANCED_FACE('',(#5681),#6159,.F.);
#6374=ADVANCED_FACE('',(#5682),#6160,.T.);
#6375=ADVANCED_FACE('',(#5683),#6161,.T.);
#6376=ADVANCED_FACE('',(#5684),#6162,.T.);
#6377=ADVANCED_FACE('',(#5685),#6163,.T.);
#6378=ADVANCED_FACE('',(#5686),#6164,.T.);
#6379=ADVANCED_FACE('',(#5687),#6165,.T.);
#6380=ADVANCED_FACE('',(#5688,#5689,#5690),#6166,.T.);
#6381=ADVANCED_FACE('',(#5691),#6167,.F.);
#6382=ADVANCED_FACE('',(#5692),#6168,.F.);
#6383=ADVANCED_FACE('',(#5693),#6169,.T.);
#6384=ADVANCED_FACE('',(#5694,#5695),#6170,.T.);
#6385=ADVANCED_FACE('',(#5696,#5697),#6171,.F.);
#6386=ADVANCED_FACE('',(#5698,#5699),#6172,.T.);
#6387=ADVANCED_FACE('',(#5700,#5701),#6173,.F.);
#6388=ADVANCED_FACE('',(#5702),#6174,.T.);
#6389=ADVANCED_FACE('',(#5703,#5704),#6175,.T.);
#6390=ADVANCED_FACE('',(#5705),#6176,.T.);
#6391=ADVANCED_FACE('',(#5706,#5707),#6177,.F.);
#6392=ADVANCED_FACE('',(#5708),#6178,.T.);
#6393=ADVANCED_FACE('',(#5709,#5710),#6179,.F.);
#6394=ADVANCED_FACE('',(#5711),#6180,.F.);
#6395=ADVANCED_FACE('',(#5712),#6181,.F.);
#6396=ADVANCED_FACE('',(#5713),#6182,.F.);
#6397=ADVANCED_FACE('',(#5714),#6183,.F.);
#6398=ADVANCED_FACE('',(#5715,#5716),#6184,.T.);
#6399=ADVANCED_FACE('',(#5717,#5718),#6185,.F.);
#6400=ADVANCED_FACE('',(#5719,#5720),#6186,.T.);
#6401=ADVANCED_FACE('',(#5721,#5722),#6187,.T.);
#6402=ADVANCED_FACE('',(#5723),#6188,.F.);
#6403=ADVANCED_FACE('',(#5724),#6189,.F.);
#6404=ADVANCED_FACE('',(#5725),#6190,.T.);
#6405=ADVANCED_FACE('',(#5726,#5727),#6191,.F.);
#6406=ADVANCED_FACE('',(#5728),#6192,.F.);
#6407=ADVANCED_FACE('',(#5729),#6193,.F.);
#6408=ADVANCED_FACE('',(#5730),#6194,.T.);
#6409=ADVANCED_FACE('',(#5731,#5732),#6195,.T.);
#6410=ADVANCED_FACE('',(#5733),#6196,.F.);
#6411=ADVANCED_FACE('',(#5734),#6197,.F.);
#6412=ADVANCED_FACE('',(#5735),#6198,.F.);
#6413=ADVANCED_FACE('',(#5736),#6199,.F.);
#6414=ADVANCED_FACE('',(#5737,#5738),#6200,.T.);
#6415=ADVANCED_FACE('',(#5739),#6201,.T.);
#6416=ADVANCED_FACE('',(#5740,#5741),#6202,.T.);
#6417=ADVANCED_FACE('',(#5742),#6203,.F.);
#6418=ADVANCED_FACE('',(#5743),#6204,.F.);
#6419=ADVANCED_FACE('',(#5744),#6205,.F.);
#6420=ADVANCED_FACE('',(#5745),#6206,.F.);
#6421=ADVANCED_FACE('',(#5746,#5747),#6207,.T.);
#6422=ADVANCED_FACE('',(#5748,#5749),#6208,.F.);
#6423=ADVANCED_FACE('',(#5750),#6209,.T.);
#6424=ADVANCED_FACE('',(#5751,#5752),#6210,.T.);
#6425=ADVANCED_FACE('',(#5753),#6211,.F.);
#6426=ADVANCED_FACE('',(#5754),#6212,.F.);
#6427=ADVANCED_FACE('',(#5755),#6213,.F.);
#6428=ADVANCED_FACE('',(#5756),#6214,.T.);
#6429=ADVANCED_FACE('',(#5757),#6215,.T.);
#6430=ADVANCED_FACE('',(#5758),#6216,.T.);
#6431=ADVANCED_FACE('',(#5759,#5760),#6217,.T.);
#6432=ADVANCED_FACE('',(#5761),#6218,.F.);
#6433=ADVANCED_FACE('',(#5762),#6219,.F.);
#6434=ADVANCED_FACE('',(#5763),#6220,.F.);
#6435=ADVANCED_FACE('',(#5764),#6221,.T.);
#6436=ADVANCED_FACE('',(#5765,#5766),#6222,.F.);
#6437=ADVANCED_FACE('',(#5767,#5768,#5769,#5770),#6223,.T.);
#6438=ADVANCED_FACE('',(#5771,#5772),#6224,.T.);
#6439=ADVANCED_FACE('',(#5773,#5774,#5775,#5776,#5777,#5778,#5779,#5780,
#5781),#6225,.T.);
#6440=ADVANCED_FACE('',(#5782,#5783),#71,.F.);
#6441=ADVANCED_FACE('',(#5784,#5785),#72,.F.);
#6442=ADVANCED_FACE('',(#5786,#5787),#73,.F.);
#6443=ADVANCED_FACE('',(#5788,#5789),#74,.F.);
#6444=ADVANCED_FACE('',(#5790,#5791),#75,.F.);
#6445=ADVANCED_FACE('',(#5792,#5793),#76,.F.);
#6446=ADVANCED_FACE('',(#5794,#5795),#77,.F.);
#6447=ADVANCED_FACE('',(#5796,#5797),#78,.F.);
#6448=ADVANCED_FACE('',(#5798,#5799),#79,.F.);
#6449=ADVANCED_FACE('',(#5800,#5801),#80,.F.);
#6450=ADVANCED_FACE('',(#5802,#5803),#81,.F.);
#6451=ADVANCED_FACE('',(#5804,#5805),#82,.F.);
#6452=ADVANCED_FACE('',(#5806,#5807),#83,.F.);
#6453=ADVANCED_FACE('',(#5808,#5809),#84,.F.);
#6454=ADVANCED_FACE('',(#5810,#5811),#85,.F.);
#6455=ADVANCED_FACE('',(#5812,#5813),#86,.F.);
#6456=ADVANCED_FACE('',(#5814,#5815),#87,.F.);
#6457=ADVANCED_FACE('',(#5816,#5817),#88,.F.);
#6458=ADVANCED_FACE('',(#5818,#5819),#89,.F.);
#6459=ADVANCED_FACE('',(#5820,#5821),#90,.F.);
#6460=ADVANCED_FACE('',(#5822,#5823),#91,.F.);
#6461=ADVANCED_FACE('',(#5824,#5825),#6226,.F.);
#6462=ADVANCED_FACE('',(#5826,#5827),#92,.F.);
#6463=ADVANCED_FACE('',(#5828,#5829),#6227,.F.);
#6464=ADVANCED_FACE('',(#5830,#5831),#93,.F.);
#6465=ADVANCED_FACE('',(#5832,#5833),#6228,.F.);
#6466=ADVANCED_FACE('',(#5834,#5835),#94,.F.);
#6467=ADVANCED_FACE('',(#5836,#5837),#6229,.F.);
#6468=ADVANCED_FACE('',(#5838,#5839),#95,.F.);
#6469=ADVANCED_FACE('',(#5840,#5841),#6230,.F.);
#6470=ADVANCED_FACE('',(#5842,#5843),#96,.F.);
#6471=ADVANCED_FACE('',(#5844,#5845),#6231,.F.);
#6472=ADVANCED_FACE('',(#5846,#5847),#97,.F.);
#6473=ADVANCED_FACE('',(#5848,#5849),#6232,.F.);
#6474=ADVANCED_FACE('',(#5850,#5851),#98,.F.);
#6475=ADVANCED_FACE('',(#5852,#5853),#6233,.F.);
#6476=ADVANCED_FACE('',(#5854,#5855),#99,.F.);
#6477=ADVANCED_FACE('',(#5856,#5857),#6234,.F.);
#6478=ADVANCED_FACE('',(#5858,#5859),#100,.F.);
#6479=ADVANCED_FACE('',(#5860,#5861),#6235,.F.);
#6480=ADVANCED_FACE('',(#5862,#5863),#101,.F.);
#6481=ADVANCED_FACE('',(#5864,#5865),#6236,.F.);
#6482=ADVANCED_FACE('',(#5866,#5867),#102,.F.);
#6483=ADVANCED_FACE('',(#5868,#5869),#6237,.F.);
#6484=ADVANCED_FACE('',(#5870,#5871),#103,.F.);
#6485=ADVANCED_FACE('',(#5872,#5873),#6238,.F.);
#6486=ADVANCED_FACE('',(#5874,#5875),#104,.F.);
#6487=ADVANCED_FACE('',(#5876,#5877),#6239,.F.);
#6488=ADVANCED_FACE('',(#5878,#5879),#105,.F.);
#6489=ADVANCED_FACE('',(#5880,#5881),#6240,.F.);
#6490=ADVANCED_FACE('',(#5882,#5883),#106,.F.);
#6491=ADVANCED_FACE('',(#5884,#5885),#6241,.F.);
#6492=ADVANCED_FACE('',(#5886,#5887),#107,.F.);
#6493=ADVANCED_FACE('',(#5888,#5889),#6242,.F.);
#6494=ADVANCED_FACE('',(#5890,#5891),#108,.F.);
#6495=ADVANCED_FACE('',(#5892,#5893),#6243,.F.);
#6496=ADVANCED_FACE('',(#5894,#5895),#109,.F.);
#6497=ADVANCED_FACE('',(#5896,#5897),#6244,.F.);
#6498=ADVANCED_FACE('',(#5898,#5899),#110,.F.);
#6499=ADVANCED_FACE('',(#5900,#5901),#6245,.F.);
#6500=ADVANCED_FACE('',(#5902,#5903),#111,.F.);
#6501=ADVANCED_FACE('',(#5904),#112,.T.);
#6502=ADVANCED_FACE('',(#5905,#5906),#113,.F.);
#6503=ADVANCED_FACE('',(#5907),#114,.T.);
#6504=ADVANCED_FACE('',(#5908),#6246,.F.);
#6505=ADVANCED_FACE('',(#5909),#6247,.T.);
#6506=ADVANCED_FACE('',(#5910),#6248,.F.);
#6507=ADVANCED_FACE('',(#5911),#6249,.T.);
#6508=ADVANCED_FACE('',(#5912),#6250,.F.);
#6509=ADVANCED_FACE('',(#5913),#6251,.T.);
#6510=ADVANCED_FACE('',(#5914,#5915),#115,.F.);
#6511=ADVANCED_FACE('',(#5916),#116,.T.);
#6512=ADVANCED_FACE('',(#5917,#5918),#117,.F.);
#6513=ADVANCED_FACE('',(#5919),#118,.T.);
#6514=ADVANCED_FACE('',(#5920),#6252,.F.);
#6515=ADVANCED_FACE('',(#5921),#6253,.T.);
#6516=ADVANCED_FACE('',(#5922),#6254,.F.);
#6517=ADVANCED_FACE('',(#5923),#6255,.T.);
#6518=ADVANCED_FACE('',(#5924),#6256,.F.);
#6519=ADVANCED_FACE('',(#5925),#6257,.T.);
#6520=ADVANCED_FACE('',(#5926,#5927),#119,.F.);
#6521=ADVANCED_FACE('',(#5928),#120,.T.);
#6522=ADVANCED_FACE('',(#5929),#121,.T.);
#6523=ADVANCED_FACE('',(#5930,#5931),#122,.F.);
#6524=ADVANCED_FACE('',(#5932),#6258,.F.);
#6525=ADVANCED_FACE('',(#5933),#6259,.T.);
#6526=ADVANCED_FACE('',(#5934),#6260,.F.);
#6527=ADVANCED_FACE('',(#5935),#6261,.T.);
#6528=ADVANCED_FACE('',(#5936),#6262,.F.);
#6529=ADVANCED_FACE('',(#5937),#6263,.T.);
#6530=ADVANCED_FACE('',(#5938,#5939),#123,.F.);
#6531=ADVANCED_FACE('',(#5940),#124,.T.);
#6532=ADVANCED_FACE('',(#5941,#5942),#125,.F.);
#6533=ADVANCED_FACE('',(#5943),#126,.T.);
#6534=ADVANCED_FACE('',(#5944),#6264,.F.);
#6535=ADVANCED_FACE('',(#5945),#6265,.F.);
#6536=ADVANCED_FACE('',(#5946),#6266,.F.);
#6537=ADVANCED_FACE('',(#5947),#6267,.T.);
#6538=ADVANCED_FACE('',(#5948),#6268,.T.);
#6539=ADVANCED_FACE('',(#5949),#6269,.T.);
#6540=ADVANCED_FACE('',(#5950,#5951),#127,.F.);
#6541=ADVANCED_FACE('',(#5952),#128,.T.);
#6542=ADVANCED_FACE('',(#5953,#5954),#129,.F.);
#6543=ADVANCED_FACE('',(#5955),#130,.T.);
#6544=ADVANCED_FACE('',(#5956),#6270,.F.);
#6545=ADVANCED_FACE('',(#5957),#6271,.F.);
#6546=ADVANCED_FACE('',(#5958),#6272,.F.);
#6547=ADVANCED_FACE('',(#5959),#6273,.T.);
#6548=ADVANCED_FACE('',(#5960),#6274,.T.);
#6549=ADVANCED_FACE('',(#5961),#6275,.T.);
#6550=ADVANCED_FACE('',(#5962),#6276,.T.);
#6551=ADVANCED_FACE('',(#5963),#6277,.F.);
#6552=ADVANCED_FACE('',(#5964),#6278,.F.);
#6553=ADVANCED_FACE('',(#5965),#6279,.F.);
#6554=ADVANCED_FACE('',(#5966),#6280,.T.);
#6555=ADVANCED_FACE('',(#5967),#6281,.T.);
#6556=ADVANCED_FACE('',(#5968),#6282,.T.);
#6557=ADVANCED_FACE('',(#5969),#6283,.T.);
#6558=ADVANCED_FACE('',(#5970),#6284,.T.);
#6559=ADVANCED_FACE('',(#5971),#6285,.T.);
#6560=ADVANCED_FACE('',(#5972),#6286,.T.);
#6561=ADVANCED_FACE('',(#5973),#6287,.T.);
#6562=ADVANCED_FACE('',(#5974),#6288,.T.);
#6563=ADVANCED_FACE('',(#5975),#6289,.T.);
#6564=ADVANCED_FACE('',(#5976),#6290,.F.);
#6565=ADVANCED_FACE('',(#5977,#5978),#6291,.T.);
#6566=ADVANCED_FACE('',(#5979,#5980),#131,.F.);
#6567=ADVANCED_FACE('',(#5981,#5982),#132,.F.);
#6568=ADVANCED_FACE('',(#5983,#5984),#133,.F.);
#6569=ADVANCED_FACE('',(#5985,#5986),#134,.F.);
#6570=ADVANCED_FACE('',(#5987,#5988),#135,.F.);
#6571=ADVANCED_FACE('',(#5989),#136,.F.);
#6572=ADVANCED_FACE('',(#5990),#137,.F.);
#6573=ADVANCED_FACE('',(#5991),#138,.F.);
#6574=ADVANCED_FACE('',(#5992),#139,.F.);
#6575=ADVANCED_FACE('',(#5993),#140,.F.);
#6576=ADVANCED_FACE('',(#5994),#6292,.F.);
#6577=ADVANCED_FACE('',(#5995),#6293,.F.);
#6578=ADVANCED_FACE('',(#5996),#6294,.F.);
#6579=ADVANCED_FACE('',(#5997),#6295,.F.);
#6580=ADVANCED_FACE('',(#5998),#6296,.F.);
#6581=ADVANCED_FACE('',(#5999),#6297,.F.);
#6582=ADVANCED_FACE('',(#6000),#6298,.F.);
#6583=ADVANCED_FACE('',(#6001),#6299,.F.);
#6584=ADVANCED_FACE('',(#6002),#6300,.F.);
#6585=ADVANCED_FACE('',(#6003),#6301,.F.);
#6586=ADVANCED_FACE('',(#6004),#6302,.F.);
#6587=ADVANCED_FACE('',(#6005),#6303,.F.);
#6588=ADVANCED_FACE('',(#6006),#6304,.F.);
#6589=ADVANCED_FACE('',(#6007),#6305,.F.);
#6590=ADVANCED_FACE('',(#6008),#6306,.F.);
#6591=ADVANCED_FACE('',(#6009),#6307,.F.);
#6592=ADVANCED_FACE('',(#6010),#6308,.F.);
#6593=ADVANCED_FACE('',(#6011),#6309,.F.);
#6594=ADVANCED_FACE('',(#6012),#6310,.F.);
#6595=ADVANCED_FACE('',(#6013),#6311,.F.);
#6596=ADVANCED_FACE('',(#6014),#6312,.F.);
#6597=ADVANCED_FACE('',(#6015),#6313,.F.);
#6598=ADVANCED_FACE('',(#6016),#6314,.F.);
#6599=ADVANCED_FACE('',(#6017),#6315,.F.);
#6600=ADVANCED_FACE('',(#6018),#6316,.F.);
#6601=ADVANCED_FACE('',(#6019),#6317,.F.);
#6602=ADVANCED_FACE('',(#6020),#6318,.F.);
#6603=ADVANCED_FACE('',(#6021),#6319,.F.);
#6604=ADVANCED_FACE('',(#6022),#6320,.F.);
#6605=ADVANCED_FACE('',(#6023),#6321,.F.);
#6606=ADVANCED_FACE('',(#6024),#141,.T.);
#6607=ADVANCED_FACE('',(#6025),#142,.T.);
#6608=ADVANCED_FACE('',(#6026),#143,.F.);
#6609=ADVANCED_FACE('',(#6027),#144,.F.);
#6610=ADVANCED_FACE('',(#6028),#145,.T.);
#6611=ADVANCED_FACE('',(#6029),#146,.F.);
#6612=ADVANCED_FACE('',(#6030),#147,.F.);
#6613=ADVANCED_FACE('',(#6031),#148,.T.);
#6614=ADVANCED_FACE('',(#6032),#149,.F.);
#6615=ADVANCED_FACE('',(#6033),#150,.F.);
#6616=ADVANCED_FACE('',(#6034),#151,.F.);
#6617=ADVANCED_FACE('',(#6035),#152,.T.);
#6618=ADVANCED_FACE('',(#6036),#153,.T.);
#6619=ADVANCED_FACE('',(#6037),#154,.T.);
#6620=ADVANCED_FACE('',(#6038),#155,.F.);
#6621=ADVANCED_FACE('',(#6039),#156,.F.);
#6622=ADVANCED_FACE('',(#6040),#157,.T.);
#6623=ADVANCED_FACE('',(#6041),#158,.F.);
#6624=ADVANCED_FACE('',(#6042),#159,.T.);
#6625=ADVANCED_FACE('',(#6043),#160,.F.);
#6626=ADVANCED_FACE('',(#6044),#161,.F.);
#6627=ADVANCED_FACE('',(#6045),#162,.T.);
#6628=ADVANCED_FACE('',(#6046),#163,.F.);
#6629=ADVANCED_FACE('',(#6047),#164,.F.);
#6630=ADVANCED_FACE('',(#6048),#165,.T.);
#6631=ADVANCED_FACE('',(#6049),#166,.T.);
#6632=ADVANCED_FACE('',(#6050),#167,.T.);
#6633=ADVANCED_FACE('',(#6051),#168,.T.);
#6634=ADVANCED_FACE('',(#6052),#15,.T.);
#6635=ADVANCED_FACE('',(#6053),#169,.T.);
#6636=ADVANCED_FACE('',(#6054,#6055),#16,.T.);
#6637=ADVANCED_FACE('',(#6056),#170,.T.);
#6638=ADVANCED_FACE('',(#6057,#6058),#17,.T.);
#6639=ADVANCED_FACE('',(#6059),#171,.T.);
#6640=ADVANCED_FACE('',(#6060),#172,.T.);
#6641=ADVANCED_FACE('',(#6061),#18,.T.);
#6642=ADVANCED_FACE('',(#6062),#173,.T.);
#6643=ADVANCED_FACE('',(#6063),#174,.T.);
#6644=ADVANCED_FACE('',(#6064),#175,.T.);
#6645=ADVANCED_FACE('',(#6065),#12,.T.);
#6646=ADVANCED_FACE('',(#6066),#176,.T.);
#6647=ADVANCED_FACE('',(#6067),#19,.T.);
#6648=ADVANCED_FACE('',(#6068),#177,.T.);
#6649=ADVANCED_FACE('',(#6069),#20,.T.);
#6650=ADVANCED_FACE('',(#6070),#178,.T.);
#6651=ADVANCED_FACE('',(#6071),#21,.T.);
#6652=ADVANCED_FACE('',(#6072),#179,.T.);
#6653=ADVANCED_FACE('',(#6073),#22,.T.);
#6654=ADVANCED_FACE('',(#6074),#180,.T.);
#6655=ADVANCED_FACE('',(#6075),#23,.T.);
#6656=ADVANCED_FACE('',(#6076),#181,.T.);
#6657=ADVANCED_FACE('',(#6077),#24,.T.);
#6658=ADVANCED_FACE('',(#6078),#182,.T.);
#6659=ADVANCED_FACE('',(#6079),#183,.T.);
#6660=ADVANCED_FACE('',(#6080),#184,.T.);
#6661=ADVANCED_FACE('',(#6081),#185,.T.);
#6662=ADVANCED_FACE('',(#6082),#186,.T.);
#6663=ADVANCED_FACE('',(#6083),#187,.F.);
#6664=ADVANCED_FACE('',(#6084),#25,.F.);
#6665=ADVANCED_FACE('',(#6085),#188,.F.);
#6666=ADVANCED_FACE('',(#6086),#26,.F.);
#6667=ADVANCED_FACE('',(#6087),#189,.F.);
#6668=ADVANCED_FACE('',(#6088),#27,.F.);
#6669=ADVANCED_FACE('',(#6089),#190,.F.);
#6670=ADVANCED_FACE('',(#6090),#28,.F.);
#6671=ADVANCED_FACE('',(#6091),#191,.F.);
#6672=ADVANCED_FACE('',(#6092),#192,.F.);
#6673=ADVANCED_FACE('',(#6093),#193,.F.);
#6674=ADVANCED_FACE('',(#6094),#194,.T.);
#6675=ADVANCED_FACE('',(#6095),#195,.T.);
#6676=ADVANCED_FACE('',(#6096),#13,.T.);
#6677=ADVANCED_FACE('',(#6097),#196,.T.);
#6678=ADVANCED_FACE('',(#6098),#197,.T.);
#6679=ADVANCED_FACE('',(#6099),#14,.T.);
#6680=ADVANCED_FACE('',(#6100),#198,.T.);
#6681=ADVANCED_FACE('',(#6101,#6102),#199,.F.);
#6682=ADVANCED_FACE('',(#6103,#6104),#200,.F.);
#6683=ADVANCED_FACE('',(#6105,#6106),#201,.F.);
#6684=ADVANCED_FACE('',(#6107,#6108),#202,.F.);
#6685=ADVANCED_FACE('',(#6109),#6322,.F.);
#6686=ADVANCED_FACE('',(#6110),#6323,.F.);
#6687=ADVANCED_FACE('',(#6111),#6324,.F.);
#6688=ADVANCED_FACE('',(#6112),#6325,.T.);
#6689=ADVANCED_FACE('',(#6113),#6326,.T.);
#6690=ADVANCED_FACE('',(#6114),#6327,.T.);
#6691=ADVANCED_FACE('',(#6115),#6328,.T.);
#6692=ADVANCED_FACE('',(#6116),#6329,.T.);
#6693=ADVANCED_FACE('',(#6117),#6330,.F.);
#6694=ADVANCED_FACE('',(#6118),#6331,.F.);
#6695=ADVANCED_FACE('',(#6119),#6332,.F.);
#6696=ADVANCED_FACE('',(#6120),#6333,.T.);
#6697=ADVANCED_FACE('',(#6121),#6334,.T.);
#6698=ADVANCED_FACE('',(#6122),#6335,.T.);
#6699=ADVANCED_FACE('',(#6123),#6336,.T.);
#6700=ADVANCED_FACE('',(#6124),#6337,.T.);
#6701=ADVANCED_FACE('',(#6125),#6338,.T.);
#6702=ADVANCED_FACE('',(#6126),#6339,.T.);
#6703=ADVANCED_FACE('',(#6127),#6340,.T.);
#6704=ADVANCED_FACE('',(#6128),#6341,.T.);
#6705=ADVANCED_FACE('',(#6129),#6342,.T.);
#6706=ADVANCED_FACE('',(#6130),#6343,.T.);
#6707=ADVANCED_FACE('',(#6131),#6344,.T.);
#6708=CLOSED_SHELL('',(#6345,#6346,#6347,#6348,#6349,#6350,#6351,#6352,
#6353,#6354,#6355,#6356,#6357,#6358,#6359,#6360,#6361,#6362,#6363,#6364,
#6365,#6366,#6367,#6368,#6369,#6370,#6371,#6372,#6373,#6374,#6375,#6376,
#6377,#6378,#6379,#6380,#6381,#6382,#6383,#6384,#6385,#6386,#6387,#6388,
#6389,#6390,#6391,#6392,#6393,#6394,#6395,#6396,#6397,#6398,#6399,#6400,
#6401,#6402,#6403,#6404,#6405,#6406,#6407,#6408,#6409,#6410,#6411,#6412,
#6413,#6414,#6415,#6416,#6417,#6418,#6419,#6420,#6421,#6422,#6423,#6424,
#6425,#6426,#6427,#6428,#6429,#6430,#6431,#6432,#6433,#6434,#6435,#6436,
#6437,#6438,#6439,#6440,#6441,#6442,#6443,#6444,#6445,#6446,#6447,#6448,
#6449,#6450,#6451,#6452,#6453,#6454,#6455,#6456,#6457,#6458,#6459,#6460,
#6461,#6462,#6463,#6464,#6465,#6466,#6467,#6468,#6469,#6470,#6471,#6472,
#6473,#6474,#6475,#6476,#6477,#6478,#6479,#6480,#6481,#6482,#6483,#6484,
#6485,#6486,#6487,#6488,#6489,#6490,#6491,#6492,#6493,#6494,#6495,#6496,
#6497,#6498,#6499,#6500,#6501,#6502,#6503,#6504,#6505,#6506,#6507,#6508,
#6509,#6510,#6511,#6512,#6513,#6514,#6515,#6516,#6517,#6518,#6519,#6520,
#6521,#6522,#6523,#6524,#6525,#6526,#6527,#6528,#6529,#6530,#6531,#6532,
#6533,#6534,#6535,#6536,#6537,#6538,#6539,#6540,#6541,#6542,#6543,#6544,
#6545,#6546,#6547,#6548,#6549,#6550,#6551,#6552,#6553,#6554,#6555,#6556,
#6557,#6558,#6559,#6560,#6561,#6562,#6563,#6564,#6565,#6566,#6567,#6568,
#6569,#6570,#6571,#6572,#6573,#6574,#6575,#6576,#6577,#6578,#6579,#6580,
#6581,#6582,#6583,#6584,#6585,#6586,#6587,#6588,#6589,#6590,#6591,#6592,
#6593,#6594,#6595,#6596,#6597,#6598,#6599,#6600,#6601,#6602,#6603,#6604,
#6605,#6606,#6607,#6608,#6609,#6610,#6611,#6612,#6613,#6614,#6615,#6616,
#6617,#6618,#6619,#6620,#6621,#6622,#6623,#6624,#6625,#6626,#6627,#6628,
#6629,#6630,#6631,#6632,#6633,#6634,#6635,#6636,#6637,#6638,#6639,#6640,
#6641,#6642,#6643,#6644,#6645,#6646,#6647,#6648,#6649,#6650,#6651,#6652,
#6653,#6654,#6655,#6656,#6657,#6658,#6659,#6660,#6661,#6662,#6663,#6664,
#6665,#6666,#6667,#6668,#6669,#6670,#6671,#6672,#6673,#6674,#6675,#6676,
#6677,#6678,#6679,#6680,#6681,#6682,#6683,#6684,#6685,#6686,#6687,#6688,
#6689,#6690,#6691,#6692,#6693,#6694,#6695,#6696,#6697,#6698,#6699,#6700,
#6701,#6702,#6703,#6704,#6705,#6706,#6707));
#6709=STYLED_ITEM('',(#6710),#6717);
#6710=PRESENTATION_STYLE_ASSIGNMENT((#6711));
#6711=SURFACE_STYLE_USAGE(.BOTH.,#6712);
#6712=SURFACE_SIDE_STYLE('',(#6713));
#6713=SURFACE_STYLE_FILL_AREA(#6714);
#6714=FILL_AREA_STYLE('',(#6715));
#6715=FILL_AREA_STYLE_COLOUR('',#6716);
#6716=COLOUR_RGB('',0.615686274509804,0.811764705882353,0.929411764705882);
#6717=MANIFOLD_SOLID_BREP('Palm',#6708);
#6718=SHAPE_DEFINITION_REPRESENTATION(#11347,#6719);
#6719=SHAPE_REPRESENTATION('Palm',(#6720),#11342);
#6720=AXIS2_PLACEMENT_3D('',#9247,#7355,#7356);
#6721=AXIS2_PLACEMENT_3D('',#9248,#7357,#7358);
#6722=AXIS2_PLACEMENT_3D('',#9249,#7359,#7360);
#6723=AXIS2_PLACEMENT_3D('',#9251,#7361,#7362);
#6724=AXIS2_PLACEMENT_3D('',#9261,#7367,#7368);
#6725=AXIS2_PLACEMENT_3D('',#9262,#7369,#7370);
#6726=AXIS2_PLACEMENT_3D('',#9264,#7371,#7372);
#6727=AXIS2_PLACEMENT_3D('',#9274,#7377,#7378);
#6728=AXIS2_PLACEMENT_3D('',#9275,#7379,#7380);
#6729=AXIS2_PLACEMENT_3D('',#9277,#7381,#7382);
#6730=AXIS2_PLACEMENT_3D('',#9287,#7387,#7388);
#6731=AXIS2_PLACEMENT_3D('',#9288,#7389,#7390);
#6732=AXIS2_PLACEMENT_3D('',#9290,#7391,#7392);
#6733=AXIS2_PLACEMENT_3D('',#9300,#7397,#7398);
#6734=AXIS2_PLACEMENT_3D('',#9312,#7404,#7405);
#6735=AXIS2_PLACEMENT_3D('',#9316,#7407,#7408);
#6736=AXIS2_PLACEMENT_3D('',#9320,#7410,#7411);
#6737=AXIS2_PLACEMENT_3D('',#9324,#7413,#7414);
#6738=AXIS2_PLACEMENT_3D('',#9329,#7417,#7418);
#6739=AXIS2_PLACEMENT_3D('',#9331,#7419,#7420);
#6740=AXIS2_PLACEMENT_3D('',#9349,#7429,#7430);
#6741=AXIS2_PLACEMENT_3D('',#9356,#7431,#7432);
#6742=AXIS2_PLACEMENT_3D('',#9359,#7434,#7435);
#6743=AXIS2_PLACEMENT_3D('',#9360,#7436,#7437);
#6744=AXIS2_PLACEMENT_3D('',#9362,#7438,#7439);
#6745=AXIS2_PLACEMENT_3D('',#9364,#7440,#7441);
#6746=AXIS2_PLACEMENT_3D('',#9368,#7443,#7444);
#6747=AXIS2_PLACEMENT_3D('',#9372,#7446,#7447);
#6748=AXIS2_PLACEMENT_3D('',#9376,#7449,#7450);
#6749=AXIS2_PLACEMENT_3D('',#9380,#7452,#7453);
#6750=AXIS2_PLACEMENT_3D('',#9382,#7454,#7455);
#6751=AXIS2_PLACEMENT_3D('',#9386,#7457,#7458);
#6752=AXIS2_PLACEMENT_3D('',#9390,#7460,#7461);
#6753=AXIS2_PLACEMENT_3D('',#9393,#7463,#7464);
#6754=AXIS2_PLACEMENT_3D('',#9394,#7465,#7466);
#6755=AXIS2_PLACEMENT_3D('',#9401,#7469,#7470);
#6756=AXIS2_PLACEMENT_3D('',#9404,#7472,#7473);
#6757=AXIS2_PLACEMENT_3D('',#9406,#7474,#7475);
#6758=AXIS2_PLACEMENT_3D('',#9407,#7476,#7477);
#6759=AXIS2_PLACEMENT_3D('',#9412,#7479,#7480);
#6760=AXIS2_PLACEMENT_3D('',#9415,#7482,#7483);
#6761=AXIS2_PLACEMENT_3D('',#9416,#7484,#7485);
#6762=AXIS2_PLACEMENT_3D('',#9421,#7487,#7488);
#6763=AXIS2_PLACEMENT_3D('',#9426,#7491,#7492);
#6764=AXIS2_PLACEMENT_3D('',#9428,#7493,#7494);
#6765=AXIS2_PLACEMENT_3D('',#9440,#7501,#7502);
#6766=AXIS2_PLACEMENT_3D('',#9449,#7507,#7508);
#6767=AXIS2_PLACEMENT_3D('',#9458,#7513,#7514);
#6768=AXIS2_PLACEMENT_3D('',#9468,#7520,#7521);
#6769=AXIS2_PLACEMENT_3D('',#9469,#7522,#7523);
#6770=AXIS2_PLACEMENT_3D('',#9478,#7527,#7528);
#6771=AXIS2_PLACEMENT_3D('',#9481,#7530,#7531);
#6772=AXIS2_PLACEMENT_3D('',#9489,#7535,#7536);
#6773=AXIS2_PLACEMENT_3D('',#9492,#7538,#7539);
#6774=AXIS2_PLACEMENT_3D('',#9494,#7540,#7541);
#6775=AXIS2_PLACEMENT_3D('',#9503,#7546,#7547);
#6776=AXIS2_PLACEMENT_3D('',#9512,#7552,#7553);
#6777=AXIS2_PLACEMENT_3D('',#9519,#7557,#7558);
#6778=AXIS2_PLACEMENT_3D('',#9522,#7560,#7561);
#6779=AXIS2_PLACEMENT_3D('',#9524,#7562,#7563);
#6780=AXIS2_PLACEMENT_3D('',#9533,#7568,#7569);
#6781=AXIS2_PLACEMENT_3D('',#9540,#7573,#7574);
#6782=AXIS2_PLACEMENT_3D('',#9543,#7576,#7577);
#6783=AXIS2_PLACEMENT_3D('',#9545,#7578,#7579);
#6784=AXIS2_PLACEMENT_3D('',#9554,#7584,#7585);
#6785=AXIS2_PLACEMENT_3D('',#9562,#7589,#7590);
#6786=AXIS2_PLACEMENT_3D('',#9565,#7592,#7593);
#6787=AXIS2_PLACEMENT_3D('',#9567,#7594,#7595);
#6788=AXIS2_PLACEMENT_3D('',#9576,#7600,#7601);
#6789=AXIS2_PLACEMENT_3D('',#9585,#7606,#7607);
#6790=AXIS2_PLACEMENT_3D('',#9587,#7608,#7609);
#6791=AXIS2_PLACEMENT_3D('',#9589,#7610,#7611);
#6792=AXIS2_PLACEMENT_3D('',#9591,#7612,#7613);
#6793=AXIS2_PLACEMENT_3D('',#9593,#7614,#7615);
#6794=AXIS2_PLACEMENT_3D('',#9595,#7616,#7617);
#6795=AXIS2_PLACEMENT_3D('',#9597,#7618,#7619);
#6796=AXIS2_PLACEMENT_3D('',#9599,#7620,#7621);
#6797=AXIS2_PLACEMENT_3D('',#9601,#7622,#7623);
#6798=AXIS2_PLACEMENT_3D('',#9603,#7624,#7625);
#6799=AXIS2_PLACEMENT_3D('',#9605,#7626,#7627);
#6800=AXIS2_PLACEMENT_3D('',#9607,#7628,#7629);
#6801=AXIS2_PLACEMENT_3D('',#9609,#7630,#7631);
#6802=AXIS2_PLACEMENT_3D('',#9611,#7632,#7633);
#6803=AXIS2_PLACEMENT_3D('',#9613,#7634,#7635);
#6804=AXIS2_PLACEMENT_3D('',#9615,#7636,#7637);
#6805=AXIS2_PLACEMENT_3D('',#9617,#7638,#7639);
#6806=AXIS2_PLACEMENT_3D('',#9619,#7640,#7641);
#6807=AXIS2_PLACEMENT_3D('',#9634,#7648,#7649);
#6808=AXIS2_PLACEMENT_3D('',#9638,#7651,#7652);
#6809=AXIS2_PLACEMENT_3D('',#9642,#7654,#7655);
#6810=AXIS2_PLACEMENT_3D('',#9646,#7657,#7658);
#6811=AXIS2_PLACEMENT_3D('',#9650,#7660,#7661);
#6812=AXIS2_PLACEMENT_3D('',#9654,#7663,#7664);
#6813=AXIS2_PLACEMENT_3D('',#9656,#7665,#7666);
#6814=AXIS2_PLACEMENT_3D('',#9658,#7667,#7668);
#6815=AXIS2_PLACEMENT_3D('',#9662,#7670,#7671);
#6816=AXIS2_PLACEMENT_3D('',#9676,#7678,#7679);
#6817=AXIS2_PLACEMENT_3D('',#9680,#7681,#7682);
#6818=AXIS2_PLACEMENT_3D('',#9684,#7684,#7685);
#6819=AXIS2_PLACEMENT_3D('',#9688,#7687,#7688);
#6820=AXIS2_PLACEMENT_3D('',#9689,#7689,#7690);
#6821=AXIS2_PLACEMENT_3D('',#9698,#7695,#7696);
#6822=AXIS2_PLACEMENT_3D('',#9704,#7700,#7701);
#6823=AXIS2_PLACEMENT_3D('',#9710,#7705,#7706);
#6824=AXIS2_PLACEMENT_3D('',#9719,#7711,#7712);
#6825=AXIS2_PLACEMENT_3D('',#9738,#7723,#7724);
#6826=AXIS2_PLACEMENT_3D('',#9748,#7730,#7731);
#6827=AXIS2_PLACEMENT_3D('',#9757,#7736,#7737);
#6828=AXIS2_PLACEMENT_3D('',#9763,#7741,#7742);
#6829=AXIS2_PLACEMENT_3D('',#9795,#7757,#7758);
#6830=AXIS2_PLACEMENT_3D('',#9805,#7762,#7763);
#6831=AXIS2_PLACEMENT_3D('',#9814,#7768,#7769);
#6832=AXIS2_PLACEMENT_3D('',#9816,#7770,#7771);
#6833=AXIS2_PLACEMENT_3D('',#9818,#7772,#7773);
#6834=AXIS2_PLACEMENT_3D('',#9861,#7796,#7797);
#6835=AXIS2_PLACEMENT_3D('',#9870,#7802,#7803);
#6836=AXIS2_PLACEMENT_3D('',#9879,#7808,#7809);
#6837=AXIS2_PLACEMENT_3D('',#9886,#7813,#7814);
#6838=AXIS2_PLACEMENT_3D('',#9889,#7816,#7817);
#6839=AXIS2_PLACEMENT_3D('',#9891,#7818,#7819);
#6840=AXIS2_PLACEMENT_3D('',#9892,#7820,#7821);
#6841=AXIS2_PLACEMENT_3D('',#9900,#7825,#7826);
#6842=AXIS2_PLACEMENT_3D('',#9903,#7828,#7829);
#6843=AXIS2_PLACEMENT_3D('',#9904,#7830,#7831);
#6844=AXIS2_PLACEMENT_3D('',#9912,#7835,#7836);
#6845=AXIS2_PLACEMENT_3D('',#9915,#7838,#7839);
#6846=AXIS2_PLACEMENT_3D('',#9916,#7840,#7841);
#6847=AXIS2_PLACEMENT_3D('',#9927,#7846,#7847);
#6848=AXIS2_PLACEMENT_3D('',#9930,#7849,#7850);
#6849=AXIS2_PLACEMENT_3D('',#9939,#7855,#7856);
#6850=AXIS2_PLACEMENT_3D('',#9945,#7859,#7860);
#6851=AXIS2_PLACEMENT_3D('',#9949,#7863,#7864);
#6852=AXIS2_PLACEMENT_3D('',#9951,#7865,#7866);
#6853=AXIS2_PLACEMENT_3D('',#9960,#7871,#7872);
#6854=AXIS2_PLACEMENT_3D('',#9961,#7873,#7874);
#6855=AXIS2_PLACEMENT_3D('',#9969,#7878,#7879);
#6856=AXIS2_PLACEMENT_3D('',#9972,#7881,#7882);
#6857=AXIS2_PLACEMENT_3D('',#9981,#7887,#7888);
#6858=AXIS2_PLACEMENT_3D('',#9982,#7889,#7890);
#6859=AXIS2_PLACEMENT_3D('',#9990,#7894,#7895);
#6860=AXIS2_PLACEMENT_3D('',#9993,#7897,#7898);
#6861=AXIS2_PLACEMENT_3D('',#10001,#7903,#7904);
#6862=AXIS2_PLACEMENT_3D('',#10009,#7909,#7910);
#6863=AXIS2_PLACEMENT_3D('',#10022,#7919,#7920);
#6864=AXIS2_PLACEMENT_3D('',#10033,#7927,#7928);
#6865=AXIS2_PLACEMENT_3D('',#10039,#7932,#7933);
#6866=AXIS2_PLACEMENT_3D('',#10040,#7934,#7935);
#6867=AXIS2_PLACEMENT_3D('',#10042,#7936,#7937);
#6868=AXIS2_PLACEMENT_3D('',#10043,#7938,#7939);
#6869=AXIS2_PLACEMENT_3D('',#10048,#7942,#7943);
#6870=AXIS2_PLACEMENT_3D('',#10051,#7945,#7946);
#6871=AXIS2_PLACEMENT_3D('',#10052,#7947,#7948);
#6872=AXIS2_PLACEMENT_3D('',#10054,#7949,#7950);
#6873=AXIS2_PLACEMENT_3D('',#10061,#7955,#7956);
#6874=AXIS2_PLACEMENT_3D('',#10068,#7961,#7962);
#6875=AXIS2_PLACEMENT_3D('',#10079,#7969,#7970);
#6876=AXIS2_PLACEMENT_3D('',#10081,#7971,#7972);
#6877=AXIS2_PLACEMENT_3D('',#10083,#7974,#7975);
#6878=AXIS2_PLACEMENT_3D('',#10088,#7978,#7979);
#6879=AXIS2_PLACEMENT_3D('',#10092,#7981,#7982);
#6880=AXIS2_PLACEMENT_3D('',#10098,#7986,#7987);
#6881=AXIS2_PLACEMENT_3D('',#10104,#7991,#7992);
#6882=AXIS2_PLACEMENT_3D('',#10105,#7993,#7994);
#6883=AXIS2_PLACEMENT_3D('',#10110,#7997,#7998);
#6884=AXIS2_PLACEMENT_3D('',#10113,#8000,#8001);
#6885=AXIS2_PLACEMENT_3D('',#10122,#8006,#8007);
#6886=AXIS2_PLACEMENT_3D('',#10132,#8013,#8014);
#6887=AXIS2_PLACEMENT_3D('',#10133,#8015,#8016);
#6888=AXIS2_PLACEMENT_3D('',#10134,#8017,#8018);
#6889=AXIS2_PLACEMENT_3D('',#10141,#8023,#8024);
#6890=AXIS2_PLACEMENT_3D('',#10142,#8025,#8026);
#6891=AXIS2_PLACEMENT_3D('',#10149,#8031,#8032);
#6892=AXIS2_PLACEMENT_3D('',#10160,#8039,#8040);
#6893=AXIS2_PLACEMENT_3D('',#10162,#8041,#8042);
#6894=AXIS2_PLACEMENT_3D('',#10163,#8043,#8044);
#6895=AXIS2_PLACEMENT_3D('',#10172,#8049,#8050);
#6896=AXIS2_PLACEMENT_3D('',#10178,#8054,#8055);
#6897=AXIS2_PLACEMENT_3D('',#10179,#8056,#8057);
#6898=AXIS2_PLACEMENT_3D('',#10188,#8062,#8063);
#6899=AXIS2_PLACEMENT_3D('',#10198,#8069,#8070);
#6900=AXIS2_PLACEMENT_3D('',#10204,#8074,#8075);
#6901=AXIS2_PLACEMENT_3D('',#10205,#8076,#8077);
#6902=AXIS2_PLACEMENT_3D('',#10207,#8078,#8079);
#6903=AXIS2_PLACEMENT_3D('',#10208,#8080,#8081);
#6904=AXIS2_PLACEMENT_3D('',#10215,#8086,#8087);
#6905=AXIS2_PLACEMENT_3D('',#10216,#8088,#8089);
#6906=AXIS2_PLACEMENT_3D('',#10223,#8094,#8095);
#6907=AXIS2_PLACEMENT_3D('',#10224,#8096,#8097);
#6908=AXIS2_PLACEMENT_3D('',#10230,#8101,#8102);
#6909=AXIS2_PLACEMENT_3D('',#10236,#8106,#8107);
#6910=AXIS2_PLACEMENT_3D('',#10238,#8108,#8109);
#6911=AXIS2_PLACEMENT_3D('',#10246,#8114,#8115);
#6912=AXIS2_PLACEMENT_3D('',#10255,#8120,#8121);
#6913=AXIS2_PLACEMENT_3D('',#10256,#8122,#8123);
#6914=AXIS2_PLACEMENT_3D('',#10265,#8128,#8129);
#6915=AXIS2_PLACEMENT_3D('',#10276,#8136,#8137);
#6916=AXIS2_PLACEMENT_3D('',#10282,#8141,#8142);
#6917=AXIS2_PLACEMENT_3D('',#10283,#8143,#8144);
#6918=AXIS2_PLACEMENT_3D('',#10285,#8145,#8146);
#6919=AXIS2_PLACEMENT_3D('',#10286,#8147,#8148);
#6920=AXIS2_PLACEMENT_3D('',#10292,#8151,#8152);
#6921=AXIS2_PLACEMENT_3D('',#10297,#8155,#8156);
#6922=AXIS2_PLACEMENT_3D('',#10298,#8157,#8158);
#6923=AXIS2_PLACEMENT_3D('',#10305,#8163,#8164);
#6924=AXIS2_PLACEMENT_3D('',#10312,#8169,#8170);
#6925=AXIS2_PLACEMENT_3D('',#10313,#8171,#8172);
#6926=AXIS2_PLACEMENT_3D('',#10319,#8176,#8177);
#6927=AXIS2_PLACEMENT_3D('',#10325,#8181,#8182);
#6928=AXIS2_PLACEMENT_3D('',#10327,#8183,#8184);
#6929=AXIS2_PLACEMENT_3D('',#10335,#8189,#8190);
#6930=AXIS2_PLACEMENT_3D('',#10343,#8195,#8196);
#6931=AXIS2_PLACEMENT_3D('',#10357,#8204,#8205);
#6932=AXIS2_PLACEMENT_3D('',#10363,#8209,#8210);
#6933=AXIS2_PLACEMENT_3D('',#10369,#8214,#8215);
#6934=AXIS2_PLACEMENT_3D('',#10375,#8219,#8220);
#6935=AXIS2_PLACEMENT_3D('',#10381,#8224,#8225);
#6936=AXIS2_PLACEMENT_3D('',#10382,#8226,#8227);
#6937=AXIS2_PLACEMENT_3D('',#10384,#8228,#8229);
#6938=AXIS2_PLACEMENT_3D('',#10393,#8234,#8235);
#6939=AXIS2_PLACEMENT_3D('',#10402,#8240,#8241);
#6940=AXIS2_PLACEMENT_3D('',#10411,#8246,#8247);
#6941=AXIS2_PLACEMENT_3D('',#10424,#8254,#8255);
#6942=AXIS2_PLACEMENT_3D('',#10425,#8256,#8257);
#6943=AXIS2_PLACEMENT_3D('',#10430,#8260,#8261);
#6944=AXIS2_PLACEMENT_3D('',#10433,#8263,#8264);
#6945=AXIS2_PLACEMENT_3D('',#10434,#8265,#8266);
#6946=AXIS2_PLACEMENT_3D('',#10436,#8267,#8268);
#6947=AXIS2_PLACEMENT_3D('',#10438,#8269,#8270);
#6948=AXIS2_PLACEMENT_3D('',#10440,#8271,#8272);
#6949=AXIS2_PLACEMENT_3D('',#10447,#8277,#8278);
#6950=AXIS2_PLACEMENT_3D('',#10448,#8279,#8280);
#6951=AXIS2_PLACEMENT_3D('',#10449,#8281,#8282);
#6952=AXIS2_PLACEMENT_3D('',#10450,#8283,#8284);
#6953=AXIS2_PLACEMENT_3D('',#10451,#8285,#8286);
#6954=AXIS2_PLACEMENT_3D('',#10458,#8291,#8292);
#6955=AXIS2_PLACEMENT_3D('',#10459,#8293,#8294);
#6956=AXIS2_PLACEMENT_3D('',#10460,#8295,#8296);
#6957=AXIS2_PLACEMENT_3D('',#10461,#8297,#8298);
#6958=AXIS2_PLACEMENT_3D('',#10462,#8299,#8300);
#6959=AXIS2_PLACEMENT_3D('',#10473,#8307,#8308);
#6960=AXIS2_PLACEMENT_3D('',#10475,#8309,#8310);
#6961=AXIS2_PLACEMENT_3D('',#10476,#8311,#8312);
#6962=AXIS2_PLACEMENT_3D('',#10478,#8314,#8315);
#6963=AXIS2_PLACEMENT_3D('',#10479,#8316,#8317);
#6964=AXIS2_PLACEMENT_3D('',#10480,#8318,#8319);
#6965=AXIS2_PLACEMENT_3D('',#10481,#8320,#8321);
#6966=AXIS2_PLACEMENT_3D('',#10482,#8322,#8323);
#6967=AXIS2_PLACEMENT_3D('',#10483,#8324,#8325);
#6968=AXIS2_PLACEMENT_3D('',#10484,#8326,#8327);
#6969=AXIS2_PLACEMENT_3D('',#10485,#8328,#8329);
#6970=AXIS2_PLACEMENT_3D('',#10487,#8330,#8331);
#6971=AXIS2_PLACEMENT_3D('',#10489,#8332,#8333);
#6972=AXIS2_PLACEMENT_3D('',#10491,#8334,#8335);
#6973=AXIS2_PLACEMENT_3D('',#10493,#8336,#8337);
#6974=AXIS2_PLACEMENT_3D('',#10495,#8338,#8339);
#6975=AXIS2_PLACEMENT_3D('',#10497,#8340,#8341);
#6976=AXIS2_PLACEMENT_3D('',#10499,#8342,#8343);
#6977=AXIS2_PLACEMENT_3D('',#10501,#8344,#8345);
#6978=AXIS2_PLACEMENT_3D('',#10502,#8346,#8347);
#6979=AXIS2_PLACEMENT_3D('',#10504,#8348,#8349);
#6980=AXIS2_PLACEMENT_3D('',#10505,#8350,#8351);
#6981=AXIS2_PLACEMENT_3D('',#10507,#8352,#8353);
#6982=AXIS2_PLACEMENT_3D('',#10508,#8354,#8355);
#6983=AXIS2_PLACEMENT_3D('',#10510,#8356,#8357);
#6984=AXIS2_PLACEMENT_3D('',#10511,#8358,#8359);
#6985=AXIS2_PLACEMENT_3D('',#10513,#8360,#8361);
#6986=AXIS2_PLACEMENT_3D('',#10514,#8362,#8363);
#6987=AXIS2_PLACEMENT_3D('',#10516,#8364,#8365);
#6988=AXIS2_PLACEMENT_3D('',#10517,#8366,#8367);
#6989=AXIS2_PLACEMENT_3D('',#10519,#8368,#8369);
#6990=AXIS2_PLACEMENT_3D('',#10520,#8370,#8371);
#6991=AXIS2_PLACEMENT_3D('',#10522,#8372,#8373);
#6992=AXIS2_PLACEMENT_3D('',#10523,#8374,#8375);
#6993=AXIS2_PLACEMENT_3D('',#10525,#8376,#8377);
#6994=AXIS2_PLACEMENT_3D('',#10526,#8378,#8379);
#6995=AXIS2_PLACEMENT_3D('',#10528,#8380,#8381);
#6996=AXIS2_PLACEMENT_3D('',#10529,#8382,#8383);
#6997=AXIS2_PLACEMENT_3D('',#10531,#8384,#8385);
#6998=AXIS2_PLACEMENT_3D('',#10532,#8386,#8387);
#6999=AXIS2_PLACEMENT_3D('',#10534,#8388,#8389);
#7000=AXIS2_PLACEMENT_3D('',#10535,#8390,#8391);
#7001=AXIS2_PLACEMENT_3D('',#10537,#8392,#8393);
#7002=AXIS2_PLACEMENT_3D('',#10538,#8394,#8395);
#7003=AXIS2_PLACEMENT_3D('',#10540,#8396,#8397);
#7004=AXIS2_PLACEMENT_3D('',#10541,#8398,#8399);
#7005=AXIS2_PLACEMENT_3D('',#10543,#8400,#8401);
#7006=AXIS2_PLACEMENT_3D('',#10544,#8402,#8403);
#7007=AXIS2_PLACEMENT_3D('',#10546,#8404,#8405);
#7008=AXIS2_PLACEMENT_3D('',#10547,#8406,#8407);
#7009=AXIS2_PLACEMENT_3D('',#10549,#8408,#8409);
#7010=AXIS2_PLACEMENT_3D('',#10550,#8410,#8411);
#7011=AXIS2_PLACEMENT_3D('',#10552,#8412,#8413);
#7012=AXIS2_PLACEMENT_3D('',#10553,#8414,#8415);
#7013=AXIS2_PLACEMENT_3D('',#10555,#8416,#8417);
#7014=AXIS2_PLACEMENT_3D('',#10556,#8418,#8419);
#7015=AXIS2_PLACEMENT_3D('',#10558,#8420,#8421);
#7016=AXIS2_PLACEMENT_3D('',#10559,#8422,#8423);
#7017=AXIS2_PLACEMENT_3D('',#10561,#8424,#8425);
#7018=AXIS2_PLACEMENT_3D('',#10562,#8426,#8427);
#7019=AXIS2_PLACEMENT_3D('',#10564,#8428,#8429);
#7020=AXIS2_PLACEMENT_3D('',#10565,#8430,#8431);
#7021=AXIS2_PLACEMENT_3D('',#10566,#8432,#8433);
#7022=AXIS2_PLACEMENT_3D('',#10568,#8434,#8435);
#7023=AXIS2_PLACEMENT_3D('',#10569,#8436,#8437);
#7024=AXIS2_PLACEMENT_3D('',#10570,#8438,#8439);
#7025=AXIS2_PLACEMENT_3D('',#10572,#8440,#8441);
#7026=AXIS2_PLACEMENT_3D('',#10573,#8442,#8443);
#7027=AXIS2_PLACEMENT_3D('',#10574,#8444,#8445);
#7028=AXIS2_PLACEMENT_3D('',#10576,#8446,#8447);
#7029=AXIS2_PLACEMENT_3D('',#10577,#8448,#8449);
#7030=AXIS2_PLACEMENT_3D('',#10578,#8450,#8451);
#7031=AXIS2_PLACEMENT_3D('',#10580,#8452,#8453);
#7032=AXIS2_PLACEMENT_3D('',#10581,#8454,#8455);
#7033=AXIS2_PLACEMENT_3D('',#10582,#8456,#8457);
#7034=AXIS2_PLACEMENT_3D('',#10584,#8458,#8459);
#7035=AXIS2_PLACEMENT_3D('',#10585,#8460,#8461);
#7036=AXIS2_PLACEMENT_3D('',#10586,#8462,#8463);
#7037=AXIS2_PLACEMENT_3D('',#10588,#8464,#8465);
#7038=AXIS2_PLACEMENT_3D('',#10589,#8466,#8467);
#7039=AXIS2_PLACEMENT_3D('',#10590,#8468,#8469);
#7040=AXIS2_PLACEMENT_3D('',#10592,#8470,#8471);
#7041=AXIS2_PLACEMENT_3D('',#10593,#8472,#8473);
#7042=AXIS2_PLACEMENT_3D('',#10594,#8474,#8475);
#7043=AXIS2_PLACEMENT_3D('',#10596,#8476,#8477);
#7044=AXIS2_PLACEMENT_3D('',#10597,#8478,#8479);
#7045=AXIS2_PLACEMENT_3D('',#10598,#8480,#8481);
#7046=AXIS2_PLACEMENT_3D('',#10600,#8482,#8483);
#7047=AXIS2_PLACEMENT_3D('',#10601,#8484,#8485);
#7048=AXIS2_PLACEMENT_3D('',#10602,#8486,#8487);
#7049=AXIS2_PLACEMENT_3D('',#10604,#8488,#8489);
#7050=AXIS2_PLACEMENT_3D('',#10605,#8490,#8491);
#7051=AXIS2_PLACEMENT_3D('',#10606,#8492,#8493);
#7052=AXIS2_PLACEMENT_3D('',#10608,#8494,#8495);
#7053=AXIS2_PLACEMENT_3D('',#10609,#8496,#8497);
#7054=AXIS2_PLACEMENT_3D('',#10610,#8498,#8499);
#7055=AXIS2_PLACEMENT_3D('',#10612,#8500,#8501);
#7056=AXIS2_PLACEMENT_3D('',#10613,#8502,#8503);
#7057=AXIS2_PLACEMENT_3D('',#10614,#8504,#8505);
#7058=AXIS2_PLACEMENT_3D('',#10616,#8506,#8507);
#7059=AXIS2_PLACEMENT_3D('',#10617,#8508,#8509);
#7060=AXIS2_PLACEMENT_3D('',#10618,#8510,#8511);
#7061=AXIS2_PLACEMENT_3D('',#10620,#8512,#8513);
#7062=AXIS2_PLACEMENT_3D('',#10621,#8514,#8515);
#7063=AXIS2_PLACEMENT_3D('',#10622,#8516,#8517);
#7064=AXIS2_PLACEMENT_3D('',#10628,#8518,#8519);
#7065=AXIS2_PLACEMENT_3D('',#10629,#8520,#8521);
#7066=AXIS2_PLACEMENT_3D('',#10630,#8522,#8523);
#7067=AXIS2_PLACEMENT_3D('',#10632,#8524,#8525);
#7068=AXIS2_PLACEMENT_3D('',#10633,#8526,#8527);
#7069=AXIS2_PLACEMENT_3D('',#10634,#8528,#8529);
#7070=AXIS2_PLACEMENT_3D('',#10636,#8530,#8531);
#7071=AXIS2_PLACEMENT_3D('',#10637,#8532,#8533);
#7072=AXIS2_PLACEMENT_3D('',#10638,#8534,#8535);
#7073=AXIS2_PLACEMENT_3D('',#10640,#8536,#8537);
#7074=AXIS2_PLACEMENT_3D('',#10641,#8538,#8539);
#7075=AXIS2_PLACEMENT_3D('',#10642,#8540,#8541);
#7076=AXIS2_PLACEMENT_3D('',#10648,#8542,#8543);
#7077=AXIS2_PLACEMENT_3D('',#10649,#8544,#8545);
#7078=AXIS2_PLACEMENT_3D('',#10650,#8546,#8547);
#7079=AXIS2_PLACEMENT_3D('',#10651,#8548,#8549);
#7080=AXIS2_PLACEMENT_3D('',#10652,#8550,#8551);
#7081=AXIS2_PLACEMENT_3D('',#10653,#8552,#8553);
#7082=AXIS2_PLACEMENT_3D('',#10657,#8556,#8557);
#7083=AXIS2_PLACEMENT_3D('',#10659,#8559,#8560);
#7084=AXIS2_PLACEMENT_3D('',#10660,#8561,#8562);
#7085=AXIS2_PLACEMENT_3D('',#10664,#8565,#8566);
#7086=AXIS2_PLACEMENT_3D('',#10666,#8568,#8569);
#7087=AXIS2_PLACEMENT_3D('',#10667,#8570,#8571);
#7088=AXIS2_PLACEMENT_3D('',#10668,#8572,#8573);
#7089=AXIS2_PLACEMENT_3D('',#10669,#8574,#8575);
#7090=AXIS2_PLACEMENT_3D('',#10670,#8576,#8577);
#7091=AXIS2_PLACEMENT_3D('',#10671,#8578,#8579);
#7092=AXIS2_PLACEMENT_3D('',#10675,#8582,#8583);
#7093=AXIS2_PLACEMENT_3D('',#10678,#8585,#8586);
#7094=AXIS2_PLACEMENT_3D('',#10679,#8587,#8588);
#7095=AXIS2_PLACEMENT_3D('',#10681,#8590,#8591);
#7096=AXIS2_PLACEMENT_3D('',#10685,#8594,#8595);
#7097=AXIS2_PLACEMENT_3D('',#10686,#8596,#8597);
#7098=AXIS2_PLACEMENT_3D('',#10689,#8599,#8600);
#7099=AXIS2_PLACEMENT_3D('',#10691,#8602,#8603);
#7100=AXIS2_PLACEMENT_3D('',#10692,#8604,#8605);
#7101=AXIS2_PLACEMENT_3D('',#10693,#8606,#8607);
#7102=AXIS2_PLACEMENT_3D('',#10694,#8608,#8609);
#7103=AXIS2_PLACEMENT_3D('',#10695,#8610,#8611);
#7104=AXIS2_PLACEMENT_3D('',#10699,#8614,#8615);
#7105=AXIS2_PLACEMENT_3D('',#10702,#8617,#8618);
#7106=AXIS2_PLACEMENT_3D('',#10703,#8619,#8620);
#7107=AXIS2_PLACEMENT_3D('',#10705,#8622,#8623);
#7108=AXIS2_PLACEMENT_3D('',#10709,#8626,#8627);
#7109=AXIS2_PLACEMENT_3D('',#10710,#8628,#8629);
#7110=AXIS2_PLACEMENT_3D('',#10713,#8631,#8632);
#7111=AXIS2_PLACEMENT_3D('',#10715,#8634,#8635);
#7112=AXIS2_PLACEMENT_3D('',#10716,#8636,#8637);
#7113=AXIS2_PLACEMENT_3D('',#10717,#8638,#8639);
#7114=AXIS2_PLACEMENT_3D('',#10718,#8640,#8641);
#7115=AXIS2_PLACEMENT_3D('',#10719,#8642,#8643);
#7116=AXIS2_PLACEMENT_3D('',#10723,#8646,#8647);
#7117=AXIS2_PLACEMENT_3D('',#10725,#8649,#8650);
#7118=AXIS2_PLACEMENT_3D('',#10726,#8651,#8652);
#7119=AXIS2_PLACEMENT_3D('',#10730,#8655,#8656);
#7120=AXIS2_PLACEMENT_3D('',#10731,#8657,#8658);
#7121=AXIS2_PLACEMENT_3D('',#10734,#8660,#8661);
#7122=AXIS2_PLACEMENT_3D('',#10736,#8663,#8664);
#7123=AXIS2_PLACEMENT_3D('',#10737,#8665,#8666);
#7124=AXIS2_PLACEMENT_3D('',#10738,#8667,#8668);
#7125=AXIS2_PLACEMENT_3D('',#10739,#8669,#8670);
#7126=AXIS2_PLACEMENT_3D('',#10740,#8671,#8672);
#7127=AXIS2_PLACEMENT_3D('',#10744,#8675,#8676);
#7128=AXIS2_PLACEMENT_3D('',#10746,#8678,#8679);
#7129=AXIS2_PLACEMENT_3D('',#10747,#8680,#8681);
#7130=AXIS2_PLACEMENT_3D('',#10751,#8684,#8685);
#7131=AXIS2_PLACEMENT_3D('',#10753,#8687,#8688);
#7132=AXIS2_PLACEMENT_3D('',#10754,#8689,#8690);
#7133=AXIS2_PLACEMENT_3D('',#10755,#8691,#8692);
#7134=AXIS2_PLACEMENT_3D('',#10756,#8693,#8694);
#7135=AXIS2_PLACEMENT_3D('',#10757,#8695,#8696);
#7136=AXIS2_PLACEMENT_3D('',#10783,#8712,#8713);
#7137=AXIS2_PLACEMENT_3D('',#10786,#8716,#8717);
#7138=AXIS2_PLACEMENT_3D('',#10788,#8719,#8720);
#7139=AXIS2_PLACEMENT_3D('',#10790,#8722,#8723);
#7140=AXIS2_PLACEMENT_3D('',#10801,#8730,#8731);
#7141=AXIS2_PLACEMENT_3D('',#10807,#8735,#8736);
#7142=AXIS2_PLACEMENT_3D('',#10816,#8741,#8742);
#7143=AXIS2_PLACEMENT_3D('',#10825,#8747,#8748);
#7144=AXIS2_PLACEMENT_3D('',#10831,#8752,#8753);
#7145=AXIS2_PLACEMENT_3D('',#10837,#8757,#8758);
#7146=AXIS2_PLACEMENT_3D('',#10846,#8763,#8764);
#7147=AXIS2_PLACEMENT_3D('',#10855,#8769,#8770);
#7148=AXIS2_PLACEMENT_3D('',#10856,#8771,#8772);
#7149=AXIS2_PLACEMENT_3D('',#10857,#8773,#8774);
#7150=AXIS2_PLACEMENT_3D('',#10858,#8775,#8776);
#7151=AXIS2_PLACEMENT_3D('',#10867,#8781,#8782);
#7152=AXIS2_PLACEMENT_3D('',#10868,#8783,#8784);
#7153=AXIS2_PLACEMENT_3D('',#10869,#8785,#8786);
#7154=AXIS2_PLACEMENT_3D('',#10871,#8787,#8788);
#7155=AXIS2_PLACEMENT_3D('',#10872,#8789,#8790);
#7156=AXIS2_PLACEMENT_3D('',#10873,#8791,#8792);
#7157=AXIS2_PLACEMENT_3D('',#10874,#8793,#8794);
#7158=AXIS2_PLACEMENT_3D('',#10875,#8795,#8796);
#7159=AXIS2_PLACEMENT_3D('',#10876,#8797,#8798);
#7160=AXIS2_PLACEMENT_3D('',#10904,#8799,#8800);
#7161=AXIS2_PLACEMENT_3D('',#10926,#8801,#8802);
#7162=AXIS2_PLACEMENT_3D('',#10950,#8804,#8805);
#7163=AXIS2_PLACEMENT_3D('',#10970,#8806,#8807);
#7164=AXIS2_PLACEMENT_3D('',#10990,#8808,#8809);
#7165=AXIS2_PLACEMENT_3D('',#10993,#8812,#8813);
#7166=AXIS2_PLACEMENT_3D('',#10994,#8814,#8815);
#7167=AXIS2_PLACEMENT_3D('',#10995,#8816,#8817);
#7168=AXIS2_PLACEMENT_3D('',#10998,#8820,#8821);
#7169=AXIS2_PLACEMENT_3D('',#10999,#8822,#8823);
#7170=AXIS2_PLACEMENT_3D('',#11000,#8824,#8825);
#7171=AXIS2_PLACEMENT_3D('',#11002,#8827,#8828);
#7172=AXIS2_PLACEMENT_3D('',#11004,#8830,#8831);
#7173=AXIS2_PLACEMENT_3D('',#11005,#8832,#8833);
#7174=AXIS2_PLACEMENT_3D('',#11008,#8836,#8837);
#7175=AXIS2_PLACEMENT_3D('',#11009,#8838,#8839);
#7176=AXIS2_PLACEMENT_3D('',#11010,#8840,#8841);
#7177=AXIS2_PLACEMENT_3D('',#11012,#8843,#8844);
#7178=AXIS2_PLACEMENT_3D('',#11014,#8846,#8847);
#7179=AXIS2_PLACEMENT_3D('',#11015,#8848,#8849);
#7180=AXIS2_PLACEMENT_3D('',#11018,#8852,#8853);
#7181=AXIS2_PLACEMENT_3D('',#11019,#8854,#8855);
#7182=AXIS2_PLACEMENT_3D('',#11020,#8856,#8857);
#7183=AXIS2_PLACEMENT_3D('',#11022,#8859,#8860);
#7184=AXIS2_PLACEMENT_3D('',#11024,#8862,#8863);
#7185=AXIS2_PLACEMENT_3D('',#11025,#8864,#8865);
#7186=AXIS2_PLACEMENT_3D('',#11028,#8868,#8869);
#7187=AXIS2_PLACEMENT_3D('',#11029,#8870,#8871);
#7188=AXIS2_PLACEMENT_3D('',#11030,#8872,#8873);
#7189=AXIS2_PLACEMENT_3D('',#11033,#8876,#8877);
#7190=AXIS2_PLACEMENT_3D('',#11034,#8878,#8879);
#7191=AXIS2_PLACEMENT_3D('',#11035,#8880,#8881);
#7192=AXIS2_PLACEMENT_3D('',#11037,#8883,#8884);
#7193=AXIS2_PLACEMENT_3D('',#11039,#8886,#8887);
#7194=AXIS2_PLACEMENT_3D('',#11040,#8888,#8889);
#7195=AXIS2_PLACEMENT_3D('',#11041,#8890,#8891);
#7196=AXIS2_PLACEMENT_3D('',#11042,#8892,#8893);
#7197=AXIS2_PLACEMENT_3D('',#11043,#8894,#8895);
#7198=AXIS2_PLACEMENT_3D('',#11044,#8896,#8897);
#7199=AXIS2_PLACEMENT_3D('',#11045,#8898,#8899);
#7200=AXIS2_PLACEMENT_3D('',#11046,#8900,#8901);
#7201=AXIS2_PLACEMENT_3D('',#11047,#8902,#8903);
#7202=AXIS2_PLACEMENT_3D('',#11048,#8904,#8905);
#7203=AXIS2_PLACEMENT_3D('',#11049,#8906,#8907);
#7204=AXIS2_PLACEMENT_3D('',#11050,#8908,#8909);
#7205=AXIS2_PLACEMENT_3D('',#11051,#8910,#8911);
#7206=AXIS2_PLACEMENT_3D('',#11052,#8912,#8913);
#7207=AXIS2_PLACEMENT_3D('',#11053,#8914,#8915);
#7208=AXIS2_PLACEMENT_3D('',#11054,#8916,#8917);
#7209=AXIS2_PLACEMENT_3D('',#11055,#8918,#8919);
#7210=AXIS2_PLACEMENT_3D('',#11056,#8920,#8921);
#7211=AXIS2_PLACEMENT_3D('',#11057,#8922,#8923);
#7212=AXIS2_PLACEMENT_3D('',#11058,#8924,#8925);
#7213=AXIS2_PLACEMENT_3D('',#11059,#8926,#8927);
#7214=AXIS2_PLACEMENT_3D('',#11060,#8928,#8929);
#7215=AXIS2_PLACEMENT_3D('',#11061,#8930,#8931);
#7216=AXIS2_PLACEMENT_3D('',#11062,#8932,#8933);
#7217=AXIS2_PLACEMENT_3D('',#11063,#8934,#8935);
#7218=AXIS2_PLACEMENT_3D('',#11064,#8936,#8937);
#7219=AXIS2_PLACEMENT_3D('',#11065,#8938,#8939);
#7220=AXIS2_PLACEMENT_3D('',#11066,#8940,#8941);
#7221=AXIS2_PLACEMENT_3D('',#11067,#8942,#8943);
#7222=AXIS2_PLACEMENT_3D('',#11068,#8944,#8945);
#7223=AXIS2_PLACEMENT_3D('',#11069,#8946,#8947);
#7224=AXIS2_PLACEMENT_3D('',#11070,#8948,#8949);
#7225=AXIS2_PLACEMENT_3D('',#11071,#8950,#8951);
#7226=AXIS2_PLACEMENT_3D('',#11072,#8952,#8953);
#7227=AXIS2_PLACEMENT_3D('',#11073,#8954,#8955);
#7228=AXIS2_PLACEMENT_3D('',#11074,#8956,#8957);
#7229=AXIS2_PLACEMENT_3D('',#11075,#8958,#8959);
#7230=AXIS2_PLACEMENT_3D('',#11076,#8960,#8961);
#7231=AXIS2_PLACEMENT_3D('',#11077,#8962,#8963);
#7232=AXIS2_PLACEMENT_3D('',#11078,#8964,#8965);
#7233=AXIS2_PLACEMENT_3D('',#11079,#8966,#8967);
#7234=AXIS2_PLACEMENT_3D('',#11080,#8968,#8969);
#7235=AXIS2_PLACEMENT_3D('',#11081,#8970,#8971);
#7236=AXIS2_PLACEMENT_3D('',#11082,#8972,#8973);
#7237=AXIS2_PLACEMENT_3D('',#11083,#8974,#8975);
#7238=AXIS2_PLACEMENT_3D('',#11084,#8976,#8977);
#7239=AXIS2_PLACEMENT_3D('',#11085,#8978,#8979);
#7240=AXIS2_PLACEMENT_3D('',#11086,#8980,#8981);
#7241=AXIS2_PLACEMENT_3D('',#11087,#8982,#8983);
#7242=AXIS2_PLACEMENT_3D('',#11088,#8984,#8985);
#7243=AXIS2_PLACEMENT_3D('',#11103,#8986,#8987);
#7244=AXIS2_PLACEMENT_3D('',#11104,#8988,#8989);
#7245=AXIS2_PLACEMENT_3D('',#11105,#8990,#8991);
#7246=AXIS2_PLACEMENT_3D('',#11106,#8992,#8993);
#7247=AXIS2_PLACEMENT_3D('',#11121,#8994,#8995);
#7248=AXIS2_PLACEMENT_3D('',#11122,#8996,#8997);
#7249=AXIS2_PLACEMENT_3D('',#11123,#8998,#8999);
#7250=AXIS2_PLACEMENT_3D('',#11124,#9000,#9001);
#7251=AXIS2_PLACEMENT_3D('',#11125,#9002,#9003);
#7252=AXIS2_PLACEMENT_3D('',#11126,#9004,#9005);
#7253=AXIS2_PLACEMENT_3D('',#11127,#9006,#9007);
#7254=AXIS2_PLACEMENT_3D('',#11128,#9008,#9009);
#7255=AXIS2_PLACEMENT_3D('',#11135,#9010,#9011);
#7256=AXIS2_PLACEMENT_3D('',#11136,#9012,#9013);
#7257=AXIS2_PLACEMENT_3D('',#11137,#9014,#9015);
#7258=AXIS2_PLACEMENT_3D('',#11138,#9016,#9017);
#7259=AXIS2_PLACEMENT_3D('',#11141,#9019,#9020);
#7260=AXIS2_PLACEMENT_3D('',#11142,#9021,#9022);
#7261=AXIS2_PLACEMENT_3D('',#11151,#9023,#9024);
#7262=AXIS2_PLACEMENT_3D('',#11152,#9025,#9026);
#7263=AXIS2_PLACEMENT_3D('',#11160,#9027,#9028);
#7264=AXIS2_PLACEMENT_3D('',#11161,#9029,#9030);
#7265=AXIS2_PLACEMENT_3D('',#11162,#9031,#9032);
#7266=AXIS2_PLACEMENT_3D('',#11163,#9033,#9034);
#7267=AXIS2_PLACEMENT_3D('',#11164,#9035,#9036);
#7268=AXIS2_PLACEMENT_3D('',#11165,#9037,#9038);
#7269=AXIS2_PLACEMENT_3D('',#11166,#9039,#9040);
#7270=AXIS2_PLACEMENT_3D('',#11167,#9041,#9042);
#7271=AXIS2_PLACEMENT_3D('',#11168,#9043,#9044);
#7272=AXIS2_PLACEMENT_3D('',#11169,#9045,#9046);
#7273=AXIS2_PLACEMENT_3D('',#11170,#9047,#9048);
#7274=AXIS2_PLACEMENT_3D('',#11171,#9049,#9050);
#7275=AXIS2_PLACEMENT_3D('',#11172,#9051,#9052);
#7276=AXIS2_PLACEMENT_3D('',#11173,#9053,#9054);
#7277=AXIS2_PLACEMENT_3D('',#11174,#9055,#9056);
#7278=AXIS2_PLACEMENT_3D('',#11175,#9057,#9058);
#7279=AXIS2_PLACEMENT_3D('',#11176,#9059,#9060);
#7280=AXIS2_PLACEMENT_3D('',#11177,#9061,#9062);
#7281=AXIS2_PLACEMENT_3D('',#11178,#9063,#9064);
#7282=AXIS2_PLACEMENT_3D('',#11179,#9065,#9066);
#7283=AXIS2_PLACEMENT_3D('',#11180,#9067,#9068);
#7284=AXIS2_PLACEMENT_3D('',#11181,#9069,#9070);
#7285=AXIS2_PLACEMENT_3D('',#11182,#9071,#9072);
#7286=AXIS2_PLACEMENT_3D('',#11183,#9073,#9074);
#7287=AXIS2_PLACEMENT_3D('',#11184,#9075,#9076);
#7288=AXIS2_PLACEMENT_3D('',#11185,#9077,#9078);
#7289=AXIS2_PLACEMENT_3D('',#11187,#9079,#9080);
#7290=AXIS2_PLACEMENT_3D('',#11188,#9081,#9082);
#7291=AXIS2_PLACEMENT_3D('',#11203,#9083,#9084);
#7292=AXIS2_PLACEMENT_3D('',#11204,#9085,#9086);
#7293=AXIS2_PLACEMENT_3D('',#11207,#9088,#9089);
#7294=AXIS2_PLACEMENT_3D('',#11208,#9090,#9091);
#7295=AXIS2_PLACEMENT_3D('',#11209,#9092,#9093);
#7296=AXIS2_PLACEMENT_3D('',#11210,#9094,#9095);
#7297=AXIS2_PLACEMENT_3D('',#11216,#9096,#9097);
#7298=AXIS2_PLACEMENT_3D('',#11217,#9098,#9099);
#7299=AXIS2_PLACEMENT_3D('',#11218,#9100,#9101);
#7300=AXIS2_PLACEMENT_3D('',#11219,#9102,#9103);
#7301=AXIS2_PLACEMENT_3D('',#11220,#9104,#9105);
#7302=AXIS2_PLACEMENT_3D('',#11221,#9106,#9107);
#7303=AXIS2_PLACEMENT_3D('',#11222,#9108,#9109);
#7304=AXIS2_PLACEMENT_3D('',#11223,#9110,#9111);
#7305=AXIS2_PLACEMENT_3D('',#11224,#9112,#9113);
#7306=AXIS2_PLACEMENT_3D('',#11225,#9114,#9115);
#7307=AXIS2_PLACEMENT_3D('',#11226,#9116,#9117);
#7308=AXIS2_PLACEMENT_3D('',#11227,#9118,#9119);
#7309=AXIS2_PLACEMENT_3D('',#11228,#9120,#9121);
#7310=AXIS2_PLACEMENT_3D('',#11229,#9122,#9123);
#7311=AXIS2_PLACEMENT_3D('',#11230,#9124,#9125);
#7312=AXIS2_PLACEMENT_3D('',#11231,#9126,#9127);
#7313=AXIS2_PLACEMENT_3D('',#11232,#9128,#9129);
#7314=AXIS2_PLACEMENT_3D('',#11242,#9130,#9131);
#7315=AXIS2_PLACEMENT_3D('',#11252,#9132,#9133);
#7316=AXIS2_PLACEMENT_3D('',#11253,#9134,#9135);
#7317=AXIS2_PLACEMENT_3D('',#11254,#9136,#9137);
#7318=AXIS2_PLACEMENT_3D('',#11255,#9138,#9139);
#7319=AXIS2_PLACEMENT_3D('',#11256,#9140,#9141);
#7320=AXIS2_PLACEMENT_3D('',#11257,#9142,#9143);
#7321=AXIS2_PLACEMENT_3D('',#11258,#9144,#9145);
#7322=AXIS2_PLACEMENT_3D('',#11259,#9146,#9147);
#7323=AXIS2_PLACEMENT_3D('',#11260,#9148,#9149);
#7324=AXIS2_PLACEMENT_3D('',#11261,#9150,#9151);
#7325=AXIS2_PLACEMENT_3D('',#11262,#9152,#9153);
#7326=AXIS2_PLACEMENT_3D('',#11263,#9154,#9155);
#7327=AXIS2_PLACEMENT_3D('',#11264,#9156,#9157);
#7328=AXIS2_PLACEMENT_3D('',#11265,#9158,#9159);
#7329=AXIS2_PLACEMENT_3D('',#11266,#9160,#9161);
#7330=AXIS2_PLACEMENT_3D('',#11267,#9162,#9163);
#7331=AXIS2_PLACEMENT_3D('',#11268,#9164,#9165);
#7332=AXIS2_PLACEMENT_3D('',#11269,#9166,#9167);
#7333=AXIS2_PLACEMENT_3D('',#11273,#9170,#9171);
#7334=AXIS2_PLACEMENT_3D('',#11277,#9174,#9175);
#7335=AXIS2_PLACEMENT_3D('',#11279,#9177,#9178);
#7336=AXIS2_PLACEMENT_3D('',#11283,#9181,#9182);
#7337=AXIS2_PLACEMENT_3D('',#11287,#9185,#9186);
#7338=AXIS2_PLACEMENT_3D('',#11289,#9188,#9189);
#7339=AXIS2_PLACEMENT_3D('',#11290,#9190,#9191);
#7340=AXIS2_PLACEMENT_3D('',#11294,#9194,#9195);
#7341=AXIS2_PLACEMENT_3D('',#11298,#9198,#9199);
#7342=AXIS2_PLACEMENT_3D('',#11302,#9202,#9203);
#7343=AXIS2_PLACEMENT_3D('',#11304,#9205,#9206);
#7344=AXIS2_PLACEMENT_3D('',#11308,#9209,#9210);
#7345=AXIS2_PLACEMENT_3D('',#11312,#9213,#9214);
#7346=AXIS2_PLACEMENT_3D('',#11314,#9216,#9217);
#7347=AXIS2_PLACEMENT_3D('',#11318,#9220,#9221);
#7348=AXIS2_PLACEMENT_3D('',#11322,#9224,#9225);
#7349=AXIS2_PLACEMENT_3D('',#11324,#9227,#9228);
#7350=AXIS2_PLACEMENT_3D('',#11328,#9231,#9232);
#7351=AXIS2_PLACEMENT_3D('',#11332,#9235,#9236);
#7352=AXIS2_PLACEMENT_3D('',#11334,#9238,#9239);
#7353=AXIS2_PLACEMENT_3D('',#11338,#9242,#9243);
#7354=AXIS2_PLACEMENT_3D('',#11340,#9245,#9246);
#7355=DIRECTION('',(0.,0.,1.));
#7356=DIRECTION('',(1.,0.,0.));
#7357=DIRECTION('',(0.,-1.,0.));
#7358=DIRECTION('',(1.,0.,0.));
#7359=DIRECTION('',(0.,-1.,0.));
#7360=DIRECTION('',(0.,0.,-1.));
#7361=DIRECTION('',(0.,-1.,0.));
#7362=DIRECTION('',(0.,0.,-1.));
#7363=DIRECTION('',(-1.,0.,1.3216940769347E-16));
#7364=DIRECTION('',(0.,0.,-1.));
#7365=DIRECTION('',(1.,0.,1.020425574104E-15));
#7366=DIRECTION('',(-1.06752213906263E-15,0.,1.));
#7367=DIRECTION('',(0.,-1.,0.));
#7368=DIRECTION('',(1.,0.,0.));
#7369=DIRECTION('',(0.,-1.,0.));
#7370=DIRECTION('',(0.,0.,-1.));
#7371=DIRECTION('',(0.,-1.,0.));
#7372=DIRECTION('',(0.,0.,-1.));
#7373=DIRECTION('',(-1.,0.,1.3216940769347E-16));
#7374=DIRECTION('',(0.,0.,-1.));
#7375=DIRECTION('',(1.,0.,0.));
#7376=DIRECTION('',(0.,0.,1.));
#7377=DIRECTION('',(0.,-1.,0.));
#7378=DIRECTION('',(1.,0.,0.));
#7379=DIRECTION('',(0.,-1.,0.));
#7380=DIRECTION('',(0.,0.,-1.));
#7381=DIRECTION('',(0.,-1.,0.));
#7382=DIRECTION('',(0.,0.,-1.));
#7383=DIRECTION('',(-1.,0.,1.3216940769347E-16));
#7384=DIRECTION('',(0.,0.,-1.));
#7385=DIRECTION('',(1.,0.,0.));
#7386=DIRECTION('',(0.,0.,1.));
#7387=DIRECTION('',(0.,-1.,0.));
#7388=DIRECTION('',(1.,0.,0.));
#7389=DIRECTION('',(0.,-1.,0.));
#7390=DIRECTION('',(0.,0.,-1.));
#7391=DIRECTION('',(0.,-1.,0.));
#7392=DIRECTION('',(0.,0.,-1.));
#7393=DIRECTION('',(-1.,0.,1.3216940769347E-16));
#7394=DIRECTION('',(0.,0.,-1.));
#7395=DIRECTION('',(1.,0.,0.));
#7396=DIRECTION('',(0.,0.,1.));
#7397=DIRECTION('',(0.,-1.,0.));
#7398=DIRECTION('',(1.,0.,0.));
#7399=DIRECTION('',(0.,0.,1.));
#7400=DIRECTION('',(1.,0.,1.13985936819831E-15));
#7401=DIRECTION('',(0.,0.,-1.));
#7402=DIRECTION('',(-1.,0.,1.3216940769347E-16));
#7403=DIRECTION('',(0.,0.,-1.));
#7404=DIRECTION('',(0.,-1.,0.));
#7405=DIRECTION('',(0.,0.,-1.));
#7406=DIRECTION('',(-0.745937661625919,0.,0.666015769308848));
#7407=DIRECTION('',(0.,-1.,0.));
#7408=DIRECTION('',(0.,0.,-1.));
#7409=DIRECTION('',(-1.,0.,0.));
#7410=DIRECTION('',(0.,-1.,0.));
#7411=DIRECTION('',(0.,0.,-1.));
#7412=DIRECTION('',(-0.745937661625918,0.,-0.666015769308848));
#7413=DIRECTION('',(0.,-1.,0.));
#7414=DIRECTION('',(0.,0.,-1.));
#7415=DIRECTION('',(0.,1.73426139632387E-29,1.));
#7416=DIRECTION('',(-1.,0.,1.3216940769347E-16));
#7417=DIRECTION('',(0.,-1.,0.));
#7418=DIRECTION('',(0.,0.,-1.));
#7419=DIRECTION('',(0.,-1.,0.));
#7420=DIRECTION('',(0.,0.,-1.));
#7421=DIRECTION('',(0.,0.,1.));
#7422=DIRECTION('',(1.,0.,0.));
#7423=DIRECTION('',(1.54886024640786E-16,0.,-1.));
#7424=DIRECTION('',(-1.,0.,0.));
#7425=DIRECTION('',(0.,0.,1.));
#7426=DIRECTION('',(-1.,0.,0.));
#7427=DIRECTION('',(0.,0.,1.));
#7428=DIRECTION('',(-1.,0.,0.));
#7429=DIRECTION('',(-1.,0.,0.));
#7430=DIRECTION('',(0.,0.,1.));
#7431=DIRECTION('',(-1.,0.,0.));
#7432=DIRECTION('',(0.,0.,1.));
#7433=DIRECTION('',(1.,0.,0.));
#7434=DIRECTION('',(0.,1.,0.));
#7435=DIRECTION('',(-1.,0.,0.));
#7436=DIRECTION('',(0.,1.,0.));
#7437=DIRECTION('',(0.,0.,1.));
#7438=DIRECTION('',(0.,1.,0.));
#7439=DIRECTION('',(0.,0.,1.));
#7440=DIRECTION('',(0.,1.,0.));
#7441=DIRECTION('',(0.,0.,1.));
#7442=DIRECTION('',(1.,0.,0.));
#7443=DIRECTION('',(0.,1.,0.));
#7444=DIRECTION('',(0.,0.,1.));
#7445=DIRECTION('',(0.970142500145332,0.,-0.242535625036333));
#7446=DIRECTION('',(0.,1.,0.));
#7447=DIRECTION('',(0.,0.,1.));
#7448=DIRECTION('',(1.,0.,0.));
#7449=DIRECTION('',(0.,1.,0.));
#7450=DIRECTION('',(0.,0.,1.));
#7451=DIRECTION('',(0.624695047554425,0.,-0.78086880944303));
#7452=DIRECTION('',(0.,1.,0.));
#7453=DIRECTION('',(0.,0.,1.));
#7454=DIRECTION('',(0.,1.,0.));
#7455=DIRECTION('',(0.,0.,1.));
#7456=DIRECTION('',(1.,0.,0.));
#7457=DIRECTION('',(0.,1.,0.));
#7458=DIRECTION('',(0.,0.,1.));
#7459=DIRECTION('',(0.970142500145332,0.,-0.242535625036333));
#7460=DIRECTION('',(0.,1.,0.));
#7461=DIRECTION('',(0.,0.,1.));
#7462=DIRECTION('',(1.,0.,0.));
#7463=DIRECTION('',(0.,1.,0.));
#7464=DIRECTION('',(-1.,0.,0.));
#7465=DIRECTION('',(0.,1.,0.));
#7466=DIRECTION('',(0.,0.,1.));
#7467=DIRECTION('',(-2.27504718160889E-16,0.,1.));
#7468=DIRECTION('',(1.,0.,0.));
#7469=DIRECTION('',(0.,1.,0.));
#7470=DIRECTION('',(0.,0.,1.));
#7471=DIRECTION('',(1.,0.,0.));
#7472=DIRECTION('',(0.,1.,0.));
#7473=DIRECTION('',(0.,0.,1.));
#7474=DIRECTION('',(0.,1.,0.));
#7475=DIRECTION('',(-1.,0.,0.));
#7476=DIRECTION('',(0.,1.,0.));
#7477=DIRECTION('',(0.,0.,1.));
#7478=DIRECTION('',(1.,0.,0.));
#7479=DIRECTION('',(0.,1.,0.));
#7480=DIRECTION('',(0.,0.,1.));
#7481=DIRECTION('',(0.752576694706878,0.,0.658504607868519));
#7482=DIRECTION('',(0.,1.,0.));
#7483=DIRECTION('',(-1.,0.,0.));
#7484=DIRECTION('',(0.,1.,0.));
#7485=DIRECTION('',(0.,0.,1.));
#7486=DIRECTION('',(1.,0.,0.));
#7487=DIRECTION('',(0.,1.,0.));
#7488=DIRECTION('',(0.,0.,1.));
#7489=DIRECTION('',(1.,0.,0.));
#7490=DIRECTION('',(0.,0.,-1.));
#7491=DIRECTION('',(0.,1.,0.));
#7492=DIRECTION('',(0.,0.,1.));
#7493=DIRECTION('',(0.,0.,1.));
#7494=DIRECTION('',(1.,0.,0.));
#7495=DIRECTION('',(1.,0.,0.));
#7496=DIRECTION('',(0.,1.,0.));
#7497=DIRECTION('',(1.,0.,0.));
#7498=DIRECTION('',(1.,0.,0.));
#7499=DIRECTION('',(1.,0.,0.));
#7500=DIRECTION('',(0.,1.,0.));
#7501=DIRECTION('',(0.,0.,1.));
#7502=DIRECTION('',(1.,0.,0.));
#7503=DIRECTION('',(1.,0.,0.));
#7504=DIRECTION('',(0.,1.,0.));
#7505=DIRECTION('',(-1.,0.,-1.70070929017334E-16));
#7506=DIRECTION('',(0.,1.,0.));
#7507=DIRECTION('',(0.,0.,1.));
#7508=DIRECTION('',(1.,0.,0.));
#7509=DIRECTION('',(1.,0.,0.));
#7510=DIRECTION('',(0.,1.,0.));
#7511=DIRECTION('',(-1.,0.,0.));
#7512=DIRECTION('',(0.,1.,0.));
#7513=DIRECTION('',(0.,0.,1.));
#7514=DIRECTION('',(1.,0.,0.));
#7515=DIRECTION('',(0.,1.,0.));
#7516=DIRECTION('',(1.,0.,0.));
#7517=DIRECTION('',(1.,0.,0.));
#7518=DIRECTION('',(1.,0.,0.));
#7519=DIRECTION('',(0.,1.,0.));
#7520=DIRECTION('',(0.,0.,1.));
#7521=DIRECTION('',(1.,0.,0.));
#7522=DIRECTION('',(0.,0.,1.));
#7523=DIRECTION('',(1.,0.,0.));
#7524=DIRECTION('',(1.,0.,0.));
#7525=DIRECTION('',(0.,-1.,0.));
#7526=DIRECTION('',(1.,0.,0.));
#7527=DIRECTION('',(0.,0.,1.));
#7528=DIRECTION('',(1.,0.,0.));
#7529=DIRECTION('',(1.,0.,0.));
#7530=DIRECTION('',(0.,0.,1.));
#7531=DIRECTION('',(1.,0.,0.));
#7532=DIRECTION('',(0.,-1.,0.));
#7533=DIRECTION('',(1.,0.,0.));
#7534=DIRECTION('',(1.,0.,0.));
#7535=DIRECTION('',(0.,0.,1.));
#7536=DIRECTION('',(1.,0.,0.));
#7537=DIRECTION('',(1.,0.,0.));
#7538=DIRECTION('',(0.,0.,1.));
#7539=DIRECTION('',(1.,0.,0.));
#7540=DIRECTION('',(1.,0.,0.));
#7541=DIRECTION('',(0.,0.,-1.));
#7542=DIRECTION('',(0.,1.,0.));
#7543=DIRECTION('',(0.,0.,-1.));
#7544=DIRECTION('',(0.,1.,0.));
#7545=DIRECTION('',(0.,0.,-1.));
#7546=DIRECTION('',(1.,0.,0.));
#7547=DIRECTION('',(0.,0.,-1.));
#7548=DIRECTION('',(0.,0.,-1.));
#7549=DIRECTION('',(0.,1.,0.));
#7550=DIRECTION('',(0.,0.,-1.));
#7551=DIRECTION('',(0.,1.,0.));
#7552=DIRECTION('',(1.,0.,0.));
#7553=DIRECTION('',(0.,0.,-1.));
#7554=DIRECTION('',(0.,-1.,0.));
#7555=DIRECTION('',(0.,0.,-1.));
#7556=DIRECTION('',(0.,0.,-1.));
#7557=DIRECTION('',(1.,0.,0.));
#7558=DIRECTION('',(0.,0.,-1.));
#7559=DIRECTION('',(0.,0.,-1.));
#7560=DIRECTION('',(1.,0.,0.));
#7561=DIRECTION('',(0.,0.,-1.));
#7562=DIRECTION('',(-1.,0.,0.));
#7563=DIRECTION('',(0.,0.,1.));
#7564=DIRECTION('',(0.,-1.,0.));
#7565=DIRECTION('',(0.,0.,1.));
#7566=DIRECTION('',(0.,1.,0.));
#7567=DIRECTION('',(0.,0.,1.));
#7568=DIRECTION('',(1.,0.,0.));
#7569=DIRECTION('',(0.,0.,-1.));
#7570=DIRECTION('',(0.,-1.,0.));
#7571=DIRECTION('',(0.,0.,-1.));
#7572=DIRECTION('',(0.,0.,-1.));
#7573=DIRECTION('',(1.,0.,0.));
#7574=DIRECTION('',(0.,0.,-1.));
#7575=DIRECTION('',(0.,0.,-1.));
#7576=DIRECTION('',(1.,0.,0.));
#7577=DIRECTION('',(0.,0.,-1.));
#7578=DIRECTION('',(1.,0.,0.));
#7579=DIRECTION('',(0.,0.,-1.));
#7580=DIRECTION('',(0.,0.,-1.));
#7581=DIRECTION('',(0.,1.,0.));
#7582=DIRECTION('',(0.,0.,-1.));
#7583=DIRECTION('',(0.,-1.,0.));
#7584=DIRECTION('',(1.,0.,0.));
#7585=DIRECTION('',(0.,0.,-1.));
#7586=DIRECTION('',(0.,-1.,0.));
#7587=DIRECTION('',(0.,0.,-1.));
#7588=DIRECTION('',(0.,0.,-1.));
#7589=DIRECTION('',(1.,0.,0.));
#7590=DIRECTION('',(0.,0.,-1.));
#7591=DIRECTION('',(0.,0.,-1.));
#7592=DIRECTION('',(1.,0.,0.));
#7593=DIRECTION('',(0.,0.,-1.));
#7594=DIRECTION('',(1.,0.,0.));
#7595=DIRECTION('',(0.,0.,-1.));
#7596=DIRECTION('',(0.,0.,-1.));
#7597=DIRECTION('',(0.,1.,0.));
#7598=DIRECTION('',(0.,0.,-1.));
#7599=DIRECTION('',(0.,1.,0.));
#7600=DIRECTION('',(0.,-1.,0.));
#7601=DIRECTION('',(1.,0.,0.));
#7602=DIRECTION('',(0.,0.,1.));
#7603=DIRECTION('',(-1.,0.,0.));
#7604=DIRECTION('',(0.,0.,1.));
#7605=DIRECTION('',(-1.,0.,0.));
#7606=DIRECTION('',(0.,-1.,0.));
#7607=DIRECTION('',(0.,0.,-1.));
#7608=DIRECTION('',(0.,-1.,0.));
#7609=DIRECTION('',(0.,0.,-1.));
#7610=DIRECTION('',(0.,-1.,0.));
#7611=DIRECTION('',(0.,0.,-1.));
#7612=DIRECTION('',(0.,-1.,0.));
#7613=DIRECTION('',(0.,0.,-1.));
#7614=DIRECTION('',(0.,-1.,0.));
#7615=DIRECTION('',(0.,0.,-1.));
#7616=DIRECTION('',(0.,-1.,0.));
#7617=DIRECTION('',(0.,0.,-1.));
#7618=DIRECTION('',(0.,-1.,0.));
#7619=DIRECTION('',(0.,0.,-1.));
#7620=DIRECTION('',(0.,-1.,0.));
#7621=DIRECTION('',(0.,0.,-1.));
#7622=DIRECTION('',(0.,-1.,0.));
#7623=DIRECTION('',(0.,0.,-1.));
#7624=DIRECTION('',(0.,-1.,0.));
#7625=DIRECTION('',(0.,0.,-1.));
#7626=DIRECTION('',(0.,-1.,0.));
#7627=DIRECTION('',(0.,0.,-1.));
#7628=DIRECTION('',(0.,-1.,0.));
#7629=DIRECTION('',(0.,0.,-1.));
#7630=DIRECTION('',(0.,-1.,0.));
#7631=DIRECTION('',(0.,0.,-1.));
#7632=DIRECTION('',(0.,-1.,0.));
#7633=DIRECTION('',(0.,0.,-1.));
#7634=DIRECTION('',(0.,-1.,0.));
#7635=DIRECTION('',(0.,0.,-1.));
#7636=DIRECTION('',(0.,-1.,0.));
#7637=DIRECTION('',(0.,0.,-1.));
#7638=DIRECTION('',(0.,-1.,0.));
#7639=DIRECTION('',(0.,0.,-1.));
#7640=DIRECTION('',(0.,-1.,0.));
#7641=DIRECTION('',(0.,0.,-1.));
#7642=DIRECTION('',(-2.27504718160889E-16,0.,1.));
#7643=DIRECTION('',(1.,0.,0.));
#7644=DIRECTION('',(0.,0.,-1.));
#7645=DIRECTION('',(-1.,0.,0.));
#7646=DIRECTION('',(-2.27504718160889E-16,0.,1.));
#7647=DIRECTION('',(1.,0.,0.));
#7648=DIRECTION('',(0.,-1.,0.));
#7649=DIRECTION('',(0.,0.,-1.));
#7650=DIRECTION('',(0.752576694706878,0.,0.658504607868519));
#7651=DIRECTION('',(0.,-1.,0.));
#7652=DIRECTION('',(0.,0.,-1.));
#7653=DIRECTION('',(1.,0.,0.));
#7654=DIRECTION('',(0.,-1.,0.));
#7655=DIRECTION('',(0.,0.,-1.));
#7656=DIRECTION('',(0.970142500145332,0.,-0.242535625036333));
#7657=DIRECTION('',(0.,-1.,0.));
#7658=DIRECTION('',(0.,0.,-1.));
#7659=DIRECTION('',(1.,0.,0.));
#7660=DIRECTION('',(0.,-1.,0.));
#7661=DIRECTION('',(0.,0.,-1.));
#7662=DIRECTION('',(0.624695047554425,0.,-0.78086880944303));
#7663=DIRECTION('',(0.,-1.,0.));
#7664=DIRECTION('',(0.,0.,-1.));
#7665=DIRECTION('',(0.,-1.,0.));
#7666=DIRECTION('',(0.,0.,-1.));
#7667=DIRECTION('',(0.,-1.,0.));
#7668=DIRECTION('',(0.,0.,-1.));
#7669=DIRECTION('',(1.,0.,0.));
#7670=DIRECTION('',(0.,-1.,0.));
#7671=DIRECTION('',(0.,0.,-1.));
#7672=DIRECTION('',(1.,0.,0.));
#7673=DIRECTION('',(0.,0.,-1.));
#7674=DIRECTION('',(-1.,0.,0.));
#7675=DIRECTION('',(0.,0.,-1.));
#7676=DIRECTION('',(-1.,0.,1.3216940769347E-16));
#7677=DIRECTION('',(0.,0.,-1.));
#7678=DIRECTION('',(0.,-1.,0.));
#7679=DIRECTION('',(0.,0.,-1.));
#7680=DIRECTION('',(0.745937661625919,0.,0.666015769308848));
#7681=DIRECTION('',(0.,-1.,0.));
#7682=DIRECTION('',(0.,0.,-1.));
#7683=DIRECTION('',(1.,0.,0.));
#7684=DIRECTION('',(0.,-1.,0.));
#7685=DIRECTION('',(0.,0.,-1.));
#7686=DIRECTION('',(0.745937661625919,0.,-0.666015769308848));
#7687=DIRECTION('',(0.,-1.,0.));
#7688=DIRECTION('',(0.,0.,-1.));
#7689=DIRECTION('',(0.,0.,1.));
#7690=DIRECTION('',(1.,0.,0.));
#7691=DIRECTION('',(0.,1.,0.));
#7692=DIRECTION('',(1.,0.,0.));
#7693=DIRECTION('',(0.,1.,0.));
#7694=DIRECTION('',(1.,0.,0.));
#7695=DIRECTION('',(0.,0.,1.));
#7696=DIRECTION('',(1.,0.,0.));
#7697=DIRECTION('',(0.,-1.,0.));
#7698=DIRECTION('',(1.,0.,0.));
#7699=DIRECTION('',(0.,1.,0.));
#7700=DIRECTION('',(0.,0.,1.));
#7701=DIRECTION('',(1.,0.,0.));
#7702=DIRECTION('',(0.,1.,0.));
#7703=DIRECTION('',(1.,0.,0.));
#7704=DIRECTION('',(0.,1.,0.));
#7705=DIRECTION('',(1.,0.,0.));
#7706=DIRECTION('',(0.,0.,-1.));
#7707=DIRECTION('',(0.,1.,0.));
#7708=DIRECTION('',(0.,0.,-1.));
#7709=DIRECTION('',(0.,1.,0.));
#7710=DIRECTION('',(0.,0.,-1.));
#7711=DIRECTION('',(0.,0.,1.));
#7712=DIRECTION('',(1.,0.,0.));
#7713=DIRECTION('',(0.,1.,0.));
#7714=DIRECTION('',(1.,0.,0.));
#7715=DIRECTION('',(0.,1.,0.));
#7716=DIRECTION('',(1.,0.,0.));
#7717=DIRECTION('',(0.,1.,0.));
#7718=DIRECTION('',(1.,0.,0.));
#7719=DIRECTION('',(1.,0.,0.));
#7720=DIRECTION('',(1.,0.,0.));
#7721=DIRECTION('',(0.,1.,0.));
#7722=DIRECTION('',(1.,0.,0.));
#7723=DIRECTION('',(-0.658504607868519,0.,0.752576694706878));
#7724=DIRECTION('',(0.752576694706878,0.,0.658504607868519));
#7725=DIRECTION('',(0.752576694706878,0.,0.658504607868519));
#7726=DIRECTION('',(0.,1.,0.));
#7727=DIRECTION('',(0.752576694706878,0.,0.658504607868519));
#7728=DIRECTION('',(0.,1.,0.));
#7729=DIRECTION('',(0.752576694706878,0.,0.658504607868519));
#7730=DIRECTION('',(0.,0.,1.));
#7731=DIRECTION('',(1.,0.,0.));
#7732=DIRECTION('',(1.,0.,0.));
#7733=DIRECTION('',(0.,1.,0.));
#7734=DIRECTION('',(1.,0.,0.));
#7735=DIRECTION('',(0.,1.,0.));
#7736=DIRECTION('',(0.242535625036333,0.,0.970142500145332));
#7737=DIRECTION('',(0.970142500145332,0.,-0.242535625036333));
#7738=DIRECTION('',(0.970142500145332,0.,-0.242535625036333));
#7739=DIRECTION('',(0.,1.,0.));
#7740=DIRECTION('',(0.,1.,0.));
#7741=DIRECTION('',(0.,0.,1.));
#7742=DIRECTION('',(1.,0.,0.));
#7743=DIRECTION('',(1.,0.,0.));
#7744=DIRECTION('',(0.,1.,0.));
#7745=DIRECTION('',(1.,0.,0.));
#7746=DIRECTION('',(0.,1.,0.));
#7747=DIRECTION('',(1.,0.,0.));
#7748=DIRECTION('',(0.,1.,0.));
#7749=DIRECTION('',(1.,0.,0.));
#7750=DIRECTION('',(0.,1.,0.));
#7751=DIRECTION('',(1.,0.,0.));
#7752=DIRECTION('',(1.,0.,0.));
#7753=DIRECTION('',(1.,0.,0.));
#7754=DIRECTION('',(0.,1.,0.));
#7755=DIRECTION('',(-1.,0.,0.));
#7756=DIRECTION('',(0.,1.,0.));
#7757=DIRECTION('',(0.78086880944303,0.,0.624695047554425));
#7758=DIRECTION('',(0.624695047554425,0.,-0.78086880944303));
#7759=DIRECTION('',(0.,1.,0.));
#7760=DIRECTION('',(0.624695047554425,0.,-0.78086880944303));
#7761=DIRECTION('',(0.624695047554425,0.,-0.78086880944303));
#7762=DIRECTION('',(0.,-1.,0.));
#7763=DIRECTION('',(1.,0.,0.));
#7764=DIRECTION('',(-1.,0.,0.));
#7765=DIRECTION('',(8.5035464508667E-17,0.,-1.));
#7766=DIRECTION('',(1.,0.,0.));
#7767=DIRECTION('',(0.,0.,1.));
#7768=DIRECTION('',(0.,-1.,0.));
#7769=DIRECTION('',(0.,0.,-1.));
#7770=DIRECTION('',(0.,-1.,0.));
#7771=DIRECTION('',(0.,0.,-1.));
#7772=DIRECTION('',(1.,0.,2.27504718160889E-16));
#7773=DIRECTION('',(2.27504718160889E-16,0.,-1.));
#7774=DIRECTION('',(0.,0.,1.));
#7775=DIRECTION('',(0.,1.,0.));
#7776=DIRECTION('',(-2.27504718160889E-16,0.,1.));
#7777=DIRECTION('',(0.,1.,0.));
#7778=DIRECTION('',(0.,0.,1.));
#7779=DIRECTION('',(0.,1.,0.));
#7780=DIRECTION('',(1.6326809185664E-14,0.,1.));
#7781=DIRECTION('',(0.,1.,0.));
#7782=DIRECTION('',(0.,0.,1.));
#7783=DIRECTION('',(0.,0.,1.));
#7784=DIRECTION('',(0.,0.,1.));
#7785=DIRECTION('',(0.,1.,0.));
#7786=DIRECTION('',(-1.6326809185664E-14,0.,-1.));
#7787=DIRECTION('',(0.,1.,0.));
#7788=DIRECTION('',(2.27504718160889E-16,0.,-1.));
#7789=DIRECTION('',(0.,1.,0.));
#7790=DIRECTION('',(-2.27504718160889E-16,0.,1.));
#7791=DIRECTION('',(0.,1.,0.));
#7792=DIRECTION('',(-2.27504718160889E-16,0.,1.));
#7793=DIRECTION('',(0.,1.,0.));
#7794=DIRECTION('',(0.,0.,1.));
#7795=DIRECTION('',(0.,0.,1.));
#7796=DIRECTION('',(0.,0.,1.));
#7797=DIRECTION('',(1.,0.,0.));
#7798=DIRECTION('',(1.,0.,0.));
#7799=DIRECTION('',(0.,1.,0.));
#7800=DIRECTION('',(1.,0.,0.));
#7801=DIRECTION('',(0.,1.,0.));
#7802=DIRECTION('',(0.,0.,1.));
#7803=DIRECTION('',(1.,0.,0.));
#7804=DIRECTION('',(0.,1.,0.));
#7805=DIRECTION('',(1.,0.,0.));
#7806=DIRECTION('',(0.,1.,0.));
#7807=DIRECTION('',(1.,0.,0.));
#7808=DIRECTION('',(1.,0.,0.));
#7809=DIRECTION('',(0.,0.,-1.));
#7810=DIRECTION('',(0.,-1.,0.));
#7811=DIRECTION('',(0.,0.,-1.));
#7812=DIRECTION('',(0.,0.,-1.));
#7813=DIRECTION('',(1.,0.,0.));
#7814=DIRECTION('',(0.,0.,-1.));
#7815=DIRECTION('',(0.,0.,-1.));
#7816=DIRECTION('',(1.,0.,0.));
#7817=DIRECTION('',(0.,0.,-1.));
#7818=DIRECTION('',(1.,0.,0.));
#7819=DIRECTION('',(0.,0.,-1.));
#7820=DIRECTION('',(1.,0.,0.));
#7821=DIRECTION('',(0.,0.,-1.));
#7822=DIRECTION('',(0.,0.,-1.));
#7823=DIRECTION('',(0.,-1.,0.));
#7824=DIRECTION('',(0.,0.,-1.));
#7825=DIRECTION('',(1.,0.,0.));
#7826=DIRECTION('',(0.,0.,-1.));
#7827=DIRECTION('',(0.,0.,-1.));
#7828=DIRECTION('',(1.,0.,1.70070929017334E-16));
#7829=DIRECTION('',(1.70070929017334E-16,0.,-1.));
#7830=DIRECTION('',(1.,0.,1.70070929017334E-16));
#7831=DIRECTION('',(1.70070929017334E-16,0.,-1.));
#7832=DIRECTION('',(1.57906893389739E-16,-0.371390676354944,-0.928476690884923));
#7833=DIRECTION('',(0.,1.,0.));
#7834=DIRECTION('',(1.70070929017334E-16,0.,-1.));
#7835=DIRECTION('',(1.,0.,1.70070929017334E-16));
#7836=DIRECTION('',(1.70070929017334E-16,0.,-1.));
#7837=DIRECTION('',(1.70070929017334E-16,0.,-1.));
#7838=DIRECTION('',(1.,0.,-1.70070929017334E-16));
#7839=DIRECTION('',(-1.70070929017334E-16,0.,-1.));
#7840=DIRECTION('',(1.,0.,-1.70070929017334E-16));
#7841=DIRECTION('',(-1.70070929017334E-16,0.,-1.));
#7842=DIRECTION('',(0.,1.,0.));
#7843=DIRECTION('',(1.57906893389739E-16,-0.371390676354944,-0.928476690884923));
#7844=DIRECTION('',(0.,1.,0.));
#7845=DIRECTION('',(-1.70070929017334E-16,0.,-1.));
#7846=DIRECTION('',(1.,0.,-1.70070929017334E-16));
#7847=DIRECTION('',(-1.70070929017334E-16,0.,-1.));
#7848=DIRECTION('',(-1.70070929017334E-16,0.,-1.));
#7849=DIRECTION('',(1.,0.,0.));
#7850=DIRECTION('',(0.,0.,-1.));
#7851=DIRECTION('',(0.,1.,0.));
#7852=DIRECTION('',(0.,0.,-1.));
#7853=DIRECTION('',(0.,-1.,0.));
#7854=DIRECTION('',(0.,0.,-1.));
#7855=DIRECTION('',(-1.,0.,0.));
#7856=DIRECTION('',(0.,0.,1.));
#7857=DIRECTION('',(0.,1.,0.));
#7858=DIRECTION('',(0.,0.,1.));
#7859=DIRECTION('',(-1.,0.,0.));
#7860=DIRECTION('',(0.,0.,1.));
#7861=DIRECTION('',(0.,0.,1.));
#7862=DIRECTION('',(0.,0.,1.));
#7863=DIRECTION('',(-1.,0.,0.));
#7864=DIRECTION('',(0.,0.,1.));
#7865=DIRECTION('',(1.,0.,0.));
#7866=DIRECTION('',(0.,0.,-1.));
#7867=DIRECTION('',(0.,1.,0.));
#7868=DIRECTION('',(0.,0.,-1.));
#7869=DIRECTION('',(0.,1.,0.));
#7870=DIRECTION('',(0.,0.,-1.));
#7871=DIRECTION('',(1.,0.,0.));
#7872=DIRECTION('',(0.,0.,-1.));
#7873=DIRECTION('',(1.,0.,0.));
#7874=DIRECTION('',(0.,0.,-1.));
#7875=DIRECTION('',(0.,0.,-1.));
#7876=DIRECTION('',(0.,-1.,0.));
#7877=DIRECTION('',(0.,0.,-1.));
#7878=DIRECTION('',(1.,0.,0.));
#7879=DIRECTION('',(0.,0.,-1.));
#7880=DIRECTION('',(0.,0.,-1.));
#7881=DIRECTION('',(1.,0.,0.));
#7882=DIRECTION('',(0.,0.,-1.));
#7883=DIRECTION('',(0.,1.,0.));
#7884=DIRECTION('',(0.,0.,-1.));
#7885=DIRECTION('',(0.,1.,0.));
#7886=DIRECTION('',(0.,0.,-1.));
#7887=DIRECTION('',(1.,0.,0.));
#7888=DIRECTION('',(0.,0.,-1.));
#7889=DIRECTION('',(1.,0.,0.));
#7890=DIRECTION('',(0.,0.,-1.));
#7891=DIRECTION('',(0.,0.,-1.));
#7892=DIRECTION('',(0.,-1.,0.));
#7893=DIRECTION('',(0.,0.,-1.));
#7894=DIRECTION('',(1.,0.,0.));
#7895=DIRECTION('',(0.,0.,-1.));
#7896=DIRECTION('',(0.,0.,-1.));
#7897=DIRECTION('',(0.,-1.,0.));
#7898=DIRECTION('',(1.,0.,0.));
#7899=DIRECTION('',(0.,0.,1.));
#7900=DIRECTION('',(1.,0.,0.));
#7901=DIRECTION('',(0.,0.,1.));
#7902=DIRECTION('',(1.,0.,0.));
#7903=DIRECTION('',(0.,-1.,0.));
#7904=DIRECTION('',(1.,0.,0.));
#7905=DIRECTION('',(1.6326809185664E-14,0.,1.));
#7906=DIRECTION('',(-1.,0.,1.6326809185664E-14));
#7907=DIRECTION('',(-1.6326809185664E-14,0.,-1.));
#7908=DIRECTION('',(-1.,0.,1.6326809185664E-14));
#7909=DIRECTION('',(-1.,0.,0.));
#7910=DIRECTION('',(0.,0.,1.));
#7911=DIRECTION('',(0.,0.,1.));
#7912=DIRECTION('',(0.,1.,0.));
#7913=DIRECTION('',(0.,1.,0.));
#7914=DIRECTION('',(0.,1.,0.));
#7915=DIRECTION('',(0.,0.,-1.));
#7916=DIRECTION('',(0.,1.,0.));
#7917=DIRECTION('',(0.,0.,1.));
#7918=DIRECTION('',(0.,0.,1.));
#7919=DIRECTION('',(0.,0.,1.));
#7920=DIRECTION('',(1.,0.,0.));
#7921=DIRECTION('',(1.,0.,0.));
#7922=DIRECTION('',(0.,1.,0.));
#7923=DIRECTION('',(-1.,0.,0.));
#7924=DIRECTION('',(0.,1.,0.));
#7925=DIRECTION('',(1.,0.,0.));
#7926=DIRECTION('',(1.,0.,0.));
#7927=DIRECTION('',(-1.,0.,0.));
#7928=DIRECTION('',(0.,0.,1.));
#7929=DIRECTION('',(0.,1.,0.));
#7930=DIRECTION('',(0.,0.371390676354945,0.928476690884923));
#7931=DIRECTION('',(0.,0.,1.));
#7932=DIRECTION('',(-1.,0.,0.));
#7933=DIRECTION('',(0.,0.,1.));
#7934=DIRECTION('',(-1.,0.,0.));
#7935=DIRECTION('',(0.,0.,1.));
#7936=DIRECTION('',(-1.6326809185664E-14,0.,-1.));
#7937=DIRECTION('',(-1.,0.,1.6326809185664E-14));
#7938=DIRECTION('',(1.6326809185664E-14,0.,1.));
#7939=DIRECTION('',(1.,0.,-1.6326809185664E-14));
#7940=DIRECTION('',(-0.92847669088527,0.371390676354077,1.51590617654206E-14));
#7941=DIRECTION('',(0.,1.,0.));
#7942=DIRECTION('',(1.6326809185664E-14,0.,1.));
#7943=DIRECTION('',(1.,0.,-1.6326809185664E-14));
#7944=DIRECTION('',(-1.,0.,1.6326809185664E-14));
#7945=DIRECTION('',(0.,-1.,0.));
#7946=DIRECTION('',(1.,0.,0.));
#7947=DIRECTION('',(0.,-1.,0.));
#7948=DIRECTION('',(0.,0.,-1.));
#7949=DIRECTION('',(0.,-1.,0.));
#7950=DIRECTION('',(0.,0.,-1.));
#7951=DIRECTION('',(1.6326809185664E-14,0.,1.));
#7952=DIRECTION('',(-0.5,0.,-0.866025403784439));
#7953=DIRECTION('',(-1.,0.,0.));
#7954=DIRECTION('',(-0.5,0.,0.866025403784439));
#7955=DIRECTION('',(0.,-1.,0.));
#7956=DIRECTION('',(0.,0.,-1.));
#7957=DIRECTION('',(0.866025403784439,0.,-0.5));
#7958=DIRECTION('',(0.,0.,-1.));
#7959=DIRECTION('',(-0.866025403784439,0.,-0.5));
#7960=DIRECTION('',(1.,0.,0.));
#7961=DIRECTION('',(0.,-1.,0.));
#7962=DIRECTION('',(1.,0.,0.));
#7963=DIRECTION('',(0.5,0.,-0.86602540378444));
#7964=DIRECTION('',(1.,0.,0.));
#7965=DIRECTION('',(0.5,0.,0.866025403784439));
#7966=DIRECTION('',(-0.5,0.,0.866025403784438));
#7967=DIRECTION('',(-1.,0.,0.));
#7968=DIRECTION('',(-0.5,0.,-0.866025403784437));
#7969=DIRECTION('',(0.,-1.,0.));
#7970=DIRECTION('',(0.,0.,-1.));
#7971=DIRECTION('',(0.,-1.,0.));
#7972=DIRECTION('',(1.,0.,0.));
#7973=DIRECTION('',(1.,0.,1.70070929017334E-16));
#7974=DIRECTION('',(0.,-1.,0.));
#7975=DIRECTION('',(0.,0.,-1.));
#7976=DIRECTION('',(1.70070929017334E-16,0.,-1.));
#7977=DIRECTION('',(1.,0.,1.70070929017334E-16));
#7978=DIRECTION('',(0.,-1.,0.));
#7979=DIRECTION('',(1.,0.,0.));
#7980=DIRECTION('',(0.,0.,1.));
#7981=DIRECTION('',(0.,-1.,0.));
#7982=DIRECTION('',(0.,0.,-1.));
#7983=DIRECTION('',(1.,0.,0.));
#7984=DIRECTION('',(0.,0.,1.));
#7985=DIRECTION('',(-1.,0.,0.));
#7986=DIRECTION('',(0.,0.,1.));
#7987=DIRECTION('',(1.,0.,0.));
#7988=DIRECTION('',(1.,0.,1.70070929017334E-16));
#7989=DIRECTION('',(0.,1.,0.));
#7990=DIRECTION('',(1.,0.,0.));
#7991=DIRECTION('',(-1.,0.,0.));
#7992=DIRECTION('',(0.,0.,1.));
#7993=DIRECTION('',(1.,0.,0.));
#7994=DIRECTION('',(0.,0.,-1.));
#7995=DIRECTION('',(0.,0.371390676354945,0.928476690884923));
#7996=DIRECTION('',(0.,1.,0.));
#7997=DIRECTION('',(1.,0.,0.));
#7998=DIRECTION('',(0.,0.,-1.));
#7999=DIRECTION('',(0.,0.,1.));
#8000=DIRECTION('',(-0.658504607868518,0.,0.752576694706878));
#8001=DIRECTION('',(0.752576694706878,0.,0.658504607868518));
#8002=DIRECTION('',(-0.752576694706878,0.,-0.658504607868518));
#8003=DIRECTION('',(0.,1.,0.));
#8004=DIRECTION('',(0.752576694706878,0.,0.658504607868518));
#8005=DIRECTION('',(0.,1.,0.));
#8006=DIRECTION('',(0.,0.,1.));
#8007=DIRECTION('',(1.,0.,0.));
#8008=DIRECTION('',(-1.,0.,0.));
#8009=DIRECTION('',(0.,1.,0.));
#8010=DIRECTION('',(1.,0.,0.));
#8011=DIRECTION('',(1.,0.,0.));
#8012=DIRECTION('',(0.,1.,0.));
#8013=DIRECTION('',(0.,-1.,0.));
#8014=DIRECTION('',(1.,0.,0.));
#8015=DIRECTION('',(0.,-1.,0.));
#8016=DIRECTION('',(0.,0.,-1.));
#8017=DIRECTION('',(0.,-1.,0.));
#8018=DIRECTION('',(0.,0.,-1.));
#8019=DIRECTION('',(0.866025403784439,0.,-0.5));
#8020=DIRECTION('',(1.36574054430651E-16,0.,-1.));
#8021=DIRECTION('',(-0.866025403784439,0.,-0.5));
#8022=DIRECTION('',(1.,0.,1.70070929017334E-16));
#8023=DIRECTION('',(0.,-1.,0.));
#8024=DIRECTION('',(0.,0.,-1.));
#8025=DIRECTION('',(0.,-1.,0.));
#8026=DIRECTION('',(0.,0.,-1.));
#8027=DIRECTION('',(1.,0.,0.));
#8028=DIRECTION('',(-0.866025403784439,0.,0.5));
#8029=DIRECTION('',(0.,0.,1.));
#8030=DIRECTION('',(0.866025403784439,0.,0.5));
#8031=DIRECTION('',(0.,-1.,0.));
#8032=DIRECTION('',(1.,0.,0.));
#8033=DIRECTION('',(0.866025403784438,0.,0.5));
#8034=DIRECTION('',(0.,0.,1.));
#8035=DIRECTION('',(-0.866025403784439,0.,0.5));
#8036=DIRECTION('',(-0.866025403784439,0.,-0.5));
#8037=DIRECTION('',(0.,0.,-1.));
#8038=DIRECTION('',(0.866025403784439,0.,-0.5));
#8039=DIRECTION('',(0.,-1.,0.));
#8040=DIRECTION('',(0.,0.,-1.));
#8041=DIRECTION('',(0.,-1.,0.));
#8042=DIRECTION('',(1.,0.,0.));
#8043=DIRECTION('',(0.,-1.,0.));
#8044=DIRECTION('',(0.,0.,-1.));
#8045=DIRECTION('',(0.,0.,1.));
#8046=DIRECTION('',(1.,0.,0.));
#8047=DIRECTION('',(0.,0.,1.));
#8048=DIRECTION('',(1.,0.,0.));
#8049=DIRECTION('',(0.,-1.,0.));
#8050=DIRECTION('',(1.,0.,0.));
#8051=DIRECTION('',(1.,0.,1.70070929017334E-16));
#8052=DIRECTION('',(-1.,0.,-1.70070929017334E-16));
#8053=DIRECTION('',(1.70070929017334E-16,0.,-1.));
#8054=DIRECTION('',(0.,-1.,0.));
#8055=DIRECTION('',(0.,0.,-1.));
#8056=DIRECTION('',(0.242535625036333,0.,0.970142500145332));
#8057=DIRECTION('',(0.970142500145332,0.,-0.242535625036333));
#8058=DIRECTION('',(-0.970142500145332,0.,0.242535625036333));
#8059=DIRECTION('',(0.,1.,0.));
#8060=DIRECTION('',(0.970142500145332,0.,-0.242535625036333));
#8061=DIRECTION('',(0.,1.,0.));
#8062=DIRECTION('',(0.,0.,1.));
#8063=DIRECTION('',(1.,0.,0.));
#8064=DIRECTION('',(-1.,0.,0.));
#8065=DIRECTION('',(0.,1.,0.));
#8066=DIRECTION('',(1.,0.,0.));
#8067=DIRECTION('',(1.,0.,0.));
#8068=DIRECTION('',(0.,1.,0.));
#8069=DIRECTION('',(-1.,0.,0.));
#8070=DIRECTION('',(0.,0.,1.));
#8071=DIRECTION('',(0.,1.,0.));
#8072=DIRECTION('',(0.,-0.371390676355925,-0.928476690884531));
#8073=DIRECTION('',(0.,0.,1.));
#8074=DIRECTION('',(-1.,0.,0.));
#8075=DIRECTION('',(0.,0.,1.));
#8076=DIRECTION('',(-1.,0.,0.));
#8077=DIRECTION('',(0.,0.,1.));
#8078=DIRECTION('',(0.,-1.,0.));
#8079=DIRECTION('',(1.,0.,0.));
#8080=DIRECTION('',(0.,-1.,0.));
#8081=DIRECTION('',(0.,0.,-1.));
#8082=DIRECTION('',(0.866025403784439,0.,-0.5));
#8083=DIRECTION('',(0.,0.,-1.));
#8084=DIRECTION('',(-0.866025403784439,0.,-0.5));
#8085=DIRECTION('',(1.,0.,0.));
#8086=DIRECTION('',(0.,-1.,0.));
#8087=DIRECTION('',(0.,0.,-1.));
#8088=DIRECTION('',(0.,-1.,0.));
#8089=DIRECTION('',(0.,0.,-1.));
#8090=DIRECTION('',(1.,0.,1.70070929017334E-16));
#8091=DIRECTION('',(-0.866025403784439,0.,0.5));
#8092=DIRECTION('',(0.,0.,1.));
#8093=DIRECTION('',(0.866025403784439,0.,0.5));
#8094=DIRECTION('',(0.,-1.,0.));
#8095=DIRECTION('',(0.,0.,-1.));
#8096=DIRECTION('',(0.,-1.,0.));
#8097=DIRECTION('',(1.,0.,0.));
#8098=DIRECTION('',(0.866025403784439,0.,0.5));
#8099=DIRECTION('',(-1.36574054430651E-16,0.,1.));
#8100=DIRECTION('',(-0.866025403784439,0.,0.5));
#8101=DIRECTION('',(0.,-1.,0.));
#8102=DIRECTION('',(0.,0.,-1.));
#8103=DIRECTION('',(-0.866025403784439,0.,-0.5));
#8104=DIRECTION('',(0.,0.,-1.));
#8105=DIRECTION('',(0.866025403784439,0.,-0.5));
#8106=DIRECTION('',(0.,-1.,0.));
#8107=DIRECTION('',(0.,0.,-1.));
#8108=DIRECTION('',(0.,-1.,0.));
#8109=DIRECTION('',(1.,0.,0.));
#8110=DIRECTION('',(0.,0.,1.));
#8111=DIRECTION('',(1.,0.,0.));
#8112=DIRECTION('',(0.,0.,1.));
#8113=DIRECTION('',(1.,0.,0.));
#8114=DIRECTION('',(0.,-1.,0.));
#8115=DIRECTION('',(1.,0.,0.));
#8116=DIRECTION('',(1.,0.,0.));
#8117=DIRECTION('',(0.,0.,1.));
#8118=DIRECTION('',(-1.,0.,0.));
#8119=DIRECTION('',(0.,0.,1.));
#8120=DIRECTION('',(0.,-1.,0.));
#8121=DIRECTION('',(0.,0.,-1.));
#8122=DIRECTION('',(0.78086880944303,0.,0.624695047554425));
#8123=DIRECTION('',(0.624695047554425,0.,-0.78086880944303));
#8124=DIRECTION('',(-0.624695047554425,0.,0.78086880944303));
#8125=DIRECTION('',(0.,1.,0.));
#8126=DIRECTION('',(0.624695047554425,0.,-0.78086880944303));
#8127=DIRECTION('',(0.,1.,0.));
#8128=DIRECTION('',(0.,0.,1.));
#8129=DIRECTION('',(1.,0.,0.));
#8130=DIRECTION('',(-1.,0.,0.));
#8131=DIRECTION('',(0.,1.,0.));
#8132=DIRECTION('',(1.,0.,0.));
#8133=DIRECTION('',(1.,0.,0.));
#8134=DIRECTION('',(1.,0.,0.));
#8135=DIRECTION('',(0.,1.,0.));
#8136=DIRECTION('',(-1.,0.,0.));
#8137=DIRECTION('',(0.,0.,1.));
#8138=DIRECTION('',(0.,1.,0.));
#8139=DIRECTION('',(0.,-0.371390676355925,-0.928476690884531));
#8140=DIRECTION('',(0.,0.,1.));
#8141=DIRECTION('',(-1.,0.,0.));
#8142=DIRECTION('',(0.,0.,1.));
#8143=DIRECTION('',(-1.,0.,0.));
#8144=DIRECTION('',(0.,0.,1.));
#8145=DIRECTION('',(-1.,0.,0.));
#8146=DIRECTION('',(0.,0.,1.));
#8147=DIRECTION('',(1.,0.,0.));
#8148=DIRECTION('',(0.,0.,-1.));
#8149=DIRECTION('',(0.,-0.371390676355925,-0.928476690884531));
#8150=DIRECTION('',(0.,1.,0.));
#8151=DIRECTION('',(1.,0.,0.));
#8152=DIRECTION('',(0.,0.,-1.));
#8153=DIRECTION('',(0.,0.,1.));
#8154=DIRECTION('',(0.,1.,0.));
#8155=DIRECTION('',(0.,-1.,0.));
#8156=DIRECTION('',(1.,0.,0.));
#8157=DIRECTION('',(0.,-1.,0.));
#8158=DIRECTION('',(0.,0.,-1.));
#8159=DIRECTION('',(0.866025403784439,0.,-0.5));
#8160=DIRECTION('',(0.,0.,-1.));
#8161=DIRECTION('',(-0.866025403784439,0.,-0.5));
#8162=DIRECTION('',(1.,0.,0.));
#8163=DIRECTION('',(0.,-1.,0.));
#8164=DIRECTION('',(0.,0.,-1.));
#8165=DIRECTION('',(1.,0.,0.));
#8166=DIRECTION('',(-0.866025403784438,0.,0.5));
#8167=DIRECTION('',(0.,0.,1.));
#8168=DIRECTION('',(0.866025403784439,0.,0.5));
#8169=DIRECTION('',(0.,-1.,0.));
#8170=DIRECTION('',(0.,0.,-1.));
#8171=DIRECTION('',(0.,-1.,0.));
#8172=DIRECTION('',(1.,0.,0.));
#8173=DIRECTION('',(0.866025403784439,0.,0.5));
#8174=DIRECTION('',(0.,0.,1.));
#8175=DIRECTION('',(-0.866025403784439,0.,0.5));
#8176=DIRECTION('',(0.,-1.,0.));
#8177=DIRECTION('',(0.,0.,-1.));
#8178=DIRECTION('',(-0.866025403784439,0.,-0.5));
#8179=DIRECTION('',(0.,0.,-1.));
#8180=DIRECTION('',(0.866025403784439,0.,-0.5));
#8181=DIRECTION('',(0.,-1.,0.));
#8182=DIRECTION('',(0.,0.,-1.));
#8183=DIRECTION('',(0.,-1.,0.));
#8184=DIRECTION('',(1.,0.,0.));
#8185=DIRECTION('',(-1.,0.,1.6326809185664E-14));
#8186=DIRECTION('',(1.6326809185664E-14,0.,1.));
#8187=DIRECTION('',(-1.,0.,0.));
#8188=DIRECTION('',(1.6326809185664E-14,0.,1.));
#8189=DIRECTION('',(0.,-1.,0.));
#8190=DIRECTION('',(1.,0.,0.));
#8191=DIRECTION('',(1.,0.,0.));
#8192=DIRECTION('',(0.,0.,1.));
#8193=DIRECTION('',(-1.,0.,0.));
#8194=DIRECTION('',(0.,0.,1.));
#8195=DIRECTION('',(1.,0.,0.));
#8196=DIRECTION('',(0.,0.,-1.));
#8197=DIRECTION('',(0.,1.,0.));
#8198=DIRECTION('',(0.,0.,1.));
#8199=DIRECTION('',(0.,1.,0.));
#8200=DIRECTION('',(0.,1.,0.));
#8201=DIRECTION('',(0.,0.,-1.));
#8202=DIRECTION('',(0.,1.,0.));
#8203=DIRECTION('',(0.,1.73426139632387E-29,1.));
#8204=DIRECTION('',(-0.666015769308848,0.,0.745937661625918));
#8205=DIRECTION('',(0.745937661625918,0.,0.666015769308848));
#8206=DIRECTION('',(0.,1.,0.));
#8207=DIRECTION('',(0.745937661625918,0.,0.666015769308848));
#8208=DIRECTION('',(0.,1.,0.));
#8209=DIRECTION('',(0.,0.,1.));
#8210=DIRECTION('',(1.,0.,0.));
#8211=DIRECTION('',(1.,0.,0.));
#8212=DIRECTION('',(0.,1.,0.));
#8213=DIRECTION('',(0.,1.,0.));
#8214=DIRECTION('',(0.666015769308848,0.,0.745937661625919));
#8215=DIRECTION('',(0.745937661625919,0.,-0.666015769308848));
#8216=DIRECTION('',(0.,1.,0.));
#8217=DIRECTION('',(0.745937661625919,0.,-0.666015769308848));
#8218=DIRECTION('',(0.,1.,0.));
#8219=DIRECTION('',(0.,0.,-1.));
#8220=DIRECTION('',(-1.,0.,0.));
#8221=DIRECTION('',(0.,1.,0.));
#8222=DIRECTION('',(-0.92847669088527,0.371390676354077,1.51590617654206E-14));
#8223=DIRECTION('',(-1.,0.,0.));
#8224=DIRECTION('',(0.,0.,-1.));
#8225=DIRECTION('',(-1.,0.,0.));
#8226=DIRECTION('',(0.,0.,-1.));
#8227=DIRECTION('',(-1.,0.,0.));
#8228=DIRECTION('',(0.666015769308848,0.,0.745937661625919));
#8229=DIRECTION('',(0.745937661625919,0.,-0.666015769308848));
#8230=DIRECTION('',(0.,1.,0.));
#8231=DIRECTION('',(0.745937661625919,0.,-0.666015769308848));
#8232=DIRECTION('',(0.,1.,0.));
#8233=DIRECTION('',(0.745937661625919,0.,-0.666015769308848));
#8234=DIRECTION('',(0.,0.,1.));
#8235=DIRECTION('',(1.,0.,0.));
#8236=DIRECTION('',(0.,1.,0.));
#8237=DIRECTION('',(1.,0.,0.));
#8238=DIRECTION('',(0.,1.,0.));
#8239=DIRECTION('',(1.,0.,0.));
#8240=DIRECTION('',(-0.666015769308848,0.,0.745937661625919));
#8241=DIRECTION('',(0.745937661625919,0.,0.666015769308848));
#8242=DIRECTION('',(0.,1.,0.));
#8243=DIRECTION('',(0.745937661625919,0.,0.666015769308848));
#8244=DIRECTION('',(0.,1.,0.));
#8245=DIRECTION('',(0.745937661625919,0.,0.666015769308848));
#8246=DIRECTION('',(1.,0.,0.));
#8247=DIRECTION('',(0.,0.,-1.));
#8248=DIRECTION('',(0.,0.,-1.));
#8249=DIRECTION('',(0.,1.,0.));
#8250=DIRECTION('',(0.,0.,-1.));
#8251=DIRECTION('',(0.,1.,0.));
#8252=DIRECTION('',(0.,0.,-1.));
#8253=DIRECTION('',(0.,1.,0.));
#8254=DIRECTION('',(-1.,0.,0.));
#8255=DIRECTION('',(0.,0.,1.));
#8256=DIRECTION('',(1.,0.,0.));
#8257=DIRECTION('',(0.,0.,-1.));
#8258=DIRECTION('',(0.,-0.371390676355925,-0.928476690884531));
#8259=DIRECTION('',(0.,1.,0.));
#8260=DIRECTION('',(1.,0.,0.));
#8261=DIRECTION('',(0.,0.,-1.));
#8262=DIRECTION('',(0.,0.,1.));
#8263=DIRECTION('',(0.,-1.,0.));
#8264=DIRECTION('',(1.,0.,0.));
#8265=DIRECTION('',(0.,-1.,0.));
#8266=DIRECTION('',(0.,0.,-1.));
#8267=DIRECTION('',(0.,-1.,0.));
#8268=DIRECTION('',(0.,0.,-1.));
#8269=DIRECTION('',(0.,-1.,0.));
#8270=DIRECTION('',(0.,0.,-1.));
#8271=DIRECTION('',(0.,-1.,0.));
#8272=DIRECTION('',(0.,0.,-1.));
#8273=DIRECTION('',(1.,0.,0.));
#8274=DIRECTION('',(-0.866025403784438,0.,0.5));
#8275=DIRECTION('',(0.,0.,1.));
#8276=DIRECTION('',(0.866025403784439,0.,0.5));
#8277=DIRECTION('',(0.,-1.,0.));
#8278=DIRECTION('',(0.,0.,-1.));
#8279=DIRECTION('',(0.,-1.,0.));
#8280=DIRECTION('',(0.,0.,-1.));
#8281=DIRECTION('',(0.,-1.,0.));
#8282=DIRECTION('',(0.,0.,-1.));
#8283=DIRECTION('',(0.,-1.,0.));
#8284=DIRECTION('',(0.,0.,-1.));
#8285=DIRECTION('',(0.,-1.,0.));
#8286=DIRECTION('',(0.,0.,-1.));
#8287=DIRECTION('',(0.5,0.,0.866025403784437));
#8288=DIRECTION('',(1.,0.,0.));
#8289=DIRECTION('',(0.5,0.,-0.866025403784439));
#8290=DIRECTION('',(1.6326809185664E-14,0.,1.));
#8291=DIRECTION('',(0.,-1.,0.));
#8292=DIRECTION('',(0.,0.,-1.));
#8293=DIRECTION('',(0.,-1.,0.));
#8294=DIRECTION('',(0.,0.,-1.));
#8295=DIRECTION('',(0.,-1.,0.));
#8296=DIRECTION('',(0.,0.,-1.));
#8297=DIRECTION('',(0.,-1.,0.));
#8298=DIRECTION('',(0.,0.,-1.));
#8299=DIRECTION('',(0.,-1.,0.));
#8300=DIRECTION('',(1.,0.,0.));
#8301=DIRECTION('',(0.866025403784438,0.,0.5));
#8302=DIRECTION('',(0.,0.,1.));
#8303=DIRECTION('',(-0.866025403784438,0.,0.5));
#8304=DIRECTION('',(-0.866025403784439,0.,-0.5));
#8305=DIRECTION('',(0.,0.,-1.));
#8306=DIRECTION('',(0.866025403784438,0.,-0.5));
#8307=DIRECTION('',(0.,-1.,0.));
#8308=DIRECTION('',(0.,0.,-1.));
#8309=DIRECTION('',(0.,-1.,0.));
#8310=DIRECTION('',(1.,0.,0.));
#8311=DIRECTION('',(0.,-1.,0.));
#8312=DIRECTION('',(0.,0.,-1.));
#8313=DIRECTION('',(-1.,0.,0.));
#8314=DIRECTION('',(0.,-1.,0.));
#8315=DIRECTION('',(0.,0.,-1.));
#8316=DIRECTION('',(0.,-1.,0.));
#8317=DIRECTION('',(0.,0.,-1.));
#8318=DIRECTION('',(0.,-1.,0.));
#8319=DIRECTION('',(0.,0.,-1.));
#8320=DIRECTION('',(0.,-1.,0.));
#8321=DIRECTION('',(0.,0.,-1.));
#8322=DIRECTION('',(0.,-1.,0.));
#8323=DIRECTION('',(0.,0.,-1.));
#8324=DIRECTION('',(0.,-1.,0.));
#8325=DIRECTION('',(0.,0.,-1.));
#8326=DIRECTION('',(0.,-1.,0.));
#8327=DIRECTION('',(0.,0.,-1.));
#8328=DIRECTION('',(0.,-1.,0.));
#8329=DIRECTION('',(0.,0.,-1.));
#8330=DIRECTION('',(0.,-1.,0.));
#8331=DIRECTION('',(0.,0.,-1.));
#8332=DIRECTION('',(0.,-1.,0.));
#8333=DIRECTION('',(0.,0.,-1.));
#8334=DIRECTION('',(0.,-1.,0.));
#8335=DIRECTION('',(0.,0.,-1.));
#8336=DIRECTION('',(0.,-1.,0.));
#8337=DIRECTION('',(0.,0.,-1.));
#8338=DIRECTION('',(0.,-1.,0.));
#8339=DIRECTION('',(0.,0.,-1.));
#8340=DIRECTION('',(0.,-1.,0.));
#8341=DIRECTION('',(0.,0.,-1.));
#8342=DIRECTION('',(0.,-1.,0.));
#8343=DIRECTION('',(0.,0.,-1.));
#8344=DIRECTION('',(0.,-1.,0.));
#8345=DIRECTION('',(0.,0.,-1.));
#8346=DIRECTION('',(0.,-1.,0.));
#8347=DIRECTION('',(0.,0.,-1.));
#8348=DIRECTION('',(0.,-1.,0.));
#8349=DIRECTION('',(0.,0.,-1.));
#8350=DIRECTION('',(0.,-1.,0.));
#8351=DIRECTION('',(0.,0.,-1.));
#8352=DIRECTION('',(0.,-1.,0.));
#8353=DIRECTION('',(0.,0.,-1.));
#8354=DIRECTION('',(0.,-1.,0.));
#8355=DIRECTION('',(0.,0.,-1.));
#8356=DIRECTION('',(0.,-1.,0.));
#8357=DIRECTION('',(0.,0.,-1.));
#8358=DIRECTION('',(0.,-1.,0.));
#8359=DIRECTION('',(0.,0.,-1.));
#8360=DIRECTION('',(0.,-1.,0.));
#8361=DIRECTION('',(0.,0.,-1.));
#8362=DIRECTION('',(0.,-1.,0.));
#8363=DIRECTION('',(0.,0.,-1.));
#8364=DIRECTION('',(0.,-1.,0.));
#8365=DIRECTION('',(0.,0.,-1.));
#8366=DIRECTION('',(0.,-1.,0.));
#8367=DIRECTION('',(0.,0.,-1.));
#8368=DIRECTION('',(0.,-1.,0.));
#8369=DIRECTION('',(0.,0.,-1.));
#8370=DIRECTION('',(0.,-1.,0.));
#8371=DIRECTION('',(0.,0.,-1.));
#8372=DIRECTION('',(0.,-1.,0.));
#8373=DIRECTION('',(0.,0.,-1.));
#8374=DIRECTION('',(0.,-1.,0.));
#8375=DIRECTION('',(0.,0.,-1.));
#8376=DIRECTION('',(0.,-1.,0.));
#8377=DIRECTION('',(0.,0.,-1.));
#8378=DIRECTION('',(0.,-1.,0.));
#8379=DIRECTION('',(0.,0.,-1.));
#8380=DIRECTION('',(0.,-1.,0.));
#8381=DIRECTION('',(0.,0.,-1.));
#8382=DIRECTION('',(0.,-1.,0.));
#8383=DIRECTION('',(0.,0.,-1.));
#8384=DIRECTION('',(0.,-1.,0.));
#8385=DIRECTION('',(0.,0.,-1.));
#8386=DIRECTION('',(0.,-1.,0.));
#8387=DIRECTION('',(0.,0.,-1.));
#8388=DIRECTION('',(0.,-1.,0.));
#8389=DIRECTION('',(0.,0.,-1.));
#8390=DIRECTION('',(0.,-1.,0.));
#8391=DIRECTION('',(0.,0.,-1.));
#8392=DIRECTION('',(0.,-1.,0.));
#8393=DIRECTION('',(0.,0.,-1.));
#8394=DIRECTION('',(0.,-1.,0.));
#8395=DIRECTION('',(0.,0.,-1.));
#8396=DIRECTION('',(0.,-1.,0.));
#8397=DIRECTION('',(0.,0.,-1.));
#8398=DIRECTION('',(0.,-1.,0.));
#8399=DIRECTION('',(0.,0.,-1.));
#8400=DIRECTION('',(0.,-1.,0.));
#8401=DIRECTION('',(0.,0.,-1.));
#8402=DIRECTION('',(0.,-1.,0.));
#8403=DIRECTION('',(0.,0.,-1.));
#8404=DIRECTION('',(0.,-1.,0.));
#8405=DIRECTION('',(0.,0.,-1.));
#8406=DIRECTION('',(0.,-1.,0.));
#8407=DIRECTION('',(0.,0.,-1.));
#8408=DIRECTION('',(0.,-1.,0.));
#8409=DIRECTION('',(0.,0.,-1.));
#8410=DIRECTION('',(0.,-1.,0.));
#8411=DIRECTION('',(0.,0.,-1.));
#8412=DIRECTION('',(0.,-1.,0.));
#8413=DIRECTION('',(0.,0.,-1.));
#8414=DIRECTION('',(0.,-1.,0.));
#8415=DIRECTION('',(0.,0.,-1.));
#8416=DIRECTION('',(0.,-1.,0.));
#8417=DIRECTION('',(0.,0.,-1.));
#8418=DIRECTION('',(0.,-1.,0.));
#8419=DIRECTION('',(0.,0.,-1.));
#8420=DIRECTION('',(0.,-1.,0.));
#8421=DIRECTION('',(0.,0.,-1.));
#8422=DIRECTION('',(0.,-1.,0.));
#8423=DIRECTION('',(0.,0.,-1.));
#8424=DIRECTION('',(0.,1.,0.));
#8425=DIRECTION('',(0.,0.,1.));
#8426=DIRECTION('',(0.,-1.,0.));
#8427=DIRECTION('',(0.,0.,-1.));
#8428=DIRECTION('',(0.,-1.,0.));
#8429=DIRECTION('',(1.,0.,0.));
#8430=DIRECTION('',(0.,1.,0.));
#8431=DIRECTION('',(0.,0.,1.));
#8432=DIRECTION('',(0.,-1.,0.));
#8433=DIRECTION('',(0.,0.,-1.));
#8434=DIRECTION('',(0.,-1.,0.));
#8435=DIRECTION('',(1.,0.,0.));
#8436=DIRECTION('',(0.,1.,0.));
#8437=DIRECTION('',(0.,0.,1.));
#8438=DIRECTION('',(0.,-1.,0.));
#8439=DIRECTION('',(0.,0.,-1.));
#8440=DIRECTION('',(0.,-1.,0.));
#8441=DIRECTION('',(1.,0.,0.));
#8442=DIRECTION('',(0.,1.,0.));
#8443=DIRECTION('',(0.,0.,1.));
#8444=DIRECTION('',(0.,-1.,0.));
#8445=DIRECTION('',(0.,0.,-1.));
#8446=DIRECTION('',(0.,-1.,0.));
#8447=DIRECTION('',(1.,0.,0.));
#8448=DIRECTION('',(0.,1.,0.));
#8449=DIRECTION('',(0.,0.,1.));
#8450=DIRECTION('',(0.,-1.,0.));
#8451=DIRECTION('',(0.,0.,-1.));
#8452=DIRECTION('',(0.,-1.,0.));
#8453=DIRECTION('',(1.,0.,0.));
#8454=DIRECTION('',(0.,1.,0.));
#8455=DIRECTION('',(0.,0.,1.));
#8456=DIRECTION('',(0.,-1.,0.));
#8457=DIRECTION('',(0.,0.,-1.));
#8458=DIRECTION('',(0.,-1.,0.));
#8459=DIRECTION('',(1.,0.,0.));
#8460=DIRECTION('',(0.,1.,0.));
#8461=DIRECTION('',(0.,0.,1.));
#8462=DIRECTION('',(0.,-1.,0.));
#8463=DIRECTION('',(0.,0.,-1.));
#8464=DIRECTION('',(0.,-1.,0.));
#8465=DIRECTION('',(1.,0.,0.));
#8466=DIRECTION('',(0.,1.,0.));
#8467=DIRECTION('',(0.,0.,1.));
#8468=DIRECTION('',(0.,-1.,0.));
#8469=DIRECTION('',(0.,0.,-1.));
#8470=DIRECTION('',(0.,-1.,0.));
#8471=DIRECTION('',(1.,0.,0.));
#8472=DIRECTION('',(0.,1.,0.));
#8473=DIRECTION('',(0.,0.,1.));
#8474=DIRECTION('',(0.,-1.,0.));
#8475=DIRECTION('',(0.,0.,-1.));
#8476=DIRECTION('',(0.,-1.,0.));
#8477=DIRECTION('',(1.,0.,0.));
#8478=DIRECTION('',(0.,1.,0.));
#8479=DIRECTION('',(0.,0.,1.));
#8480=DIRECTION('',(0.,-1.,0.));
#8481=DIRECTION('',(0.,0.,-1.));
#8482=DIRECTION('',(0.,-1.,0.));
#8483=DIRECTION('',(1.,0.,0.));
#8484=DIRECTION('',(0.,1.,0.));
#8485=DIRECTION('',(0.,0.,1.));
#8486=DIRECTION('',(0.,-1.,0.));
#8487=DIRECTION('',(0.,0.,-1.));
#8488=DIRECTION('',(0.,-1.,0.));
#8489=DIRECTION('',(1.,0.,0.));
#8490=DIRECTION('',(0.,1.,0.));
#8491=DIRECTION('',(0.,0.,1.));
#8492=DIRECTION('',(0.,-1.,0.));
#8493=DIRECTION('',(0.,0.,-1.));
#8494=DIRECTION('',(0.,-1.,0.));
#8495=DIRECTION('',(1.,0.,0.));
#8496=DIRECTION('',(0.,1.,0.));
#8497=DIRECTION('',(0.,0.,1.));
#8498=DIRECTION('',(0.,-1.,0.));
#8499=DIRECTION('',(0.,0.,-1.));
#8500=DIRECTION('',(0.,-1.,0.));
#8501=DIRECTION('',(1.,0.,0.));
#8502=DIRECTION('',(0.,1.,0.));
#8503=DIRECTION('',(0.,0.,1.));
#8504=DIRECTION('',(0.,-1.,0.));
#8505=DIRECTION('',(0.,0.,-1.));
#8506=DIRECTION('',(0.,-1.,0.));
#8507=DIRECTION('',(1.,0.,0.));
#8508=DIRECTION('',(0.,1.,0.));
#8509=DIRECTION('',(0.,0.,1.));
#8510=DIRECTION('',(0.,-1.,0.));
#8511=DIRECTION('',(0.,0.,-1.));
#8512=DIRECTION('',(0.,-1.,0.));
#8513=DIRECTION('',(1.,0.,0.));
#8514=DIRECTION('',(0.,1.,0.));
#8515=DIRECTION('',(0.,0.,1.));
#8516=DIRECTION('',(0.,-1.,0.));
#8517=DIRECTION('',(0.,0.,-1.));
#8518=DIRECTION('',(0.,-1.,0.));
#8519=DIRECTION('',(1.,0.,0.));
#8520=DIRECTION('',(0.,1.,0.));
#8521=DIRECTION('',(0.,0.,1.));
#8522=DIRECTION('',(0.,-1.,0.));
#8523=DIRECTION('',(0.,0.,-1.));
#8524=DIRECTION('',(0.,-1.,0.));
#8525=DIRECTION('',(1.,0.,0.));
#8526=DIRECTION('',(0.,1.,0.));
#8527=DIRECTION('',(0.,0.,1.));
#8528=DIRECTION('',(0.,-1.,0.));
#8529=DIRECTION('',(0.,0.,-1.));
#8530=DIRECTION('',(0.,-1.,0.));
#8531=DIRECTION('',(1.,0.,0.));
#8532=DIRECTION('',(0.,1.,0.));
#8533=DIRECTION('',(0.,0.,1.));
#8534=DIRECTION('',(0.,-1.,0.));
#8535=DIRECTION('',(0.,0.,-1.));
#8536=DIRECTION('',(0.,-1.,0.));
#8537=DIRECTION('',(1.,0.,0.));
#8538=DIRECTION('',(0.,1.,0.));
#8539=DIRECTION('',(0.,0.,1.));
#8540=DIRECTION('',(0.,-1.,0.));
#8541=DIRECTION('',(0.,0.,-1.));
#8542=DIRECTION('',(0.,-1.,0.));
#8543=DIRECTION('',(1.,0.,0.));
#8544=DIRECTION('',(1.,0.,0.));
#8545=DIRECTION('',(0.,0.,-1.));
#8546=DIRECTION('',(1.,0.,0.));
#8547=DIRECTION('',(0.,0.,-1.));
#8548=DIRECTION('',(1.,0.,0.));
#8549=DIRECTION('',(0.,0.,-1.));
#8550=DIRECTION('',(1.,0.,0.));
#8551=DIRECTION('',(0.,0.,-1.));
#8552=DIRECTION('',(0.,0.,-1.));
#8553=DIRECTION('',(-1.,0.,0.));
#8554=DIRECTION('',(0.,1.,0.));
#8555=DIRECTION('',(1.,0.,0.));
#8556=DIRECTION('',(0.,-0.928476690884531,0.371390676355925));
#8557=DIRECTION('',(0.,-0.371390676355925,-0.928476690884531));
#8558=DIRECTION('',(0.,-0.371390676355925,-0.928476690884531));
#8559=DIRECTION('',(1.,0.,0.));
#8560=DIRECTION('',(0.,1.,0.));
#8561=DIRECTION('',(0.,0.,1.));
#8562=DIRECTION('',(1.,0.,0.));
#8563=DIRECTION('',(-1.,0.,0.));
#8564=DIRECTION('',(0.,1.,0.));
#8565=DIRECTION('',(0.,0.928476690884531,-0.371390676355925));
#8566=DIRECTION('',(0.,0.371390676355925,0.928476690884531));
#8567=DIRECTION('',(0.,-0.371390676355925,-0.928476690884531));
#8568=DIRECTION('',(1.,0.,0.));
#8569=DIRECTION('',(0.,1.,0.));
#8570=DIRECTION('',(1.,0.,0.));
#8571=DIRECTION('',(0.,0.,-1.));
#8572=DIRECTION('',(1.,0.,0.));
#8573=DIRECTION('',(0.,0.,-1.));
#8574=DIRECTION('',(1.,0.,0.));
#8575=DIRECTION('',(0.,0.,-1.));
#8576=DIRECTION('',(1.,0.,0.));
#8577=DIRECTION('',(0.,0.,-1.));
#8578=DIRECTION('',(0.,0.,-1.));
#8579=DIRECTION('',(-1.,0.,0.));
#8580=DIRECTION('',(0.,1.,0.));
#8581=DIRECTION('',(1.,0.,0.));
#8582=DIRECTION('',(0.,-0.928476690884531,0.371390676355925));
#8583=DIRECTION('',(0.,-0.371390676355925,-0.928476690884531));
#8584=DIRECTION('',(0.,-0.371390676355925,-0.928476690884531));
#8585=DIRECTION('',(0.,-0.928476690884531,0.371390676355925));
#8586=DIRECTION('',(0.,-0.371390676355925,-0.928476690884531));
#8587=DIRECTION('',(1.,0.,0.));
#8588=DIRECTION('',(0.,1.,0.));
#8589=DIRECTION('',(0.,-1.,0.));
#8590=DIRECTION('',(0.,0.,1.));
#8591=DIRECTION('',(1.,0.,0.));
#8592=DIRECTION('',(-1.,0.,0.));
#8593=DIRECTION('',(0.,1.,0.));
#8594=DIRECTION('',(0.,0.928476690884531,-0.371390676355925));
#8595=DIRECTION('',(0.,0.371390676355925,0.928476690884531));
#8596=DIRECTION('',(0.,0.928476690884531,-0.371390676355925));
#8597=DIRECTION('',(0.,0.371390676355925,0.928476690884531));
#8598=DIRECTION('',(0.,-0.371390676355925,-0.928476690884531));
#8599=DIRECTION('',(1.,0.,0.));
#8600=DIRECTION('',(0.,1.,0.));
#8601=DIRECTION('',(0.,1.,0.));
#8602=DIRECTION('',(1.,0.,1.70070929017334E-16));
#8603=DIRECTION('',(1.70070929017334E-16,0.,-1.));
#8604=DIRECTION('',(1.,0.,1.70070929017334E-16));
#8605=DIRECTION('',(1.70070929017334E-16,0.,-1.));
#8606=DIRECTION('',(1.,0.,1.70070929017334E-16));
#8607=DIRECTION('',(1.70070929017334E-16,0.,-1.));
#8608=DIRECTION('',(1.,0.,1.70070929017334E-16));
#8609=DIRECTION('',(1.70070929017334E-16,0.,-1.));
#8610=DIRECTION('',(1.70070929017334E-16,0.,-1.));
#8611=DIRECTION('',(-1.,0.,-1.70070929017334E-16));
#8612=DIRECTION('',(0.,1.,0.));
#8613=DIRECTION('',(1.,0.,1.70070929017334E-16));
#8614=DIRECTION('',(-6.31627573560613E-17,-0.928476690884923,0.371390676354944));
#8615=DIRECTION('',(0.,-0.371390676354944,-0.928476690884923));
#8616=DIRECTION('',(1.57906893389739E-16,-0.371390676354944,-0.928476690884923));
#8617=DIRECTION('',(-6.31627573560613E-17,-0.928476690884923,0.371390676354944));
#8618=DIRECTION('',(-1.57906893389739E-16,0.371390676354944,0.928476690884923));
#8619=DIRECTION('',(1.,0.,1.70070929017334E-16));
#8620=DIRECTION('',(0.,1.,0.));
#8621=DIRECTION('',(0.,1.,0.));
#8622=DIRECTION('',(-1.70070929017334E-16,0.,1.));
#8623=DIRECTION('',(1.,0.,1.70070929017334E-16));
#8624=DIRECTION('',(-1.,0.,-1.70070929017334E-16));
#8625=DIRECTION('',(0.,1.,0.));
#8626=DIRECTION('',(6.31627573560613E-17,0.928476690884923,-0.371390676354944));
#8627=DIRECTION('',(0.,0.371390676354944,0.928476690884923));
#8628=DIRECTION('',(6.31627573560613E-17,0.928476690884923,-0.371390676354944));
#8629=DIRECTION('',(-1.57906893389739E-16,0.371390676354944,0.928476690884923));
#8630=DIRECTION('',(1.57906893389739E-16,-0.371390676354944,-0.928476690884923));
#8631=DIRECTION('',(1.,0.,1.70070929017334E-16));
#8632=DIRECTION('',(0.,1.,0.));
#8633=DIRECTION('',(0.,1.,0.));
#8634=DIRECTION('',(1.,0.,0.));
#8635=DIRECTION('',(0.,0.,-1.));
#8636=DIRECTION('',(1.,0.,0.));
#8637=DIRECTION('',(0.,0.,-1.));
#8638=DIRECTION('',(1.,0.,0.));
#8639=DIRECTION('',(0.,0.,-1.));
#8640=DIRECTION('',(1.,0.,0.));
#8641=DIRECTION('',(0.,0.,-1.));
#8642=DIRECTION('',(0.,0.,-1.));
#8643=DIRECTION('',(-1.,0.,0.));
#8644=DIRECTION('',(0.,1.,0.));
#8645=DIRECTION('',(1.,0.,0.));
#8646=DIRECTION('',(0.,0.928476690884923,-0.371390676354945));
#8647=DIRECTION('',(0.,0.371390676354945,0.928476690884923));
#8648=DIRECTION('',(0.,0.371390676354945,0.928476690884923));
#8649=DIRECTION('',(1.,0.,0.));
#8650=DIRECTION('',(0.,1.,0.));
#8651=DIRECTION('',(0.,0.,1.));
#8652=DIRECTION('',(1.,0.,0.));
#8653=DIRECTION('',(-1.,0.,0.));
#8654=DIRECTION('',(0.,1.,0.));
#8655=DIRECTION('',(0.,-0.928476690884923,0.371390676354945));
#8656=DIRECTION('',(0.,-0.371390676354945,-0.928476690884923));
#8657=DIRECTION('',(0.,-0.928476690884923,0.371390676354945));
#8658=DIRECTION('',(0.,-0.371390676354945,-0.928476690884923));
#8659=DIRECTION('',(0.,0.371390676354945,0.928476690884923));
#8660=DIRECTION('',(1.,0.,0.));
#8661=DIRECTION('',(0.,1.,0.));
#8662=DIRECTION('',(0.,-1.,0.));
#8663=DIRECTION('',(1.6326809185664E-14,0.,1.));
#8664=DIRECTION('',(1.,0.,-1.6326809185664E-14));
#8665=DIRECTION('',(1.6326809185664E-14,0.,1.));
#8666=DIRECTION('',(1.,0.,-1.6326809185664E-14));
#8667=DIRECTION('',(1.6326809185664E-14,0.,1.));
#8668=DIRECTION('',(1.,0.,-1.6326809185664E-14));
#8669=DIRECTION('',(1.6326809185664E-14,0.,1.));
#8670=DIRECTION('',(1.,0.,-1.6326809185664E-14));
#8671=DIRECTION('',(1.,0.,-1.6326809185664E-14));
#8672=DIRECTION('',(-1.6326809185664E-14,0.,-1.));
#8673=DIRECTION('',(0.,1.,0.));
#8674=DIRECTION('',(1.6326809185664E-14,0.,1.));
#8675=DIRECTION('',(0.371390676354077,0.92847669088527,-6.06362470616772E-15));
#8676=DIRECTION('',(-0.92847669088527,0.371390676354077,0.));
#8677=DIRECTION('',(-0.92847669088527,0.371390676354077,1.51590617654206E-14));
#8678=DIRECTION('',(1.6326809185664E-14,0.,1.));
#8679=DIRECTION('',(1.,0.,-1.6326809185664E-14));
#8680=DIRECTION('',(-1.,0.,1.6326809185664E-14));
#8681=DIRECTION('',(1.6326809185664E-14,0.,1.));
#8682=DIRECTION('',(-1.6326809185664E-14,0.,-1.));
#8683=DIRECTION('',(0.,1.,0.));
#8684=DIRECTION('',(-0.371390676354077,-0.92847669088527,6.06362470616772E-15));
#8685=DIRECTION('',(0.92847669088527,-0.371390676354077,0.));
#8686=DIRECTION('',(-0.92847669088527,0.371390676354077,1.51590617654206E-14));
#8687=DIRECTION('',(1.6326809185664E-14,0.,1.));
#8688=DIRECTION('',(1.,0.,-1.6326809185664E-14));
#8689=DIRECTION('',(0.,0.,-1.));
#8690=DIRECTION('',(-1.,0.,0.));
#8691=DIRECTION('',(0.,0.,-1.));
#8692=DIRECTION('',(-1.,0.,0.));
#8693=DIRECTION('',(-1.3216940769347E-16,0.,-1.));
#8694=DIRECTION('',(-1.,0.,1.3216940769347E-16));
#8695=DIRECTION('',(-1.3216940769347E-16,0.,-1.));
#8696=DIRECTION('',(-1.,0.,1.3216940769347E-16));
#8697=DIRECTION('',(0.,1.,0.));
#8698=DIRECTION('',(-1.,0.,1.3216940769347E-16));
#8699=DIRECTION('',(0.,1.,0.));
#8700=DIRECTION('',(0.,1.,0.));
#8701=DIRECTION('',(-1.,0.,1.3216940769347E-16));
#8702=DIRECTION('',(0.,1.,0.));
#8703=DIRECTION('',(0.,1.,0.));
#8704=DIRECTION('',(-1.,0.,1.3216940769347E-16));
#8705=DIRECTION('',(0.,1.,0.));
#8706=DIRECTION('',(0.,1.,0.));
#8707=DIRECTION('',(-1.,0.,1.3216940769347E-16));
#8708=DIRECTION('',(0.,1.,0.));
#8709=DIRECTION('',(0.,1.,0.));
#8710=DIRECTION('',(-1.,0.,1.3216940769347E-16));
#8711=DIRECTION('',(0.,1.,0.));
#8712=DIRECTION('',(0.,0.,-1.));
#8713=DIRECTION('',(-1.,0.,0.));
#8714=DIRECTION('',(0.,1.,0.));
#8715=DIRECTION('',(0.,1.,0.));
#8716=DIRECTION('',(-1.,0.,0.));
#8717=DIRECTION('',(0.,0.,1.));
#8718=DIRECTION('',(0.,1.,0.));
#8719=DIRECTION('',(0.,0.,-1.));
#8720=DIRECTION('',(-1.,0.,0.));
#8721=DIRECTION('',(0.,1.,0.));
#8722=DIRECTION('',(-1.,0.,0.));
#8723=DIRECTION('',(0.,0.,1.));
#8724=DIRECTION('',(0.,1.,0.));
#8725=DIRECTION('',(0.,0.,1.));
#8726=DIRECTION('',(0.,1.,0.));
#8727=DIRECTION('',(0.,1.,0.));
#8728=DIRECTION('',(0.,0.,1.));
#8729=DIRECTION('',(0.,1.,0.));
#8730=DIRECTION('',(0.,0.,1.));
#8731=DIRECTION('',(1.,0.,0.));
#8732=DIRECTION('',(0.,-1.,0.));
#8733=DIRECTION('',(0.,1.,0.));
#8734=DIRECTION('',(-1.,0.,0.));
#8735=DIRECTION('',(0.,0.,1.));
#8736=DIRECTION('',(1.,0.,0.));
#8737=DIRECTION('',(0.,1.,0.));
#8738=DIRECTION('',(1.,0.,0.));
#8739=DIRECTION('',(0.,1.,0.));
#8740=DIRECTION('',(1.,0.,0.));
#8741=DIRECTION('',(0.78086880944303,0.,0.624695047554425));
#8742=DIRECTION('',(0.624695047554425,0.,-0.78086880944303));
#8743=DIRECTION('',(0.,1.,0.));
#8744=DIRECTION('',(0.624695047554425,0.,-0.78086880944303));
#8745=DIRECTION('',(0.,1.,0.));
#8746=DIRECTION('',(0.624695047554425,0.,-0.78086880944303));
#8747=DIRECTION('',(0.,0.,1.));
#8748=DIRECTION('',(1.,0.,0.));
#8749=DIRECTION('',(0.,1.,0.));
#8750=DIRECTION('',(1.,0.,0.));
#8751=DIRECTION('',(0.,1.,0.));
#8752=DIRECTION('',(0.242535625036333,0.,0.970142500145332));
#8753=DIRECTION('',(0.970142500145332,0.,-0.242535625036333));
#8754=DIRECTION('',(0.,1.,0.));
#8755=DIRECTION('',(0.970142500145332,0.,-0.242535625036333));
#8756=DIRECTION('',(0.,1.,0.));
#8757=DIRECTION('',(0.,0.,1.));
#8758=DIRECTION('',(1.,0.,0.));
#8759=DIRECTION('',(0.,1.,0.));
#8760=DIRECTION('',(1.,0.,0.));
#8761=DIRECTION('',(0.,1.,0.));
#8762=DIRECTION('',(1.,0.,0.));
#8763=DIRECTION('',(-0.658504607868519,0.,0.752576694706878));
#8764=DIRECTION('',(0.752576694706878,0.,0.658504607868519));
#8765=DIRECTION('',(0.,1.,0.));
#8766=DIRECTION('',(0.752576694706878,0.,0.658504607868519));
#8767=DIRECTION('',(0.,1.,0.));
#8768=DIRECTION('',(0.752576694706878,0.,0.658504607868519));
#8769=DIRECTION('',(0.,1.,0.));
#8770=DIRECTION('',(-1.,0.,0.));
#8771=DIRECTION('',(0.,1.,0.));
#8772=DIRECTION('',(0.,0.,1.));
#8773=DIRECTION('',(0.,1.,0.));
#8774=DIRECTION('',(0.,0.,1.));
#8775=DIRECTION('',(1.,0.,0.));
#8776=DIRECTION('',(0.,0.,-1.));
#8777=DIRECTION('',(0.,1.,0.));
#8778=DIRECTION('',(0.,0.,-1.));
#8779=DIRECTION('',(0.,1.,0.));
#8780=DIRECTION('',(0.,0.,-1.));
#8781=DIRECTION('',(0.,1.,0.));
#8782=DIRECTION('',(-1.,0.,0.));
#8783=DIRECTION('',(0.,1.,0.));
#8784=DIRECTION('',(0.,0.,1.));
#8785=DIRECTION('',(0.,1.,0.));
#8786=DIRECTION('',(0.,0.,1.));
#8787=DIRECTION('',(0.,1.,0.));
#8788=DIRECTION('',(0.,0.,1.));
#8789=DIRECTION('',(0.,1.,0.));
#8790=DIRECTION('',(0.,0.,1.));
#8791=DIRECTION('',(0.,1.,0.));
#8792=DIRECTION('',(0.,0.,1.));
#8793=DIRECTION('',(0.,1.,0.));
#8794=DIRECTION('',(0.,0.,1.));
#8795=DIRECTION('',(0.,1.,0.));
#8796=DIRECTION('',(0.,0.,1.));
#8797=DIRECTION('',(0.,1.,0.));
#8798=DIRECTION('',(0.,0.,1.));
#8799=DIRECTION('',(0.,1.,0.));
#8800=DIRECTION('',(0.,0.,1.));
#8801=DIRECTION('',(0.,1.,0.));
#8802=DIRECTION('',(0.,0.,1.));
#8803=DIRECTION('',(0.,1.,0.));
#8804=DIRECTION('',(0.,1.,0.));
#8805=DIRECTION('',(0.,0.,1.));
#8806=DIRECTION('',(0.,1.,0.));
#8807=DIRECTION('',(0.,0.,1.));
#8808=DIRECTION('',(1.,0.,0.));
#8809=DIRECTION('',(0.,0.,-1.));
#8810=DIRECTION('',(0.,-1.,0.));
#8811=DIRECTION('',(0.,-1.,0.));
#8812=DIRECTION('',(0.5,0.,0.866025403784438));
#8813=DIRECTION('',(0.866025403784438,0.,-0.5));
#8814=DIRECTION('',(0.5,0.,-0.866025403784439));
#8815=DIRECTION('',(-0.866025403784439,0.,-0.5));
#8816=DIRECTION('',(0.,0.,-1.));
#8817=DIRECTION('',(-1.,0.,0.));
#8818=DIRECTION('',(0.,-1.,0.));
#8819=DIRECTION('',(0.,-1.,0.));
#8820=DIRECTION('',(0.866025403784437,0.,-0.5));
#8821=DIRECTION('',(-0.5,0.,-0.866025403784437));
#8822=DIRECTION('',(-0.866025403784438,0.,-0.5));
#8823=DIRECTION('',(-0.5,0.,0.866025403784438));
#8824=DIRECTION('',(-0.5,0.,-0.866025403784438));
#8825=DIRECTION('',(-0.866025403784438,0.,0.5));
#8826=DIRECTION('',(0.,-1.,0.));
#8827=DIRECTION('',(-1.,0.,0.));
#8828=DIRECTION('',(0.,0.,1.));
#8829=DIRECTION('',(0.,-1.,0.));
#8830=DIRECTION('',(-0.5,0.,0.866025403784438));
#8831=DIRECTION('',(0.866025403784438,0.,0.5));
#8832=DIRECTION('',(1.,0.,0.));
#8833=DIRECTION('',(0.,0.,-1.));
#8834=DIRECTION('',(0.,-1.,0.));
#8835=DIRECTION('',(0.,-1.,0.));
#8836=DIRECTION('',(0.5,0.,0.866025403784438));
#8837=DIRECTION('',(0.866025403784439,0.,-0.5));
#8838=DIRECTION('',(0.5,0.,-0.866025403784439));
#8839=DIRECTION('',(-0.866025403784439,0.,-0.5));
#8840=DIRECTION('',(-0.5,0.,-0.866025403784439));
#8841=DIRECTION('',(-0.866025403784439,0.,0.5));
#8842=DIRECTION('',(0.,-1.,0.));
#8843=DIRECTION('',(-1.,0.,0.));
#8844=DIRECTION('',(0.,0.,1.));
#8845=DIRECTION('',(0.,-1.,0.));
#8846=DIRECTION('',(-0.5,0.,0.866025403784439));
#8847=DIRECTION('',(0.866025403784439,0.,0.5));
#8848=DIRECTION('',(1.,0.,0.));
#8849=DIRECTION('',(0.,0.,-1.));
#8850=DIRECTION('',(0.,-1.,0.));
#8851=DIRECTION('',(0.,-1.,0.));
#8852=DIRECTION('',(0.5,0.,0.866025403784438));
#8853=DIRECTION('',(0.866025403784439,0.,-0.5));
#8854=DIRECTION('',(0.5,0.,-0.866025403784439));
#8855=DIRECTION('',(-0.866025403784439,0.,-0.5));
#8856=DIRECTION('',(-0.5,0.,-0.866025403784439));
#8857=DIRECTION('',(-0.866025403784439,0.,0.5));
#8858=DIRECTION('',(0.,-1.,0.));
#8859=DIRECTION('',(-1.,0.,-1.36574054430651E-16));
#8860=DIRECTION('',(-1.36574054430651E-16,0.,1.));
#8861=DIRECTION('',(0.,-1.,0.));
#8862=DIRECTION('',(-0.5,0.,0.866025403784439));
#8863=DIRECTION('',(0.866025403784439,0.,0.5));
#8864=DIRECTION('',(1.,0.,0.));
#8865=DIRECTION('',(0.,0.,-1.));
#8866=DIRECTION('',(0.,-1.,0.));
#8867=DIRECTION('',(0.,-1.,0.));
#8868=DIRECTION('',(0.5,0.,0.866025403784439));
#8869=DIRECTION('',(0.866025403784439,0.,-0.5));
#8870=DIRECTION('',(0.5,0.,-0.866025403784439));
#8871=DIRECTION('',(-0.866025403784439,0.,-0.5));
#8872=DIRECTION('',(-1.,0.,0.));
#8873=DIRECTION('',(0.,0.,1.));
#8874=DIRECTION('',(0.,-1.,0.));
#8875=DIRECTION('',(0.,-1.,0.));
#8876=DIRECTION('',(-0.5,0.,0.866025403784438));
#8877=DIRECTION('',(0.866025403784438,0.,0.5));
#8878=DIRECTION('',(-0.5,0.,-0.866025403784439));
#8879=DIRECTION('',(-0.866025403784439,0.,0.5));
#8880=DIRECTION('',(-0.866025403784439,0.,0.5));
#8881=DIRECTION('',(0.5,0.,0.866025403784439));
#8882=DIRECTION('',(0.,-1.,0.));
#8883=DIRECTION('',(0.866025403784439,0.,0.5));
#8884=DIRECTION('',(0.5,0.,-0.86602540378444));
#8885=DIRECTION('',(0.,-1.,0.));
#8886=DIRECTION('',(0.,0.,1.));
#8887=DIRECTION('',(1.,0.,0.));
#8888=DIRECTION('',(0.,1.,0.));
#8889=DIRECTION('',(0.,0.,1.));
#8890=DIRECTION('',(0.,-1.,0.));
#8891=DIRECTION('',(0.,0.,-1.));
#8892=DIRECTION('',(0.,1.,0.));
#8893=DIRECTION('',(0.,0.,1.));
#8894=DIRECTION('',(0.,1.,0.));
#8895=DIRECTION('',(0.,0.,1.));
#8896=DIRECTION('',(0.,-1.,0.));
#8897=DIRECTION('',(0.,0.,-1.));
#8898=DIRECTION('',(0.,-1.,0.));
#8899=DIRECTION('',(0.,0.,-1.));
#8900=DIRECTION('',(0.,1.,0.));
#8901=DIRECTION('',(0.,0.,1.));
#8902=DIRECTION('',(0.,-1.,0.));
#8903=DIRECTION('',(0.,0.,-1.));
#8904=DIRECTION('',(0.,-1.,0.));
#8905=DIRECTION('',(0.,0.,-1.));
#8906=DIRECTION('',(0.,-1.,0.));
#8907=DIRECTION('',(0.,0.,-1.));
#8908=DIRECTION('',(0.,1.,0.));
#8909=DIRECTION('',(0.,0.,1.));
#8910=DIRECTION('',(0.,1.,0.));
#8911=DIRECTION('',(0.,0.,1.));
#8912=DIRECTION('',(0.,-1.,0.));
#8913=DIRECTION('',(0.,0.,-1.));
#8914=DIRECTION('',(0.,-1.,0.));
#8915=DIRECTION('',(0.,0.,-1.));
#8916=DIRECTION('',(0.,1.,0.));
#8917=DIRECTION('',(0.,0.,1.));
#8918=DIRECTION('',(0.,-1.,0.));
#8919=DIRECTION('',(0.,0.,-1.));
#8920=DIRECTION('',(0.,-1.,0.));
#8921=DIRECTION('',(0.,0.,-1.));
#8922=DIRECTION('',(0.,-1.,0.));
#8923=DIRECTION('',(0.,0.,-1.));
#8924=DIRECTION('',(0.,-1.,0.));
#8925=DIRECTION('',(0.,0.,-1.));
#8926=DIRECTION('',(0.,1.,0.));
#8927=DIRECTION('',(0.,0.,1.));
#8928=DIRECTION('',(0.,1.,0.));
#8929=DIRECTION('',(0.,0.,1.));
#8930=DIRECTION('',(0.,-1.,0.));
#8931=DIRECTION('',(0.,0.,-1.));
#8932=DIRECTION('',(0.,1.,0.));
#8933=DIRECTION('',(0.,0.,1.));
#8934=DIRECTION('',(0.,-1.,0.));
#8935=DIRECTION('',(0.,0.,-1.));
#8936=DIRECTION('',(0.,1.,0.));
#8937=DIRECTION('',(0.,0.,1.));
#8938=DIRECTION('',(0.,-1.,0.));
#8939=DIRECTION('',(0.,0.,-1.));
#8940=DIRECTION('',(0.,1.,0.));
#8941=DIRECTION('',(0.,0.,1.));
#8942=DIRECTION('',(0.,-1.,0.));
#8943=DIRECTION('',(0.,0.,-1.));
#8944=DIRECTION('',(0.,-1.,0.));
#8945=DIRECTION('',(0.,0.,-1.));
#8946=DIRECTION('',(0.,-1.,0.));
#8947=DIRECTION('',(0.,0.,-1.));
#8948=DIRECTION('',(0.,1.,0.));
#8949=DIRECTION('',(0.,0.,1.));
#8950=DIRECTION('',(0.,-1.,0.));
#8951=DIRECTION('',(0.,0.,-1.));
#8952=DIRECTION('',(0.,1.,0.));
#8953=DIRECTION('',(0.,0.,1.));
#8954=DIRECTION('',(0.,-1.,0.));
#8955=DIRECTION('',(0.,0.,-1.));
#8956=DIRECTION('',(0.,-1.,0.));
#8957=DIRECTION('',(0.,0.,-1.));
#8958=DIRECTION('',(0.,1.,0.));
#8959=DIRECTION('',(0.,0.,1.));
#8960=DIRECTION('',(0.,-1.,0.));
#8961=DIRECTION('',(0.,0.,-1.));
#8962=DIRECTION('',(0.,-1.,0.));
#8963=DIRECTION('',(0.,0.,-1.));
#8964=DIRECTION('',(0.,1.,0.));
#8965=DIRECTION('',(0.,0.,1.));
#8966=DIRECTION('',(0.,1.,0.));
#8967=DIRECTION('',(0.,0.,1.));
#8968=DIRECTION('',(0.,1.,0.));
#8969=DIRECTION('',(0.,0.,1.));
#8970=DIRECTION('',(-2.27504718160889E-16,0.,1.));
#8971=DIRECTION('',(1.,0.,2.27504718160889E-16));
#8972=DIRECTION('',(-2.27504718160889E-16,0.,1.));
#8973=DIRECTION('',(1.,0.,2.27504718160889E-16));
#8974=DIRECTION('',(0.,0.,-1.));
#8975=DIRECTION('',(-1.,0.,0.));
#8976=DIRECTION('',(0.,-1.,0.));
#8977=DIRECTION('',(0.,0.,-1.));
#8978=DIRECTION('',(0.745937661625918,-1.03519645859018E-15,-0.666015769308848));
#8979=DIRECTION('',(-0.666015769308848,0.,-0.745937661625918));
#8980=DIRECTION('',(0.745937661625919,0.,-0.666015769308848));
#8981=DIRECTION('',(-0.666015769308848,0.,-0.745937661625919));
#8982=DIRECTION('',(0.745937661625918,-5.17598229295089E-16,-0.666015769308849));
#8983=DIRECTION('',(-0.666015769308849,0.,-0.745937661625918));
#8984=DIRECTION('',(0.,-1.,0.));
#8985=DIRECTION('',(0.,0.,-1.));
#8986=DIRECTION('',(1.,0.,0.));
#8987=DIRECTION('',(0.,0.,-1.));
#8988=DIRECTION('',(1.,0.,0.));
#8989=DIRECTION('',(0.,0.,-1.));
#8990=DIRECTION('',(1.,0.,0.));
#8991=DIRECTION('',(0.,0.,-1.));
#8992=DIRECTION('',(0.,-1.,0.));
#8993=DIRECTION('',(0.,0.,-1.));
#8994=DIRECTION('',(0.745937661625918,1.03519645859018E-15,0.666015769308848));
#8995=DIRECTION('',(0.666015769308848,0.,-0.745937661625918));
#8996=DIRECTION('',(0.745937661625919,0.,0.666015769308848));
#8997=DIRECTION('',(0.666015769308848,0.,-0.745937661625919));
#8998=DIRECTION('',(0.745937661625918,0.,0.666015769308848));
#8999=DIRECTION('',(0.666015769308848,0.,-0.745937661625918));
#9000=DIRECTION('',(0.,1.,0.));
#9001=DIRECTION('',(0.,0.,1.));
#9002=DIRECTION('',(0.,0.707106781186548,-0.707106781186548));
#9003=DIRECTION('',(0.,0.707106781186548,0.707106781186548));
#9004=DIRECTION('',(0.,-1.,0.));
#9005=DIRECTION('',(0.,0.,-1.));
#9006=DIRECTION('',(0.,0.,1.));
#9007=DIRECTION('',(1.,0.,0.));
#9008=DIRECTION('',(0.,0.,-1.));
#9009=DIRECTION('',(-1.,0.,0.));
#9010=DIRECTION('',(0.,0.707106781186548,-0.707106781186548));
#9011=DIRECTION('',(0.,-0.707106781186548,-0.707106781186548));
#9012=DIRECTION('',(0.,0.,1.));
#9013=DIRECTION('',(1.,0.,0.));
#9014=DIRECTION('',(0.,-6.93889390390723E-16,1.));
#9015=DIRECTION('',(0.,-1.,-6.93889390390723E-16));
#9016=DIRECTION('',(0.,1.,0.));
#9017=DIRECTION('',(0.,0.,1.));
#9018=DIRECTION('',(0.,-1.,0.));
#9019=DIRECTION('',(0.,1.,0.));
#9020=DIRECTION('',(0.,0.,1.));
#9021=DIRECTION('',(1.,0.,0.));
#9022=DIRECTION('',(0.,0.,-1.));
#9023=DIRECTION('',(1.,0.,0.));
#9024=DIRECTION('',(0.,0.,-1.));
#9025=DIRECTION('',(-1.,0.,0.));
#9026=DIRECTION('',(0.,0.,1.));
#9027=DIRECTION('',(-1.,0.,0.));
#9028=DIRECTION('',(0.,0.,1.));
#9029=DIRECTION('',(0.,-1.,0.));
#9030=DIRECTION('',(0.,0.,-1.));
#9031=DIRECTION('',(-0.624695047554425,8.66938531455286E-16,0.78086880944303));
#9032=DIRECTION('',(0.78086880944303,0.,0.624695047554425));
#9033=DIRECTION('',(-0.624695047554425,0.,0.78086880944303));
#9034=DIRECTION('',(0.78086880944303,0.,0.624695047554425));
#9035=DIRECTION('',(-0.624695047554425,-1.0836731643191E-16,0.78086880944303));
#9036=DIRECTION('',(0.78086880944303,0.,0.624695047554425));
#9037=DIRECTION('',(0.,-1.,0.));
#9038=DIRECTION('',(0.,0.,-1.));
#9039=DIRECTION('',(-1.,0.,0.));
#9040=DIRECTION('',(0.,0.,1.));
#9041=DIRECTION('',(-1.,0.,0.));
#9042=DIRECTION('',(0.,0.,1.));
#9043=DIRECTION('',(-1.,0.,0.));
#9044=DIRECTION('',(0.,0.,1.));
#9045=DIRECTION('',(0.,-1.,0.));
#9046=DIRECTION('',(0.,0.,-1.));
#9047=DIRECTION('',(-0.970142500145332,0.,0.242535625036333));
#9048=DIRECTION('',(0.242535625036333,0.,0.970142500145332));
#9049=DIRECTION('',(-0.970142500145332,0.,0.242535625036333));
#9050=DIRECTION('',(0.242535625036333,0.,0.970142500145332));
#9051=DIRECTION('',(-0.970142500145332,1.68292897004494E-16,0.242535625036333));
#9052=DIRECTION('',(0.242535625036333,0.,0.970142500145332));
#9053=DIRECTION('',(0.,-1.,0.));
#9054=DIRECTION('',(0.,0.,-1.));
#9055=DIRECTION('',(-1.,0.,0.));
#9056=DIRECTION('',(0.,0.,1.));
#9057=DIRECTION('',(-1.,0.,0.));
#9058=DIRECTION('',(0.,0.,1.));
#9059=DIRECTION('',(-1.,0.,0.));
#9060=DIRECTION('',(0.,0.,1.));
#9061=DIRECTION('',(0.,-1.,0.));
#9062=DIRECTION('',(0.,0.,-1.));
#9063=DIRECTION('',(-0.752576694706878,-1.30551245978105E-16,-0.658504607868518));
#9064=DIRECTION('',(-0.658504607868518,0.,0.752576694706878));
#9065=DIRECTION('',(-0.752576694706878,0.,-0.658504607868519));
#9066=DIRECTION('',(-0.658504607868519,0.,0.752576694706878));
#9067=DIRECTION('',(-0.752576694706878,1.95826868967157E-16,-0.658504607868518));
#9068=DIRECTION('',(-0.658504607868518,0.,0.752576694706878));
#9069=DIRECTION('',(0.,-1.,0.));
#9070=DIRECTION('',(0.,0.,-1.));
#9071=DIRECTION('',(-1.,0.,0.));
#9072=DIRECTION('',(0.,0.,1.));
#9073=DIRECTION('',(-2.27504718160889E-16,0.,1.));
#9074=DIRECTION('',(1.,0.,2.27504718160889E-16));
#9075=DIRECTION('',(-2.27504718160889E-16,0.,1.));
#9076=DIRECTION('',(1.,0.,2.27504718160889E-16));
#9077=DIRECTION('',(-1.60870128963499E-16,-0.707106781186548,0.707106781186548));
#9078=DIRECTION('',(-1.60870128963499E-16,0.707106781186548,0.707106781186548));
#9079=DIRECTION('',(0.707106781186548,0.,0.707106781186548));
#9080=DIRECTION('',(-0.707106781186548,0.,0.707106781186548));
#9081=DIRECTION('',(-1.,0.,0.));
#9082=DIRECTION('',(0.,0.,1.));
#9083=DIRECTION('',(-0.707106781186548,-0.707106781186548,0.));
#9084=DIRECTION('',(0.707106781186548,-0.707106781186548,0.));
#9085=DIRECTION('',(0.,-1.,0.));
#9086=DIRECTION('',(0.,0.,-1.));
#9087=DIRECTION('',(0.,-1.,0.));
#9088=DIRECTION('',(1.60870128963499E-16,0.707106781186548,-0.707106781186548));
#9089=DIRECTION('',(1.60870128963499E-16,-0.707106781186548,-0.707106781186548));
#9090=DIRECTION('',(0.,-1.,0.));
#9091=DIRECTION('',(0.,0.,-1.));
#9092=DIRECTION('',(-1.60870128963499E-16,-0.707106781186548,0.707106781186548));
#9093=DIRECTION('',(1.60870128963499E-16,-0.707106781186548,-0.707106781186548));
#9094=DIRECTION('',(2.27504718160889E-16,0.,-1.));
#9095=DIRECTION('',(-1.,0.,-2.27504718160889E-16));
#9096=DIRECTION('',(-1.,0.,0.));
#9097=DIRECTION('',(0.,0.,1.));
#9098=DIRECTION('',(-1.,0.,0.));
#9099=DIRECTION('',(0.,0.,1.));
#9100=DIRECTION('',(0.,1.,0.));
#9101=DIRECTION('',(0.,0.,1.));
#9102=DIRECTION('',(-0.752576694706878,0.,-0.658504607868518));
#9103=DIRECTION('',(-0.658504607868518,0.,0.752576694706878));
#9104=DIRECTION('',(-0.752576694706878,0.,-0.658504607868519));
#9105=DIRECTION('',(-0.658504607868519,0.,0.752576694706878));
#9106=DIRECTION('',(-0.752576694706878,0.,-0.658504607868518));
#9107=DIRECTION('',(-0.658504607868518,0.,0.752576694706878));
#9108=DIRECTION('',(0.,1.,0.));
#9109=DIRECTION('',(0.,0.,1.));
#9110=DIRECTION('',(-1.,0.,0.));
#9111=DIRECTION('',(0.,0.,1.));
#9112=DIRECTION('',(-1.,0.,0.));
#9113=DIRECTION('',(0.,0.,1.));
#9114=DIRECTION('',(0.,1.,0.));
#9115=DIRECTION('',(0.,0.,1.));
#9116=DIRECTION('',(-0.624695047554424,5.96020240375509E-16,0.78086880944303));
#9117=DIRECTION('',(0.78086880944303,0.,0.624695047554424));
#9118=DIRECTION('',(-0.624695047554425,0.,0.78086880944303));
#9119=DIRECTION('',(0.78086880944303,0.,0.624695047554425));
#9120=DIRECTION('',(-0.624695047554425,0.,0.78086880944303));
#9121=DIRECTION('',(0.78086880944303,0.,0.624695047554425));
#9122=DIRECTION('',(0.,1.,0.));
#9123=DIRECTION('',(0.,0.,1.));
#9124=DIRECTION('',(-1.,0.,0.));
#9125=DIRECTION('',(0.,0.,1.));
#9126=DIRECTION('',(-1.,0.,0.));
#9127=DIRECTION('',(0.,0.,1.));
#9128=DIRECTION('',(0.,0.,-1.));
#9129=DIRECTION('',(-1.,0.,0.));
#9130=DIRECTION('',(0.,0.,-1.));
#9131=DIRECTION('',(-1.,0.,0.));
#9132=DIRECTION('',(0.,0.,-1.));
#9133=DIRECTION('',(-1.,0.,0.));
#9134=DIRECTION('',(-0.707106781186548,0.,0.707106781186548));
#9135=DIRECTION('',(-0.707106781186548,0.,-0.707106781186548));
#9136=DIRECTION('',(-0.707106781186548,0.,-0.707106781186548));
#9137=DIRECTION('',(-0.707106781186548,0.,0.707106781186548));
#9138=DIRECTION('',(0.,-1.,0.));
#9139=DIRECTION('',(0.,0.,-1.));
#9140=DIRECTION('',(0.,1.,0.));
#9141=DIRECTION('',(0.,0.,1.));
#9142=DIRECTION('',(0.,0.,1.));
#9143=DIRECTION('',(1.,0.,0.));
#9144=DIRECTION('',(1.,0.,0.));
#9145=DIRECTION('',(0.,0.,-1.));
#9146=DIRECTION('',(-1.,0.,0.));
#9147=DIRECTION('',(0.,0.,1.));
#9148=DIRECTION('',(0.,1.,0.));
#9149=DIRECTION('',(0.,0.,1.));
#9150=DIRECTION('',(0.,1.,0.));
#9151=DIRECTION('',(0.,0.,1.));
#9152=DIRECTION('',(0.,0.,1.));
#9153=DIRECTION('',(1.,0.,0.));
#9154=DIRECTION('',(1.,0.,0.));
#9155=DIRECTION('',(0.,0.,-1.));
#9156=DIRECTION('',(-1.,0.,0.));
#9157=DIRECTION('',(0.,0.,1.));
#9158=DIRECTION('',(0.,-1.,0.));
#9159=DIRECTION('',(0.,0.,-1.));
#9160=DIRECTION('',(0.,-1.,0.));
#9161=DIRECTION('',(0.,0.,-1.));
#9162=DIRECTION('',(0.,-1.,0.));
#9163=DIRECTION('',(0.,0.,-1.));
#9164=DIRECTION('',(0.,-1.,0.));
#9165=DIRECTION('',(0.,0.,-1.));
#9166=DIRECTION('',(0.,0.,1.));
#9167=DIRECTION('',(1.,0.,0.));
#9168=DIRECTION('',(0.,1.,0.));
#9169=DIRECTION('',(1.,0.,0.));
#9170=DIRECTION('',(1.,0.,8.5035464508667E-17));
#9171=DIRECTION('',(8.5035464508667E-17,0.,-1.));
#9172=DIRECTION('',(0.,1.,0.));
#9173=DIRECTION('',(8.5035464508667E-17,0.,-1.));
#9174=DIRECTION('',(0.,0.,-1.));
#9175=DIRECTION('',(-1.,0.,0.));
#9176=DIRECTION('',(-1.,0.,0.));
#9177=DIRECTION('',(0.,0.,-1.));
#9178=DIRECTION('',(-1.,0.,0.));
#9179=DIRECTION('',(0.,1.,0.));
#9180=DIRECTION('',(-1.,0.,0.));
#9181=DIRECTION('',(1.,0.,1.54886024640786E-16));
#9182=DIRECTION('',(1.54886024640786E-16,0.,-1.));
#9183=DIRECTION('',(0.,1.,0.));
#9184=DIRECTION('',(1.54886024640786E-16,0.,-1.));
#9185=DIRECTION('',(0.,0.,1.));
#9186=DIRECTION('',(1.,0.,0.));
#9187=DIRECTION('',(1.,0.,0.));
#9188=DIRECTION('',(0.,-1.,0.));
#9189=DIRECTION('',(1.,0.,0.));
#9190=DIRECTION('',(1.,0.,0.));
#9191=DIRECTION('',(0.,0.,-1.));
#9192=DIRECTION('',(0.,0.,-1.));
#9193=DIRECTION('',(0.,1.,0.));
#9194=DIRECTION('',(1.,0.,0.));
#9195=DIRECTION('',(0.,0.,-1.));
#9196=DIRECTION('',(0.,1.,0.));
#9197=DIRECTION('',(0.,0.,-1.));
#9198=DIRECTION('',(-1.13985936819831E-15,0.,1.));
#9199=DIRECTION('',(1.,0.,1.13985936819831E-15));
#9200=DIRECTION('',(0.,1.,0.));
#9201=DIRECTION('',(1.,0.,1.13985936819831E-15));
#9202=DIRECTION('',(-1.,0.,0.));
#9203=DIRECTION('',(0.,0.,1.));
#9204=DIRECTION('',(0.,0.,1.));
#9205=DIRECTION('',(-1.,0.,0.));
#9206=DIRECTION('',(0.,0.,1.));
#9207=DIRECTION('',(0.,1.,0.));
#9208=DIRECTION('',(0.,0.,1.));
#9209=DIRECTION('',(0.,0.,1.));
#9210=DIRECTION('',(1.,0.,0.));
#9211=DIRECTION('',(0.,1.,0.));
#9212=DIRECTION('',(1.,0.,0.));
#9213=DIRECTION('',(1.,0.,0.));
#9214=DIRECTION('',(0.,0.,-1.));
#9215=DIRECTION('',(0.,0.,-1.));
#9216=DIRECTION('',(-1.,0.,0.));
#9217=DIRECTION('',(0.,0.,1.));
#9218=DIRECTION('',(0.,1.,0.));
#9219=DIRECTION('',(0.,0.,1.));
#9220=DIRECTION('',(0.,0.,1.));
#9221=DIRECTION('',(1.,0.,0.));
#9222=DIRECTION('',(0.,1.,0.));
#9223=DIRECTION('',(1.,0.,0.));
#9224=DIRECTION('',(1.,0.,0.));
#9225=DIRECTION('',(0.,0.,-1.));
#9226=DIRECTION('',(0.,0.,-1.));
#9227=DIRECTION('',(-1.,0.,0.));
#9228=DIRECTION('',(0.,0.,1.));
#9229=DIRECTION('',(0.,1.,0.));
#9230=DIRECTION('',(0.,0.,1.));
#9231=DIRECTION('',(0.,0.,1.));
#9232=DIRECTION('',(1.,0.,0.));
#9233=DIRECTION('',(0.,1.,0.));
#9234=DIRECTION('',(1.,0.,0.));
#9235=DIRECTION('',(1.,0.,0.));
#9236=DIRECTION('',(0.,0.,-1.));
#9237=DIRECTION('',(0.,0.,-1.));
#9238=DIRECTION('',(-1.,0.,-1.06752213906263E-15));
#9239=DIRECTION('',(-1.06752213906263E-15,0.,1.));
#9240=DIRECTION('',(0.,1.,0.));
#9241=DIRECTION('',(-1.06752213906263E-15,0.,1.));
#9242=DIRECTION('',(-1.020425574104E-15,0.,1.));
#9243=DIRECTION('',(1.,0.,1.020425574104E-15));
#9244=DIRECTION('',(1.,0.,1.020425574104E-15));
#9245=DIRECTION('',(0.,-1.,0.));
#9246=DIRECTION('',(1.,0.,0.));
#9247=CARTESIAN_POINT('',(0.,0.,0.));
#9248=CARTESIAN_POINT('',(0.00574999999999969,0.0304999999999896,-0.06125));
#9249=CARTESIAN_POINT('',(-0.033,0.0304999999999896,-0.0595));
#9250=CARTESIAN_POINT('',(-0.033,0.0304999999999896,-0.06065));
#9251=CARTESIAN_POINT('',(-0.017,0.0304999999999896,-0.0595));
#9252=CARTESIAN_POINT('',(-0.017,0.0304999999999896,-0.06065));
#9253=CARTESIAN_POINT('',(0.0109999999999997,0.0304999999999896,-0.05195));
#9254=CARTESIAN_POINT('',(-0.0148,0.0304999999999896,-0.05195));
#9255=CARTESIAN_POINT('',(-0.0352,0.0304999999999896,-0.05195));
#9256=CARTESIAN_POINT('',(-0.0352,0.0304999999999896,-0.056825));
#9257=CARTESIAN_POINT('',(-0.0352,0.0304999999999896,-0.0617));
#9258=CARTESIAN_POINT('',(-0.025,0.0304999999999896,-0.0617));
#9259=CARTESIAN_POINT('',(-0.0148,0.0304999999999896,-0.0617));
#9260=CARTESIAN_POINT('',(-0.0148,0.0304999999999896,-0.056825));
#9261=CARTESIAN_POINT('',(0.00574999999999969,0.0304999999999896,-0.06125));
#9262=CARTESIAN_POINT('',(-0.008,0.0304999999999896,-0.0595));
#9263=CARTESIAN_POINT('',(-0.008,0.0304999999999896,-0.06065));
#9264=CARTESIAN_POINT('',(0.008,0.0304999999999896,-0.0595));
#9265=CARTESIAN_POINT('',(0.008,0.0304999999999896,-0.06065));
#9266=CARTESIAN_POINT('',(0.0109999999999997,0.0304999999999896,-0.05195));
#9267=CARTESIAN_POINT('',(0.0102,0.0304999999999896,-0.05195));
#9268=CARTESIAN_POINT('',(-0.0102,0.0304999999999896,-0.05195));
#9269=CARTESIAN_POINT('',(-0.0102,0.0304999999999896,-0.056825));
#9270=CARTESIAN_POINT('',(-0.0102,0.0304999999999896,-0.0617));
#9271=CARTESIAN_POINT('',(0.,0.0304999999999896,-0.0617));
#9272=CARTESIAN_POINT('',(0.0102,0.0304999999999896,-0.0617));
#9273=CARTESIAN_POINT('',(0.0102,0.0304999999999896,-0.056825));
#9274=CARTESIAN_POINT('',(0.00574999999999969,0.0304999999999896,-0.06125));
#9275=CARTESIAN_POINT('',(0.017,0.0304999999999896,-0.0595));
#9276=CARTESIAN_POINT('',(0.017,0.0304999999999896,-0.06065));
#9277=CARTESIAN_POINT('',(0.033,0.0304999999999896,-0.0595));
#9278=CARTESIAN_POINT('',(0.033,0.0304999999999896,-0.06065));
#9279=CARTESIAN_POINT('',(0.0109999999999997,0.0304999999999896,-0.05195));
#9280=CARTESIAN_POINT('',(0.0352,0.0304999999999896,-0.05195));
#9281=CARTESIAN_POINT('',(0.0148,0.0304999999999896,-0.05195));
#9282=CARTESIAN_POINT('',(0.0148,0.0304999999999896,-0.056825));
#9283=CARTESIAN_POINT('',(0.0148,0.0304999999999896,-0.0617));
#9284=CARTESIAN_POINT('',(0.025,0.0304999999999896,-0.0617));
#9285=CARTESIAN_POINT('',(0.0352,0.0304999999999896,-0.0617));
#9286=CARTESIAN_POINT('',(0.0352,0.0304999999999896,-0.056825));
#9287=CARTESIAN_POINT('',(0.00574999999999969,0.0304999999999896,-0.06125));
#9288=CARTESIAN_POINT('',(0.058,0.0304999999999896,-0.0595));
#9289=CARTESIAN_POINT('',(0.058,0.0304999999999896,-0.06065));
#9290=CARTESIAN_POINT('',(0.042,0.0304999999999896,-0.0595));
#9291=CARTESIAN_POINT('',(0.042,0.0304999999999896,-0.06065));
#9292=CARTESIAN_POINT('',(0.0109999999999997,0.0304999999999896,-0.05195));
#9293=CARTESIAN_POINT('',(0.0602,0.0304999999999896,-0.05195));
#9294=CARTESIAN_POINT('',(0.0398,0.0304999999999896,-0.05195));
#9295=CARTESIAN_POINT('',(0.0398,0.0304999999999896,-0.056825));
#9296=CARTESIAN_POINT('',(0.0398,0.0304999999999896,-0.0617));
#9297=CARTESIAN_POINT('',(0.05,0.0304999999999896,-0.0617));
#9298=CARTESIAN_POINT('',(0.0602,0.0304999999999896,-0.0617));
#9299=CARTESIAN_POINT('',(0.0602,0.0304999999999896,-0.056825));
#9300=CARTESIAN_POINT('',(0.00574999999999969,0.0304999999999896,-0.06125));
#9301=CARTESIAN_POINT('',(0.0612,0.0304999999999896,-0.057325));
#9302=CARTESIAN_POINT('',(0.0612,0.0304999999999896,-0.0627));
#9303=CARTESIAN_POINT('',(0.0612,0.0304999999999896,-0.05195));
#9304=CARTESIAN_POINT('',(0.0125,0.0304999999999896,-0.0627));
#9305=CARTESIAN_POINT('',(-0.0362,0.0304999999999896,-0.0627));
#9306=CARTESIAN_POINT('',(-0.0362,0.0304999999999896,-0.057325));
#9307=CARTESIAN_POINT('',(-0.0362,0.0304999999999896,-0.05195));
#9308=CARTESIAN_POINT('',(0.0109999999999997,0.0304999999999896,-0.05195));
#9309=CARTESIAN_POINT('',(-0.0385000000000006,0.0304999999999896,-0.05195));
#9310=CARTESIAN_POINT('',(-0.0385000000000006,0.0304999999999896,-0.06125));
#9311=CARTESIAN_POINT('',(-0.0385000000000006,0.0304999999999896,-0.0953362007095732));
#9312=CARTESIAN_POINT('',(-0.0285000000000006,0.0304999999999896,-0.0953362007095732));
#9313=CARTESIAN_POINT('',(-0.0351601576930891,0.0304999999999896,-0.102795577325832));
#9314=CARTESIAN_POINT('',(-0.0330369075133167,0.0304999999999896,-0.104691336414915));
#9315=CARTESIAN_POINT('',(-0.0170567024878108,0.0304999999999896,-0.118959376616259));
#9316=CARTESIAN_POINT('',(-0.0103965447947223,0.0304999999999896,-0.1115));
#9317=CARTESIAN_POINT('',(-0.0103965447947223,0.0304999999999896,-0.1215));
#9318=CARTESIAN_POINT('',(0.00574999999999969,0.0304999999999896,-0.1215));
#9319=CARTESIAN_POINT('',(0.0323965447947218,0.0304999999999896,-0.1215));
#9320=CARTESIAN_POINT('',(0.0323965447947218,0.0304999999999896,-0.1115));
#9321=CARTESIAN_POINT('',(0.0390567024878102,0.0304999999999896,-0.118959376616259));
#9322=CARTESIAN_POINT('',(0.0491944660654807,0.0304999999999896,-0.109907801993339));
#9323=CARTESIAN_POINT('',(0.0601601576930885,0.0304999999999896,-0.100117005897261));
#9324=CARTESIAN_POINT('',(0.0535,0.0304999999999896,-0.0926576292810017));
#9325=CARTESIAN_POINT('',(0.0635,0.0304999999999896,-0.0926576292810017));
#9326=CARTESIAN_POINT('',(0.0635,0.0304999999999896,-0.0608283938165225));
#9327=CARTESIAN_POINT('',(0.0635,0.0304999999999896,-0.05195));
#9328=CARTESIAN_POINT('',(0.0109999999999997,0.0304999999999896,-0.05195));
#9329=CARTESIAN_POINT('',(-0.0275000058317723,0.0304999999999896,-0.0740000001653548));
#9330=CARTESIAN_POINT('',(-0.0275000058317723,0.0304999999999896,-0.0751500001653548));
#9331=CARTESIAN_POINT('',(-0.0275000058317723,0.0304999999999896,-0.0900000001653548));
#9332=CARTESIAN_POINT('',(-0.0275000058317723,0.0304999999999896,-0.0911500001653548));
#9333=CARTESIAN_POINT('',(-0.00505000583177226,0.0304999999999896,-0.0820000001653549));
#9334=CARTESIAN_POINT('',(-0.00505000583177226,0.0304999999999896,-0.0708000001653548));
#9335=CARTESIAN_POINT('',(-0.00505000583177226,0.0304999999999896,-0.0692000001653549));
#9336=CARTESIAN_POINT('',(0.000324994168227745,0.0304999999999896,-0.0708000001653548));
#9337=CARTESIAN_POINT('',(0.00569999416822775,0.0304999999999896,-0.0708000001653548));
#9338=CARTESIAN_POINT('',(0.00569999416822775,0.0304999999999896,-0.0820000001653548));
#9339=CARTESIAN_POINT('',(0.00569999416822775,0.0304999999999896,-0.0932000001653548));
#9340=CARTESIAN_POINT('',(0.000324994168227746,0.0304999999999896,-0.0932000001653548));
#9341=CARTESIAN_POINT('',(-0.00505000583177226,0.0304999999999896,-0.0932000001653548));
#9342=CARTESIAN_POINT('',(-0.00505000583177226,0.0304999999999896,-0.0820000001653549));
#9343=CARTESIAN_POINT('',(-0.00505000583177226,0.0304999999999896,-0.0948000001653549));
#9344=CARTESIAN_POINT('',(-0.0110000058317723,0.0304999999999896,-0.0948000001653549));
#9345=CARTESIAN_POINT('',(-0.0169500058317722,0.0304999999999896,-0.0948000001653549));
#9346=CARTESIAN_POINT('',(-0.0169500058317722,0.0304999999999896,-0.0820000001653549));
#9347=CARTESIAN_POINT('',(-0.0169500058317722,0.0304999999999896,-0.0692000001653549));
#9348=CARTESIAN_POINT('',(-0.0110000058317723,0.0304999999999896,-0.0692000001653549));
#9349=CARTESIAN_POINT('',(0.000631573726218232,0.0154999999999896,-0.0055));
#9350=CARTESIAN_POINT('',(-0.00286397325842575,0.0107652428168003,-0.00710688344824306));
#9351=CARTESIAN_POINT('',(-0.00266989989043222,0.0105540333262618,-0.00648454481280666));
#9352=CARTESIAN_POINT('',(-0.0022392171483455,0.0104999999999895,-0.00588532862103832));
#9353=CARTESIAN_POINT('',(-0.0016583123951777,0.0104999999999895,-0.0055));
#9354=CARTESIAN_POINT('',(-0.00286397325842574,0.0107652428168003,-0.00710688344824306));
#9355=CARTESIAN_POINT('',(-0.0016583123951777,0.0104999999999895,-0.0055));
#9356=CARTESIAN_POINT('',(-0.00286397325842574,0.0154999999999896,-0.0055));
#9357=CARTESIAN_POINT('',(-0.00286397325842574,0.0104999999999895,-0.0055));
#9358=CARTESIAN_POINT('',(8.67361737988404E-19,0.0104999999999895,-0.0055));
#9359=CARTESIAN_POINT('',(0.0109999999999997,0.0104999999999895,-0.0665));
#9360=CARTESIAN_POINT('',(0.025,0.0104999999999895,-0.01));
#9361=CARTESIAN_POINT('',(0.025,0.0104999999999895,-0.00835));
#9362=CARTESIAN_POINT('',(-2.16840434497101E-19,0.0104999999999895,-0.008));
#9363=CARTESIAN_POINT('',(-2.16840434497101E-19,0.0104999999999895,-0.00635));
#9364=CARTESIAN_POINT('',(0.,0.0104999999999895,-0.008));
#9365=CARTESIAN_POINT('',(0.0016583123951777,0.0104999999999895,-0.0105));
#9366=CARTESIAN_POINT('',(8.67361737988404E-19,0.0104999999999895,-0.0055));
#9367=CARTESIAN_POINT('',(0.0072689437438234,0.0104999999999895,-0.0055));
#9368=CARTESIAN_POINT('',(0.0072689437438234,0.0104999999999895,-0.0155));
#9369=CARTESIAN_POINT('',(0.00969429999418673,0.0104999999999895,-0.0057985749985467));
#9370=CARTESIAN_POINT('',(0.0125,0.0104999999999895,-0.0065));
#9371=CARTESIAN_POINT('',(0.0153057000058132,0.0104999999999895,-0.00720142500145333));
#9372=CARTESIAN_POINT('',(0.0177310562561766,0.0104999999999895,0.0025));
#9373=CARTESIAN_POINT('',(0.0177310562561766,0.0104999999999895,-0.0075));
#9374=CARTESIAN_POINT('',(0.0219,0.0104999999999895,-0.0075));
#9375=CARTESIAN_POINT('',(0.0286937515251343,0.0104999999999895,-0.0075));
#9376=CARTESIAN_POINT('',(0.0286937515251343,0.0104999999999895,-0.0175));
#9377=CARTESIAN_POINT('',(0.0365024396195646,0.0104999999999895,-0.0112530495244558));
#9378=CARTESIAN_POINT('',(0.0375,0.0104999999999895,-0.0125));
#9379=CARTESIAN_POINT('',(0.0380036594293469,0.0104999999999895,-0.0131295742866836));
#9380=CARTESIAN_POINT('',(0.0262906272877014,0.0104999999999895,-0.0225));
#9381=CARTESIAN_POINT('',(0.0266653481182711,0.0104999999999895,-0.00750468125383336));
#9382=CARTESIAN_POINT('',(0.025,0.0104999999999895,-0.01));
#9383=CARTESIAN_POINT('',(0.0233416876048223,0.0104999999999895,-0.0125));
#9384=CARTESIAN_POINT('',(0.0234906738172394,0.0104999999999895,-0.0125));
#9385=CARTESIAN_POINT('',(0.0171155281280883,0.0104999999999895,-0.0125));
#9386=CARTESIAN_POINT('',(0.0171155281280883,0.0104999999999895,-0.0025));
#9387=CARTESIAN_POINT('',(0.014690171877725,0.0104999999999895,-0.0122014250014533));
#9388=CARTESIAN_POINT('',(0.0118844718719117,0.0104999999999895,-0.0115));
#9389=CARTESIAN_POINT('',(0.00907877186609842,0.0104999999999895,-0.0107985749985467));
#9390=CARTESIAN_POINT('',(0.00665341561573509,0.0104999999999895,-0.0205));
#9391=CARTESIAN_POINT('',(0.00665341561573509,0.0104999999999895,-0.0105));
#9392=CARTESIAN_POINT('',(0.000631573726218232,0.0104999999999895,-0.0105));
#9393=CARTESIAN_POINT('',(0.0109999999999997,0.0104999999999895,-0.0665));
#9394=CARTESIAN_POINT('',(-0.0395000000000006,0.0104999999999895,-0.0175));
#9395=CARTESIAN_POINT('',(-0.0395000000000006,0.0104999999999895,-0.01625));
#9396=CARTESIAN_POINT('',(-0.0382500000000006,0.0104999999999895,-0.0175));
#9397=CARTESIAN_POINT('',(-0.0395000000000006,0.0104999999999895,-0.0125));
#9398=CARTESIAN_POINT('',(-0.0395000000000006,0.0104999999999895,-0.0125));
#9399=CARTESIAN_POINT('',(-0.025,0.0104999999999895,-0.0125));
#9400=CARTESIAN_POINT('',(-0.0233416876048223,0.0104999999999895,-0.0125));
#9401=CARTESIAN_POINT('',(-0.025,0.0104999999999895,-0.015));
#9402=CARTESIAN_POINT('',(-0.0266583123951777,0.0104999999999895,-0.0175));
#9403=CARTESIAN_POINT('',(-0.029560662209738,0.0104999999999895,-0.0175));
#9404=CARTESIAN_POINT('',(-0.025,0.0104999999999895,-0.015));
#9405=CARTESIAN_POINT('',(-0.025,0.0104999999999895,-0.01335));
#9406=CARTESIAN_POINT('',(0.0109999999999997,0.0104999999999895,-0.0665));
#9407=CARTESIAN_POINT('',(-0.0183786755805248,0.0104999999999895,-0.0075));
#9408=CARTESIAN_POINT('',(-0.0150861525411821,0.0104999999999895,-0.0112628834735344));
#9409=CARTESIAN_POINT('',(-0.0183786755805248,0.0104999999999895,-0.0125));
#9410=CARTESIAN_POINT('',(-0.0233416876048223,0.0104999999999895,-0.0125));
#9411=CARTESIAN_POINT('',(-0.0202573511610495,0.0104999999999895,-0.0125));
#9412=CARTESIAN_POINT('',(-0.0202573511610495,0.0104999999999895,-0.0025));
#9413=CARTESIAN_POINT('',(-0.0136723050823643,0.0104999999999895,-0.0100257669470688));
#9414=CARTESIAN_POINT('',(-0.0150861525411821,0.0104999999999895,-0.0112628834735344));
#9415=CARTESIAN_POINT('',(0.0109999999999997,0.0104999999999895,-0.0665));
#9416=CARTESIAN_POINT('',(0.0615,0.0104999999999895,-0.0225));
#9417=CARTESIAN_POINT('',(0.06025,0.0104999999999895,-0.0225));
#9418=CARTESIAN_POINT('',(0.0615,0.0104999999999895,-0.02125));
#9419=CARTESIAN_POINT('',(0.0527984378812836,0.0104999999999895,-0.0225));
#9420=CARTESIAN_POINT('',(0.0516583123951777,0.0104999999999895,-0.0225));
#9421=CARTESIAN_POINT('',(0.05,0.0104999999999895,-0.02));
#9422=CARTESIAN_POINT('',(0.0483416876048223,0.0104999999999895,-0.0175));
#9423=CARTESIAN_POINT('',(0.05,0.0104999999999895,-0.0175));
#9424=CARTESIAN_POINT('',(0.0615,0.0104999999999895,-0.0175));
#9425=CARTESIAN_POINT('',(0.0615,0.0104999999999895,-0.0665));
#9426=CARTESIAN_POINT('',(0.05,0.0104999999999895,-0.02));
#9427=CARTESIAN_POINT('',(0.05,0.0104999999999895,-0.01835));
#9428=CARTESIAN_POINT('',(-0.00635,-0.005,-0.0055));
#9429=CARTESIAN_POINT('',(8.67361737988404E-19,0.0104999999999895,-0.0055));
#9430=CARTESIAN_POINT('',(-0.0047426488389505,0.0104999999999895,-0.0055));
#9431=CARTESIAN_POINT('',(-0.0047426488389505,-0.005,-0.0055));
#9432=CARTESIAN_POINT('',(-0.0047426488389505,0.005,-0.0055));
#9433=CARTESIAN_POINT('',(8.67361737988404E-19,0.005,-0.0055));
#9434=CARTESIAN_POINT('',(-0.002,0.005,-0.0055));
#9435=CARTESIAN_POINT('',(8.67361737988404E-19,0.005,-0.0055));
#9436=CARTESIAN_POINT('',(0.002,0.005,-0.0055));
#9437=CARTESIAN_POINT('',(8.67361737988404E-19,0.005,-0.0055));
#9438=CARTESIAN_POINT('',(0.0072689437438234,0.005,-0.0055));
#9439=CARTESIAN_POINT('',(0.0072689437438234,-0.005,-0.0055));
#9440=CARTESIAN_POINT('',(-0.00635,-0.005,-0.0055));
#9441=CARTESIAN_POINT('',(0.00635,-0.005,-0.0055));
#9442=CARTESIAN_POINT('',(0.0042,-0.005,-0.0055));
#9443=CARTESIAN_POINT('',(0.0072689437438234,-0.005,-0.0055));
#9444=CARTESIAN_POINT('',(0.0072689437438234,-0.005,-0.0055));
#9445=CARTESIAN_POINT('',(0.0072689437438234,0.003,-0.0055));
#9446=CARTESIAN_POINT('',(0.0075,0.003,-0.0055));
#9447=CARTESIAN_POINT('',(0.0042,0.003,-0.0055));
#9448=CARTESIAN_POINT('',(0.0042,-0.005,-0.0055));
#9449=CARTESIAN_POINT('',(-0.03135,-0.005,-0.0125));
#9450=CARTESIAN_POINT('',(-0.01865,-0.005,-0.0125));
#9451=CARTESIAN_POINT('',(-0.0208,-0.005,-0.0125));
#9452=CARTESIAN_POINT('',(-0.0202573511610495,-0.005,-0.0125));
#9453=CARTESIAN_POINT('',(-0.0202573511610495,0.0104999999999895,-0.0125));
#9454=CARTESIAN_POINT('',(-0.0202573511610495,0.003,-0.0125));
#9455=CARTESIAN_POINT('',(-0.0175,0.003,-0.0125));
#9456=CARTESIAN_POINT('',(-0.0208,0.003,-0.0125));
#9457=CARTESIAN_POINT('',(-0.0208,-0.005,-0.0125));
#9458=CARTESIAN_POINT('',(0.01865,-0.005,-0.0075));
#9459=CARTESIAN_POINT('',(0.0177310562561766,-0.005,-0.0075));
#9460=CARTESIAN_POINT('',(0.0177310562561766,0.005,-0.0075));
#9461=CARTESIAN_POINT('',(0.03135,0.005,-0.0075));
#9462=CARTESIAN_POINT('',(0.023,0.005,-0.0075));
#9463=CARTESIAN_POINT('',(0.03135,0.005,-0.0075));
#9464=CARTESIAN_POINT('',(0.027,0.005,-0.0075));
#9465=CARTESIAN_POINT('',(0.03135,0.005,-0.0075));
#9466=CARTESIAN_POINT('',(0.0286937515251343,0.005,-0.0075));
#9467=CARTESIAN_POINT('',(0.0286937515251343,-0.005,-0.0075));
#9468=CARTESIAN_POINT('',(-0.0430000000000006,-0.005,-0.080000000000001));
#9469=CARTESIAN_POINT('',(-0.0500000000000013,1.56142466891287E-19,-0.080000000000001));
#9470=CARTESIAN_POINT('',(-0.0474500000000013,1.56142466891287E-19,-0.080000000000001));
#9471=CARTESIAN_POINT('',(-0.0430000000000006,0.005,-0.080000000000001));
#9472=CARTESIAN_POINT('',(-0.0445000000000006,0.005,-0.080000000000001));
#9473=CARTESIAN_POINT('',(-0.0440207259421643,0.005,-0.080000000000001));
#9474=CARTESIAN_POINT('',(-0.0440207259421643,-0.005,-0.080000000000001));
#9475=CARTESIAN_POINT('',(-0.0440207259421643,-0.005,-0.080000000000001));
#9476=CARTESIAN_POINT('',(-0.0430000000000006,-0.005,-0.080000000000001));
#9477=CARTESIAN_POINT('',(-0.0496000000000019,-0.005,-0.0800000000000009));
#9478=CARTESIAN_POINT('',(-0.0496000000000019,0.,-0.080000000000001));
#9479=CARTESIAN_POINT('',(-0.0496000000000019,0.005,-0.080000000000001));
#9480=CARTESIAN_POINT('',(-0.0430000000000006,0.005,-0.080000000000001));
#9481=CARTESIAN_POINT('',(-0.0430000000000006,-0.005,-0.0840000000000012));
#9482=CARTESIAN_POINT('',(-0.0440207259421642,-0.005,-0.0840000000000012));
#9483=CARTESIAN_POINT('',(-0.0440207259421642,0.005,-0.0840000000000012));
#9484=CARTESIAN_POINT('',(-0.0440207259421642,-0.005,-0.0840000000000012));
#9485=CARTESIAN_POINT('',(-0.0430000000000006,0.005,-0.0840000000000012));
#9486=CARTESIAN_POINT('',(-0.0445000000000006,0.005,-0.0840000000000012));
#9487=CARTESIAN_POINT('',(-0.0430000000000006,0.005,-0.0840000000000012));
#9488=CARTESIAN_POINT('',(-0.0496000000000019,0.005,-0.0840000000000012));
#9489=CARTESIAN_POINT('',(-0.0496000000000019,0.,-0.0840000000000012));
#9490=CARTESIAN_POINT('',(-0.0496000000000019,-0.005,-0.0840000000000012));
#9491=CARTESIAN_POINT('',(-0.0430000000000006,-0.005,-0.0840000000000012));
#9492=CARTESIAN_POINT('',(-0.0500000000000014,1.56142466891287E-19,-0.0840000000000012));
#9493=CARTESIAN_POINT('',(-0.0474500000000014,1.56142466891287E-19,-0.0840000000000012));
#9494=CARTESIAN_POINT('',(-0.027,-0.005,-0.014));
#9495=CARTESIAN_POINT('',(-0.027,-0.005,-0.0170207259421637));
#9496=CARTESIAN_POINT('',(-0.027,-0.005,-0.0170207259421637));
#9497=CARTESIAN_POINT('',(-0.027,0.005,-0.0170207259421637));
#9498=CARTESIAN_POINT('',(-0.027,-0.005,-0.014));
#9499=CARTESIAN_POINT('',(-0.027,-0.005,-0.0205));
#9500=CARTESIAN_POINT('',(-0.027,-0.005,-0.0205));
#9501=CARTESIAN_POINT('',(-0.027,0.005,-0.0205));
#9502=CARTESIAN_POINT('',(-0.027,0.005,-0.014));
#9503=CARTESIAN_POINT('',(-0.023,-0.005,-0.014));
#9504=CARTESIAN_POINT('',(-0.023,-0.005,-0.014));
#9505=CARTESIAN_POINT('',(-0.023,-0.005,-0.0170207259421637));
#9506=CARTESIAN_POINT('',(-0.023,-0.005,-0.0205));
#9507=CARTESIAN_POINT('',(-0.023,-0.005,-0.0170207259421637));
#9508=CARTESIAN_POINT('',(-0.023,0.005,-0.0170207259421637));
#9509=CARTESIAN_POINT('',(-0.023,0.005,-0.014));
#9510=CARTESIAN_POINT('',(-0.023,0.005,-0.0205));
#9511=CARTESIAN_POINT('',(-0.023,-0.005,-0.0205));
#9512=CARTESIAN_POINT('',(-0.002,-0.005,-0.007));
#9513=CARTESIAN_POINT('',(-0.002,-0.005,-0.00597927405783632));
#9514=CARTESIAN_POINT('',(-0.002,0.005,-0.00597927405783632));
#9515=CARTESIAN_POINT('',(-0.002,-0.005,-0.00597927405783632));
#9516=CARTESIAN_POINT('',(-0.002,0.005,-0.007));
#9517=CARTESIAN_POINT('',(-0.002,0.005,-0.007));
#9518=CARTESIAN_POINT('',(-0.002,0.005,-0.000400000000000013));
#9519=CARTESIAN_POINT('',(-0.002,0.,-0.000400000000000013));
#9520=CARTESIAN_POINT('',(-0.002,-0.005,-0.000400000000000013));
#9521=CARTESIAN_POINT('',(-0.002,-0.005,-0.007));
#9522=CARTESIAN_POINT('',(-0.002,1.7347234759768E-18,-4.53712088276081E-18));
#9523=CARTESIAN_POINT('',(-0.002,1.7347234759768E-18,-0.00255));
#9524=CARTESIAN_POINT('',(0.002,-0.005,-0.000400000000000011));
#9525=CARTESIAN_POINT('',(0.002,-0.005,-0.0100207259421637));
#9526=CARTESIAN_POINT('',(0.002,0.005,-0.0100207259421637));
#9527=CARTESIAN_POINT('',(0.002,-0.005,-0.0100207259421637));
#9528=CARTESIAN_POINT('',(0.002,0.005,-0.000400000000000011));
#9529=CARTESIAN_POINT('',(0.002,0.005,-0.0135));
#9530=CARTESIAN_POINT('',(0.002,-0.005,-0.0135));
#9531=CARTESIAN_POINT('',(0.002,-0.005,-0.0135));
#9532=CARTESIAN_POINT('',(0.002,-0.005,-0.000400000000000011));
#9533=CARTESIAN_POINT('',(0.023,-0.005,-0.009));
#9534=CARTESIAN_POINT('',(0.023,-0.005,-0.00797927405783632));
#9535=CARTESIAN_POINT('',(0.023,0.005,-0.00797927405783632));
#9536=CARTESIAN_POINT('',(0.023,-0.005,-0.00797927405783632));
#9537=CARTESIAN_POINT('',(0.023,0.005,-0.009));
#9538=CARTESIAN_POINT('',(0.023,0.005,-0.009));
#9539=CARTESIAN_POINT('',(0.023,0.005,-0.0024));
#9540=CARTESIAN_POINT('',(0.023,-8.67361737988404E-19,-0.0024));
#9541=CARTESIAN_POINT('',(0.023,-0.005,-0.0024));
#9542=CARTESIAN_POINT('',(0.023,-0.005,-0.009));
#9543=CARTESIAN_POINT('',(0.023,2.60208521396521E-18,-0.002));
#9544=CARTESIAN_POINT('',(0.023,2.60208521396521E-18,-0.00455));
#9545=CARTESIAN_POINT('',(0.027,-0.005,-0.0024));
#9546=CARTESIAN_POINT('',(0.027,-0.005,-0.0024));
#9547=CARTESIAN_POINT('',(0.027,-0.005,-0.0120207259421637));
#9548=CARTESIAN_POINT('',(0.027,-0.005,-0.015734134178226));
#9549=CARTESIAN_POINT('',(0.027,-0.005,-0.0120207259421637));
#9550=CARTESIAN_POINT('',(0.027,0.005,-0.0120207259421637));
#9551=CARTESIAN_POINT('',(0.027,0.005,-0.0024));
#9552=CARTESIAN_POINT('',(0.027,0.005,-0.015734134178226));
#9553=CARTESIAN_POINT('',(0.027,0.005,-0.015734134178226));
#9554=CARTESIAN_POINT('',(0.048,-0.005,-0.019));
#9555=CARTESIAN_POINT('',(0.048,-0.005,-0.0179792740578363));
#9556=CARTESIAN_POINT('',(0.048,0.005,-0.0179792740578363));
#9557=CARTESIAN_POINT('',(0.048,-0.005,-0.0179792740578363));
#9558=CARTESIAN_POINT('',(0.048,0.005,-0.019));
#9559=CARTESIAN_POINT('',(0.048,0.005,-0.0175));
#9560=CARTESIAN_POINT('',(0.048,0.005,-0.019));
#9561=CARTESIAN_POINT('',(0.048,0.005,-0.0124));
#9562=CARTESIAN_POINT('',(0.048,-8.67361737988404E-19,-0.0124));
#9563=CARTESIAN_POINT('',(0.048,-0.005,-0.0124));
#9564=CARTESIAN_POINT('',(0.048,-0.005,-0.019));
#9565=CARTESIAN_POINT('',(0.048,9.54097911787244E-18,-0.012));
#9566=CARTESIAN_POINT('',(0.048,9.54097911787244E-18,-0.01455));
#9567=CARTESIAN_POINT('',(0.052,-0.005,-0.0124));
#9568=CARTESIAN_POINT('',(0.052,-0.005,-0.0124));
#9569=CARTESIAN_POINT('',(0.052,-0.005,-0.0220207259421637));
#9570=CARTESIAN_POINT('',(0.052,-0.005,-0.0255));
#9571=CARTESIAN_POINT('',(0.052,-0.005,-0.0220207259421637));
#9572=CARTESIAN_POINT('',(0.052,0.005,-0.0220207259421637));
#9573=CARTESIAN_POINT('',(0.052,0.005,-0.0124));
#9574=CARTESIAN_POINT('',(0.052,0.005,-0.0255));
#9575=CARTESIAN_POINT('',(0.052,-0.005,-0.0255));
#9576=CARTESIAN_POINT('',(0.00574999999999969,0.0354999999999896,-0.06125));
#9577=CARTESIAN_POINT('',(-0.0169500058317722,0.0354999999999896,-0.0820000001653549));
#9578=CARTESIAN_POINT('',(-0.0169500058317722,0.0354999999999896,-0.0948000001653549));
#9579=CARTESIAN_POINT('',(-0.0169500058317722,0.0354999999999896,-0.0692000001653549));
#9580=CARTESIAN_POINT('',(-0.0110000058317723,0.0354999999999896,-0.0948000001653549));
#9581=CARTESIAN_POINT('',(-0.00505000583177226,0.0354999999999896,-0.0948000001653549));
#9582=CARTESIAN_POINT('',(-0.00505000583177226,0.0354999999999896,-0.0820000001653549));
#9583=CARTESIAN_POINT('',(-0.00505000583177226,0.0354999999999896,-0.0692000001653549));
#9584=CARTESIAN_POINT('',(-0.0110000058317723,0.0354999999999896,-0.0692000001653549));
#9585=CARTESIAN_POINT('',(-0.0275000058317723,0.0354999999999896,-0.0740000001653548));
#9586=CARTESIAN_POINT('',(-0.0275000058317723,0.0354999999999896,-0.0761500001653548));
#9587=CARTESIAN_POINT('',(0.00249999416822776,0.0354999999999896,-0.0900000001653548));
#9588=CARTESIAN_POINT('',(0.00249999416822776,0.0354999999999896,-0.0921500001653548));
#9589=CARTESIAN_POINT('',(-0.0275000058317723,0.0354999999999896,-0.0900000001653548));
#9590=CARTESIAN_POINT('',(-0.0275000058317723,0.0354999999999896,-0.0921500001653548));
#9591=CARTESIAN_POINT('',(-0.008,0.0354999999999896,-0.0295));
#9592=CARTESIAN_POINT('',(-0.008,0.0354999999999896,-0.03165));
#9593=CARTESIAN_POINT('',(-0.017,0.0354999999999896,-0.0295));
#9594=CARTESIAN_POINT('',(-0.017,0.0354999999999896,-0.03165));
#9595=CARTESIAN_POINT('',(-0.033,0.0354999999999896,-0.0295));
#9596=CARTESIAN_POINT('',(-0.033,0.0354999999999896,-0.03165));
#9597=CARTESIAN_POINT('',(0.058,0.0354999999999896,-0.0595));
#9598=CARTESIAN_POINT('',(0.058,0.0354999999999896,-0.06165));
#9599=CARTESIAN_POINT('',(0.008,0.0354999999999896,-0.0295));
#9600=CARTESIAN_POINT('',(0.008,0.0354999999999896,-0.03165));
#9601=CARTESIAN_POINT('',(0.017,0.0354999999999896,-0.0295));
#9602=CARTESIAN_POINT('',(0.017,0.0354999999999896,-0.03165));
#9603=CARTESIAN_POINT('',(0.033,0.0354999999999896,-0.0295));
#9604=CARTESIAN_POINT('',(0.033,0.0354999999999896,-0.03165));
#9605=CARTESIAN_POINT('',(0.042,0.0354999999999896,-0.0595));
#9606=CARTESIAN_POINT('',(0.042,0.0354999999999896,-0.06165));
#9607=CARTESIAN_POINT('',(0.033,0.0354999999999896,-0.0595));
#9608=CARTESIAN_POINT('',(0.033,0.0354999999999896,-0.06165));
#9609=CARTESIAN_POINT('',(0.017,0.0354999999999896,-0.0595));
#9610=CARTESIAN_POINT('',(0.017,0.0354999999999896,-0.06165));
#9611=CARTESIAN_POINT('',(0.008,0.0354999999999896,-0.0595));
#9612=CARTESIAN_POINT('',(0.008,0.0354999999999896,-0.06165));
#9613=CARTESIAN_POINT('',(0.00249999416822774,0.0354999999999896,-0.0740000001653548));
#9614=CARTESIAN_POINT('',(0.00249999416822774,0.0354999999999896,-0.0761500001653548));
#9615=CARTESIAN_POINT('',(-0.033,0.0354999999999896,-0.0595));
#9616=CARTESIAN_POINT('',(-0.033,0.0354999999999896,-0.06165));
#9617=CARTESIAN_POINT('',(-0.017,0.0354999999999896,-0.0595));
#9618=CARTESIAN_POINT('',(-0.017,0.0354999999999896,-0.06165));
#9619=CARTESIAN_POINT('',(-0.008,0.0354999999999896,-0.0595));
#9620=CARTESIAN_POINT('',(-0.008,0.0354999999999896,-0.06165));
#9621=CARTESIAN_POINT('',(-0.0395000000000006,0.0354999999999896,-0.06125));
#9622=CARTESIAN_POINT('',(-0.0395000000000006,0.0354999999999896,-0.0980226254434832));
#9623=CARTESIAN_POINT('',(-0.0395000000000006,0.0354999999999896,-0.0940000000000012));
#9624=CARTESIAN_POINT('',(-0.0345000000000006,0.0354999999999896,-0.0940000000000012));
#9625=CARTESIAN_POINT('',(-0.0345000000000006,0.0354999999999896,-0.0940000000000012));
#9626=CARTESIAN_POINT('',(-0.0345000000000006,0.0354999999999896,-0.06125));
#9627=CARTESIAN_POINT('',(-0.0345000000000006,0.0354999999999896,-0.070000000000001));
#9628=CARTESIAN_POINT('',(0.00574999999999969,0.0354999999999896,-0.070000000000001));
#9629=CARTESIAN_POINT('',(-0.0395000000000006,0.0354999999999896,-0.070000000000001));
#9630=CARTESIAN_POINT('',(-0.0395000000000006,0.0354999999999896,-0.06125));
#9631=CARTESIAN_POINT('',(-0.0395000000000006,0.0354999999999896,-0.0225));
#9632=CARTESIAN_POINT('',(-0.0183786755805248,0.0354999999999896,-0.0225));
#9633=CARTESIAN_POINT('',(-0.0183786755805248,0.0354999999999896,-0.0225));
#9634=CARTESIAN_POINT('',(-0.0183786755805248,0.0354999999999896,-0.0075));
#9635=CARTESIAN_POINT('',(-0.00850110646249698,0.0354999999999896,-0.0187886504206032));
#9636=CARTESIAN_POINT('',(-0.00615649629776833,0.0354999999999896,-0.0167371165264656));
#9637=CARTESIAN_POINT('',(-0.00615649629776834,0.0354999999999896,-0.0167371165264657));
#9638=CARTESIAN_POINT('',(-0.00286397325842574,0.0354999999999896,-0.0205));
#9639=CARTESIAN_POINT('',(-0.00286397325842574,0.0354999999999896,-0.0155));
#9640=CARTESIAN_POINT('',(0.00665341561573509,0.0354999999999896,-0.0155));
#9641=CARTESIAN_POINT('',(0.00665341561573509,0.0354999999999896,-0.0155));
#9642=CARTESIAN_POINT('',(0.00665341561573509,0.0354999999999896,-0.0205));
#9643=CARTESIAN_POINT('',(0.00786609374091675,0.0354999999999896,-0.0156492874992733));
#9644=CARTESIAN_POINT('',(0.0134774937525433,0.0354999999999896,-0.01705213750218));
#9645=CARTESIAN_POINT('',(0.0134774937525433,0.0354999999999896,-0.01705213750218));
#9646=CARTESIAN_POINT('',(0.0171155281280883,0.0354999999999896,-0.0025));
#9647=CARTESIAN_POINT('',(0.0171155281280883,0.0354999999999896,-0.0175));
#9648=CARTESIAN_POINT('',(0.0233416876048223,0.0354999999999896,-0.0175));
#9649=CARTESIAN_POINT('',(0.0262906305769754,0.0354999999999896,-0.0175000000000011));
#9650=CARTESIAN_POINT('',(0.0262906272877014,0.0354999999999896,-0.0225));
#9651=CARTESIAN_POINT('',(0.0301949713349166,0.0354999999999896,-0.0193765247622279));
#9652=CARTESIAN_POINT('',(0.0321900920957874,0.0354999999999896,-0.0218704257133164));
#9653=CARTESIAN_POINT('',(0.0321900920957874,0.0354999999999896,-0.0218704257133164));
#9654=CARTESIAN_POINT('',(0.0439031242374328,0.0354999999999896,-0.0125));
#9655=CARTESIAN_POINT('',(0.0418331358289228,0.0354999999999896,-0.0273564850482419));
#9656=CARTESIAN_POINT('',(0.042,0.0354999999999896,-0.0295));
#9657=CARTESIAN_POINT('',(0.0426367197856561,0.0354999999999896,-0.0274464450544108));
#9658=CARTESIAN_POINT('',(0.0439031242374328,0.0354999999999896,-0.0125));
#9659=CARTESIAN_POINT('',(0.0439031242374328,0.0354999999999896,-0.0275));
#9660=CARTESIAN_POINT('',(0.0665,0.0354999999999896,-0.0275));
#9661=CARTESIAN_POINT('',(0.0572110133080971,0.0354999999999896,-0.0275));
#9662=CARTESIAN_POINT('',(0.058,0.0354999999999896,-0.0295));
#9663=CARTESIAN_POINT('',(0.058788986691903,0.0354999999999896,-0.0275));
#9664=CARTESIAN_POINT('',(0.0665,0.0354999999999896,-0.0275));
#9665=CARTESIAN_POINT('',(0.0615,0.0354999999999896,-0.0275));
#9666=CARTESIAN_POINT('',(0.0615,0.0354999999999896,-0.0980226254434832));
#9667=CARTESIAN_POINT('',(0.0615,0.0354999999999896,-0.03705));
#9668=CARTESIAN_POINT('',(0.0109999999999997,0.0354999999999896,-0.03705));
#9669=CARTESIAN_POINT('',(-0.0385000000000006,0.0354999999999896,-0.03705));
#9670=CARTESIAN_POINT('',(-0.0385000000000006,0.0354999999999896,-0.06125));
#9671=CARTESIAN_POINT('',(-0.0385000000000006,0.0354999999999896,-0.05195));
#9672=CARTESIAN_POINT('',(0.0109999999999997,0.0354999999999896,-0.05195));
#9673=CARTESIAN_POINT('',(0.0615,0.0354999999999896,-0.05195));
#9674=CARTESIAN_POINT('',(0.0615,0.0354999999999896,-0.0980226254434832));
#9675=CARTESIAN_POINT('',(0.0615,0.0354999999999896,-0.0980226254434832));
#9676=CARTESIAN_POINT('',(0.0565,0.0354999999999896,-0.0980226254434832));
#9677=CARTESIAN_POINT('',(0.0598300788465443,0.0354999999999896,-0.101752313751613));
#9678=CARTESIAN_POINT('',(0.0498604818347895,0.0354999999999896,-0.110653739654965));
#9679=CARTESIAN_POINT('',(0.0380154193432452,0.0354999999999896,-0.12122968830813));
#9680=CARTESIAN_POINT('',(0.034685340496701,0.0354999999999896,-0.1175));
#9681=CARTESIAN_POINT('',(0.034685340496701,0.0354999999999896,-0.1225));
#9682=CARTESIAN_POINT('',(0.00574999999999969,0.0354999999999896,-0.1225));
#9683=CARTESIAN_POINT('',(-0.0126853404967015,0.0354999999999896,-0.1225));
#9684=CARTESIAN_POINT('',(-0.0126853404967015,0.0354999999999896,-0.1175));
#9685=CARTESIAN_POINT('',(-0.0160154193432458,0.0354999999999896,-0.12122968830813));
#9686=CARTESIAN_POINT('',(-0.0337029232826255,0.0354999999999896,-0.105437274076541));
#9687=CARTESIAN_POINT('',(-0.0378300788465449,0.0354999999999896,-0.101752313751613));
#9688=CARTESIAN_POINT('',(-0.0345000000000006,0.0354999999999896,-0.0980226254434832));
#9689=CARTESIAN_POINT('',(-0.029560662209738,0.0104999999999895,-0.0175));
#9690=CARTESIAN_POINT('',(-0.0233416876048223,0.0104999999999895,-0.0175));
#9691=CARTESIAN_POINT('',(-0.0233416876048223,0.0154999999999896,-0.0175));
#9692=CARTESIAN_POINT('',(-0.0233416876048223,0.0304999999999896,-0.0175));
#9693=CARTESIAN_POINT('',(-0.0183786755805248,0.0154999999999896,-0.0175));
#9694=CARTESIAN_POINT('',(-0.0183786755805248,0.0154999999999896,-0.0175));
#9695=CARTESIAN_POINT('',(-0.0183786755805248,0.0354999999999896,-0.0175));
#9696=CARTESIAN_POINT('',(-0.0183786755805248,0.0304999999999896,-0.0175));
#9697=CARTESIAN_POINT('',(-0.0233416876048223,0.0304999999999896,-0.0175));
#9698=CARTESIAN_POINT('',(0.0527984378812836,0.0104999999999895,-0.0225));
#9699=CARTESIAN_POINT('',(0.06025,0.176458155253291,-0.0225));
#9700=CARTESIAN_POINT('',(0.06025,0.0304999999999896,-0.0225));
#9701=CARTESIAN_POINT('',(0.0516583123951777,0.0304999999999896,-0.0225));
#9702=CARTESIAN_POINT('',(0.0516583123951777,0.0304999999999896,-0.0225));
#9703=CARTESIAN_POINT('',(0.0516583123951777,0.0104999999999895,-0.0225));
#9704=CARTESIAN_POINT('',(0.000631573726218232,0.0104999999999895,-0.0105));
#9705=CARTESIAN_POINT('',(0.00665341561573509,0.0104999999999895,-0.0105));
#9706=CARTESIAN_POINT('',(0.00665341561573509,0.0304999999999896,-0.0105));
#9707=CARTESIAN_POINT('',(0.0016583123951777,0.0304999999999896,-0.0105));
#9708=CARTESIAN_POINT('',(0.0016583123951777,0.0304999999999896,-0.0105));
#9709=CARTESIAN_POINT('',(0.0016583123951777,0.0104999999999895,-0.0105));
#9710=CARTESIAN_POINT('',(-0.0395000000000006,0.0104999999999895,-0.0820000000000011));
#9711=CARTESIAN_POINT('',(-0.0395000000000006,0.0104999999999895,-0.0890000000000012));
#9712=CARTESIAN_POINT('',(-0.0395000000000006,0.0154999999999896,-0.0890000000000012));
#9713=CARTESIAN_POINT('',(-0.0395000000000006,0.0304999999999896,-0.0890000000000012));
#9714=CARTESIAN_POINT('',(-0.0395000000000006,0.0154999999999896,-0.0820000000000011));
#9715=CARTESIAN_POINT('',(-0.0395000000000006,0.0154999999999896,-0.0836583123951788));
#9716=CARTESIAN_POINT('',(-0.0395000000000006,0.0104999999999895,-0.0836583123951788));
#9717=CARTESIAN_POINT('',(-0.0395000000000006,0.0304999999999896,-0.0836583123951788));
#9718=CARTESIAN_POINT('',(-0.0395000000000006,0.0304999999999896,-0.0820000000000011));
#9719=CARTESIAN_POINT('',(-0.03135,-0.005,-0.0125));
#9720=CARTESIAN_POINT('',(-0.0395000000000006,-0.005,-0.0125));
#9721=CARTESIAN_POINT('',(-0.0395000000000006,-0.005,-0.0125));
#9722=CARTESIAN_POINT('',(-0.03135,-0.005,-0.0125));
#9723=CARTESIAN_POINT('',(-0.0292,-0.005,-0.0125));
#9724=CARTESIAN_POINT('',(-0.0292,-0.005,-0.0125));
#9725=CARTESIAN_POINT('',(-0.0292,0.003,-0.0125));
#9726=CARTESIAN_POINT('',(-0.0325,0.003,-0.0125));
#9727=CARTESIAN_POINT('',(-0.0325,0.003,-0.0125));
#9728=CARTESIAN_POINT('',(-0.0325,-0.005,-0.0125));
#9729=CARTESIAN_POINT('',(-0.0325,0.005,-0.0125));
#9730=CARTESIAN_POINT('',(-0.025,0.005,-0.0125));
#9731=CARTESIAN_POINT('',(-0.027,0.005,-0.0125));
#9732=CARTESIAN_POINT('',(-0.025,0.005,-0.0125));
#9733=CARTESIAN_POINT('',(-0.023,0.005,-0.0125));
#9734=CARTESIAN_POINT('',(-0.025,0.005,-0.0125));
#9735=CARTESIAN_POINT('',(-0.0202573511610495,0.005,-0.0125));
#9736=CARTESIAN_POINT('',(-0.0202573511610495,0.0104999999999895,-0.0125));
#9737=CARTESIAN_POINT('',(-0.025,0.0104999999999895,-0.0125));
#9738=CARTESIAN_POINT('',(-0.0125,-0.005,-0.009));
#9739=CARTESIAN_POINT('',(-0.0125,0.0104999999999895,-0.009));
#9740=CARTESIAN_POINT('',(-0.0127415423764535,0.0104999999999895,-0.00921134957939685));
#9741=CARTESIAN_POINT('',(-0.0136723050823643,-0.005,-0.0100257669470688));
#9742=CARTESIAN_POINT('',(-0.0136723050823643,-0.005,-0.0100257669470688));
#9743=CARTESIAN_POINT('',(-0.0125,-0.005,-0.009));
#9744=CARTESIAN_POINT('',(-0.0113276949176357,-0.005,-0.00797423305293124));
#9745=CARTESIAN_POINT('',(-0.0113276949176357,-0.005,-0.00797423305293124));
#9746=CARTESIAN_POINT('',(-0.0113276949176357,0.0104999999999895,-0.00797423305293124));
#9747=CARTESIAN_POINT('',(-0.0125,0.0104999999999895,-0.009));
#9748=CARTESIAN_POINT('',(0.01865,-0.005,-0.0075));
#9749=CARTESIAN_POINT('',(0.0175,0.003,-0.0075));
#9750=CARTESIAN_POINT('',(0.0177310562561766,0.003,-0.0075));
#9751=CARTESIAN_POINT('',(0.0208,0.003,-0.0075));
#9752=CARTESIAN_POINT('',(0.0177310562561766,-0.005,-0.0075));
#9753=CARTESIAN_POINT('',(0.0177310562561766,-0.005,-0.0075));
#9754=CARTESIAN_POINT('',(0.01865,-0.005,-0.0075));
#9755=CARTESIAN_POINT('',(0.0208,-0.005,-0.0075));
#9756=CARTESIAN_POINT('',(0.0208,-0.005,-0.0075));
#9757=CARTESIAN_POINT('',(0.0125,-0.005,-0.0065));
#9758=CARTESIAN_POINT('',(0.0125,-0.005,-0.0065));
#9759=CARTESIAN_POINT('',(0.00969429999418673,-0.005,-0.0057985749985467));
#9760=CARTESIAN_POINT('',(0.0153057000058132,-0.005,-0.00720142500145333));
#9761=CARTESIAN_POINT('',(0.0153057000058132,0.0104999999999895,-0.00720142500145333));
#9762=CARTESIAN_POINT('',(0.00969429999418673,-0.005,-0.0057985749985467));
#9763=CARTESIAN_POINT('',(0.04365,-0.005,-0.0175));
#9764=CARTESIAN_POINT('',(0.0625,-0.005,-0.0175));
#9765=CARTESIAN_POINT('',(0.0542,-0.005,-0.0175));
#9766=CARTESIAN_POINT('',(0.0615,-0.005,-0.0175));
#9767=CARTESIAN_POINT('',(0.0615,-0.005,-0.0175));
#9768=CARTESIAN_POINT('',(0.05,0.0104999999999895,-0.0175));
#9769=CARTESIAN_POINT('',(0.0439031242374328,0.0104999999999895,-0.0175));
#9770=CARTESIAN_POINT('',(0.0439031242374328,0.0104999999999895,-0.0175));
#9771=CARTESIAN_POINT('',(0.0431019574167025,0.0104999999999895,-0.0175));
#9772=CARTESIAN_POINT('',(0.0423006887105267,0.0104918571473765,-0.0175));
#9773=CARTESIAN_POINT('',(0.0415,0.0105300685023713,-0.0175));
#9774=CARTESIAN_POINT('',(0.0415,0.0105300685023713,-0.0175));
#9775=CARTESIAN_POINT('',(0.0415,-0.005,-0.0175));
#9776=CARTESIAN_POINT('',(0.0415,-0.005,-0.0175));
#9777=CARTESIAN_POINT('',(0.04365,-0.005,-0.0175));
#9778=CARTESIAN_POINT('',(0.0458,-0.005,-0.0175));
#9779=CARTESIAN_POINT('',(0.0458,-0.005,-0.0175));
#9780=CARTESIAN_POINT('',(0.0458,0.003,-0.0175));
#9781=CARTESIAN_POINT('',(0.0425,0.003,-0.0175));
#9782=CARTESIAN_POINT('',(0.0425,0.003,-0.0175));
#9783=CARTESIAN_POINT('',(0.0425,-0.005,-0.0175));
#9784=CARTESIAN_POINT('',(0.0425,0.005,-0.0175));
#9785=CARTESIAN_POINT('',(0.0469,0.005,-0.0175));
#9786=CARTESIAN_POINT('',(0.0469,0.005,-0.0175));
#9787=CARTESIAN_POINT('',(0.052,0.005,-0.0175));
#9788=CARTESIAN_POINT('',(0.0469,0.005,-0.0175));
#9789=CARTESIAN_POINT('',(0.0575,0.005,-0.0175));
#9790=CARTESIAN_POINT('',(0.0575,-0.005,-0.0175));
#9791=CARTESIAN_POINT('',(0.0575,0.003,-0.0175));
#9792=CARTESIAN_POINT('',(0.0575,0.003,-0.0175));
#9793=CARTESIAN_POINT('',(0.0542,0.003,-0.0175));
#9794=CARTESIAN_POINT('',(0.0542,-0.005,-0.0175));
#9795=CARTESIAN_POINT('',(0.0375,-0.005,-0.0125));
#9796=CARTESIAN_POINT('',(0.0365024396195646,-0.005,-0.0112530495244558));
#9797=CARTESIAN_POINT('',(0.0365024396195646,-0.005,-0.0112530495244558));
#9798=CARTESIAN_POINT('',(0.0375,-0.005,-0.0125));
#9799=CARTESIAN_POINT('',(0.0415,0.0105300685023713,-0.0175));
#9800=CARTESIAN_POINT('',(0.0409998137279012,0.0104918571473765,-0.0168747671598766));
#9801=CARTESIAN_POINT('',(0.0404992651353929,0.0104999999999895,-0.0162490814192411));
#9802=CARTESIAN_POINT('',(0.0399987801902177,0.0104999999999895,-0.0156234752377721));
#9803=CARTESIAN_POINT('',(0.0399987801902177,0.0104999999999895,-0.0156234752377721));
#9804=CARTESIAN_POINT('',(0.0375,0.0104999999999895,-0.0125));
#9805=CARTESIAN_POINT('',(0.00574999999999969,0.0304999999999896,-0.06125));
#9806=CARTESIAN_POINT('',(-0.000175005831772254,0.0304999999999896,-0.0922000001653548));
#9807=CARTESIAN_POINT('',(0.00469999416822775,0.0304999999999896,-0.0922000001653548));
#9808=CARTESIAN_POINT('',(-0.00505000583177226,0.0304999999999896,-0.0922000001653548));
#9809=CARTESIAN_POINT('',(0.00469999416822775,0.0304999999999896,-0.0820000001653548));
#9810=CARTESIAN_POINT('',(0.00469999416822775,0.0304999999999896,-0.0718000001653548));
#9811=CARTESIAN_POINT('',(-0.000175005831772255,0.0304999999999896,-0.0718000001653548));
#9812=CARTESIAN_POINT('',(-0.00505000583177226,0.0304999999999896,-0.0718000001653548));
#9813=CARTESIAN_POINT('',(-0.00505000583177226,0.0304999999999896,-0.0820000001653549));
#9814=CARTESIAN_POINT('',(0.00249999416822776,0.0304999999999896,-0.0900000001653548));
#9815=CARTESIAN_POINT('',(0.00249999416822776,0.0304999999999896,-0.0911500001653548));
#9816=CARTESIAN_POINT('',(0.00249999416822774,0.0304999999999896,-0.0740000001653548));
#9817=CARTESIAN_POINT('',(0.00249999416822774,0.0304999999999896,-0.0751500001653548));
#9818=CARTESIAN_POINT('',(-0.0445000000000006,-0.005,-0.0430000000000005));
#9819=CARTESIAN_POINT('',(-0.0445000000000006,0.0104999999999895,-0.0851000000000012));
#9820=CARTESIAN_POINT('',(-0.0445000000000006,0.0104999999999895,-0.0940000000000012));
#9821=CARTESIAN_POINT('',(-0.0445000000000006,0.0104999999999895,-0.0836583123951788));
#9822=CARTESIAN_POINT('',(-0.0445000000000006,0.0304999999999896,-0.0940000000000012));
#9823=CARTESIAN_POINT('',(-0.0445000000000006,0.0304999999999896,-0.0940000000000012));
#9824=CARTESIAN_POINT('',(-0.0445000000000006,0.0304999999999896,-0.0430000000000005));
#9825=CARTESIAN_POINT('',(-0.0445000000000006,0.0304999999999896,-0.0980226254434832));
#9826=CARTESIAN_POINT('',(-0.0445000000000006,-0.005,-0.0980226254434832));
#9827=CARTESIAN_POINT('',(-0.0445000000000006,-0.005,-0.0980226254434832));
#9828=CARTESIAN_POINT('',(-0.0445000000000006,-0.005,-0.0883500000000012));
#9829=CARTESIAN_POINT('',(-0.0445000000000006,-0.005,-0.0862000000000012));
#9830=CARTESIAN_POINT('',(-0.0445000000000006,-0.005,-0.0862000000000012));
#9831=CARTESIAN_POINT('',(-0.0445000000000006,0.00299999999999946,-0.0862000000000012));
#9832=CARTESIAN_POINT('',(-0.0445000000000007,0.0029999999999995,-0.0895000000000012));
#9833=CARTESIAN_POINT('',(-0.0445000000000007,0.0029999999999995,-0.0895000000000012));
#9834=CARTESIAN_POINT('',(-0.0445000000000007,-0.005,-0.0895000000000012));
#9835=CARTESIAN_POINT('',(-0.0445000000000006,0.005,-0.0895000000000012));
#9836=CARTESIAN_POINT('',(-0.0445000000000006,0.005,-0.0851000000000012));
#9837=CARTESIAN_POINT('',(-0.0445000000000006,0.005,-0.0851000000000012));
#9838=CARTESIAN_POINT('',(-0.0445000000000006,0.005,-0.0851000000000012));
#9839=CARTESIAN_POINT('',(-0.0445000000000005,0.005,-0.074500000000001));
#9840=CARTESIAN_POINT('',(-0.0445000000000005,-0.005,-0.074500000000001));
#9841=CARTESIAN_POINT('',(-0.0445000000000006,0.0029999999999995,-0.074500000000001));
#9842=CARTESIAN_POINT('',(-0.0445000000000005,0.0029999999999995,-0.074500000000001));
#9843=CARTESIAN_POINT('',(-0.0445000000000005,0.0029999999999995,-0.077800000000001));
#9844=CARTESIAN_POINT('',(-0.0445000000000005,-0.005,-0.077800000000001));
#9845=CARTESIAN_POINT('',(-0.0445000000000005,-0.005,-0.077800000000001));
#9846=CARTESIAN_POINT('',(-0.0445000000000006,-0.005,-0.0430000000000005));
#9847=CARTESIAN_POINT('',(-0.0445000000000006,-0.005,-0.0175));
#9848=CARTESIAN_POINT('',(-0.0445000000000006,0.0104999999999895,-0.0175));
#9849=CARTESIAN_POINT('',(-0.0445000000000006,0.00549999999998955,-0.0175));
#9850=CARTESIAN_POINT('',(-0.0445000000000006,0.00549999999998955,-0.0175));
#9851=CARTESIAN_POINT('',(-0.0445000000000006,0.00549999999998955,-0.0225));
#9852=CARTESIAN_POINT('',(-0.0445000000000006,0.0354999999999896,-0.0225));
#9853=CARTESIAN_POINT('',(-0.0445000000000006,0.0304999999999896,-0.0225));
#9854=CARTESIAN_POINT('',(-0.0445000000000006,0.0304999999999896,-0.0430000000000005));
#9855=CARTESIAN_POINT('',(-0.0445000000000006,0.0304999999999896,-0.070000000000001));
#9856=CARTESIAN_POINT('',(-0.0445000000000006,-0.005,-0.070000000000001));
#9857=CARTESIAN_POINT('',(-0.0445000000000006,0.0104999999999895,-0.070000000000001));
#9858=CARTESIAN_POINT('',(-0.0445000000000006,0.0104999999999895,-0.0851000000000012));
#9859=CARTESIAN_POINT('',(-0.0445000000000006,0.0104999999999895,-0.0803416876048234));
#9860=CARTESIAN_POINT('',(-0.0445000000000006,0.0104999999999895,-0.0851000000000012));
#9861=CARTESIAN_POINT('',(-0.0430000000000006,-0.005,-0.080000000000001));
#9862=CARTESIAN_POINT('',(-0.0430000000000006,-0.005,-0.080000000000001));
#9863=CARTESIAN_POINT('',(-0.039979274057837,-0.005,-0.080000000000001));
#9864=CARTESIAN_POINT('',(-0.0385000000000006,-0.005,-0.080000000000001));
#9865=CARTESIAN_POINT('',(-0.039979274057837,-0.005,-0.080000000000001));
#9866=CARTESIAN_POINT('',(-0.039979274057837,0.005,-0.080000000000001));
#9867=CARTESIAN_POINT('',(-0.0430000000000006,0.005,-0.080000000000001));
#9868=CARTESIAN_POINT('',(-0.0385000000000006,0.005,-0.080000000000001));
#9869=CARTESIAN_POINT('',(-0.0385000000000006,-0.005,-0.080000000000001));
#9870=CARTESIAN_POINT('',(-0.0430000000000006,-0.005,-0.0840000000000012));
#9871=CARTESIAN_POINT('',(-0.039979274057837,-0.005,-0.0840000000000012));
#9872=CARTESIAN_POINT('',(-0.039979274057837,-0.005,-0.0840000000000012));
#9873=CARTESIAN_POINT('',(-0.039979274057837,0.005,-0.0840000000000012));
#9874=CARTESIAN_POINT('',(-0.0430000000000006,-0.005,-0.0840000000000012));
#9875=CARTESIAN_POINT('',(-0.0385000000000006,-0.005,-0.0840000000000012));
#9876=CARTESIAN_POINT('',(-0.0385000000000006,-0.005,-0.0840000000000012));
#9877=CARTESIAN_POINT('',(-0.0385000000000006,0.005,-0.0840000000000012));
#9878=CARTESIAN_POINT('',(-0.0430000000000006,0.005,-0.0840000000000012));
#9879=CARTESIAN_POINT('',(-0.027,-0.005,-0.014));
#9880=CARTESIAN_POINT('',(-0.027,-0.005,-0.0129792740578363));
#9881=CARTESIAN_POINT('',(-0.027,0.005,-0.0129792740578363));
#9882=CARTESIAN_POINT('',(-0.027,-0.005,-0.0129792740578363));
#9883=CARTESIAN_POINT('',(-0.027,0.005,-0.014));
#9884=CARTESIAN_POINT('',(-0.027,0.005,-0.014));
#9885=CARTESIAN_POINT('',(-0.027,0.005,-0.007325));
#9886=CARTESIAN_POINT('',(-0.027,0.,-0.007325));
#9887=CARTESIAN_POINT('',(-0.027,-0.005,-0.007325));
#9888=CARTESIAN_POINT('',(-0.027,-0.005,-0.014));
#9889=CARTESIAN_POINT('',(-0.027,1.12757025938492E-17,-0.007));
#9890=CARTESIAN_POINT('',(-0.027,1.12757025938492E-17,-0.00955));
#9891=CARTESIAN_POINT('',(-0.023,-0.005,-0.014));
#9892=CARTESIAN_POINT('',(-0.023,1.12757025938492E-17,-0.007));
#9893=CARTESIAN_POINT('',(-0.023,1.12757025938492E-17,-0.00955));
#9894=CARTESIAN_POINT('',(-0.023,0.005,-0.014));
#9895=CARTESIAN_POINT('',(-0.023,0.005,-0.0129792740578363));
#9896=CARTESIAN_POINT('',(-0.023,-0.005,-0.0129792740578363));
#9897=CARTESIAN_POINT('',(-0.023,-0.005,-0.0129792740578363));
#9898=CARTESIAN_POINT('',(-0.023,-0.005,-0.014));
#9899=CARTESIAN_POINT('',(-0.023,-0.005,-0.007325));
#9900=CARTESIAN_POINT('',(-0.023,0.,-0.007325));
#9901=CARTESIAN_POINT('',(-0.023,0.005,-0.007325));
#9902=CARTESIAN_POINT('',(-0.023,0.005,-0.014));
#9903=CARTESIAN_POINT('',(0.0042,-0.005,-0.000400000000000012));
#9904=CARTESIAN_POINT('',(0.0042,1.7347234759768E-18,-3.48268112285334E-18));
#9905=CARTESIAN_POINT('',(0.0042,1.7347234759768E-18,-0.00255));
#9906=CARTESIAN_POINT('',(0.0042,0.00350000000000284,-0.0042499999999962));
#9907=CARTESIAN_POINT('',(0.0042,0.00400000000000568,-0.00299999999999237));
#9908=CARTESIAN_POINT('',(0.0042,0.00450000000000284,-0.00299999999999237));
#9909=CARTESIAN_POINT('',(0.0042,0.005,-0.00299999999999237));
#9910=CARTESIAN_POINT('',(0.0042,0.005,-0.000400000000000012));
#9911=CARTESIAN_POINT('',(0.0042,0.005,-0.000400000000000012));
#9912=CARTESIAN_POINT('',(0.0042,0.,-0.000400000000000012));
#9913=CARTESIAN_POINT('',(0.0042,-0.005,-0.000400000000000012));
#9914=CARTESIAN_POINT('',(0.0042,-0.005,-0.000400000000000012));
#9915=CARTESIAN_POINT('',(-0.0042,-0.005,-0.000400000000000013));
#9916=CARTESIAN_POINT('',(-0.0042,1.7347234759768E-18,-4.91127692659895E-18));
#9917=CARTESIAN_POINT('',(-0.0042,1.7347234759768E-18,-0.00255));
#9918=CARTESIAN_POINT('',(-0.0042,0.00450000000000284,-0.00299999999999237));
#9919=CARTESIAN_POINT('',(-0.0042,0.00400000000000568,-0.00299999999999237));
#9920=CARTESIAN_POINT('',(-0.0042,0.005,-0.00299999999999237));
#9921=CARTESIAN_POINT('',(-0.0042,0.00350000000000284,-0.0042499999999962));
#9922=CARTESIAN_POINT('',(-0.0042,0.003,-0.0055));
#9923=CARTESIAN_POINT('',(-0.0042,-0.005,-0.0055));
#9924=CARTESIAN_POINT('',(-0.0042,-0.005,-0.0055));
#9925=CARTESIAN_POINT('',(-0.0042,-0.005,-0.000400000000000013));
#9926=CARTESIAN_POINT('',(-0.0042,-0.005,-0.000400000000000013));
#9927=CARTESIAN_POINT('',(-0.0042,0.,-0.000400000000000013));
#9928=CARTESIAN_POINT('',(-0.0042,0.005,-0.000400000000000013));
#9929=CARTESIAN_POINT('',(-0.0042,0.005,-0.000400000000000013));
#9930=CARTESIAN_POINT('',(-0.002,-0.005,-0.007));
#9931=CARTESIAN_POINT('',(-0.002,-0.005,-0.0100207259421637));
#9932=CARTESIAN_POINT('',(-0.002,-0.005,-0.0100207259421637));
#9933=CARTESIAN_POINT('',(-0.002,0.005,-0.0100207259421637));
#9934=CARTESIAN_POINT('',(-0.002,-0.005,-0.007));
#9935=CARTESIAN_POINT('',(-0.002,-0.005,-0.013503465157023));
#9936=CARTESIAN_POINT('',(-0.002,-0.005,-0.013503465157023));
#9937=CARTESIAN_POINT('',(-0.002,0.005,-0.013503465157023));
#9938=CARTESIAN_POINT('',(-0.002,0.005,-0.007));
#9939=CARTESIAN_POINT('',(0.002,-0.005,-0.000400000000000011));
#9940=CARTESIAN_POINT('',(0.002,-0.005,-0.00597927405783632));
#9941=CARTESIAN_POINT('',(0.002,-0.005,-0.00597927405783632));
#9942=CARTESIAN_POINT('',(0.002,0.005,-0.00597927405783632));
#9943=CARTESIAN_POINT('',(0.002,-0.005,-0.000400000000000011));
#9944=CARTESIAN_POINT('',(0.002,-0.005,-0.000400000000000012));
#9945=CARTESIAN_POINT('',(0.002,0.,-0.000400000000000012));
#9946=CARTESIAN_POINT('',(0.002,0.005,-0.000400000000000012));
#9947=CARTESIAN_POINT('',(0.002,0.005,-0.000400000000000011));
#9948=CARTESIAN_POINT('',(0.002,0.005,-0.000400000000000011));
#9949=CARTESIAN_POINT('',(0.002,1.7347234759768E-18,-3.85683716669147E-18));
#9950=CARTESIAN_POINT('',(0.002,1.7347234759768E-18,0.00255));
#9951=CARTESIAN_POINT('',(0.023,-0.005,-0.009));
#9952=CARTESIAN_POINT('',(0.023,-0.005,-0.0120207259421637));
#9953=CARTESIAN_POINT('',(0.023,-0.005,-0.0120207259421637));
#9954=CARTESIAN_POINT('',(0.023,0.005,-0.0120207259421637));
#9955=CARTESIAN_POINT('',(0.023,-0.005,-0.009));
#9956=CARTESIAN_POINT('',(0.023,-0.005,-0.0155));
#9957=CARTESIAN_POINT('',(0.023,-0.005,-0.0155));
#9958=CARTESIAN_POINT('',(0.023,0.005,-0.0155));
#9959=CARTESIAN_POINT('',(0.023,0.005,-0.009));
#9960=CARTESIAN_POINT('',(0.027,-0.005,-0.0024));
#9961=CARTESIAN_POINT('',(0.027,2.60208521396521E-18,-0.002));
#9962=CARTESIAN_POINT('',(0.027,2.60208521396521E-18,-0.00455));
#9963=CARTESIAN_POINT('',(0.027,0.005,-0.0024));
#9964=CARTESIAN_POINT('',(0.027,0.005,-0.00797927405783633));
#9965=CARTESIAN_POINT('',(0.027,-0.005,-0.00797927405783632));
#9966=CARTESIAN_POINT('',(0.027,-0.005,-0.00797927405783633));
#9967=CARTESIAN_POINT('',(0.027,-0.005,-0.0024));
#9968=CARTESIAN_POINT('',(0.027,-0.005,-0.0024));
#9969=CARTESIAN_POINT('',(0.027,-8.67361737988404E-19,-0.0024));
#9970=CARTESIAN_POINT('',(0.027,0.005,-0.0024));
#9971=CARTESIAN_POINT('',(0.027,0.005,-0.0024));
#9972=CARTESIAN_POINT('',(0.048,-0.005,-0.019));
#9973=CARTESIAN_POINT('',(0.048,-0.005,-0.0220207259421637));
#9974=CARTESIAN_POINT('',(0.048,-0.005,-0.0220207259421637));
#9975=CARTESIAN_POINT('',(0.048,0.005,-0.0220207259421637));
#9976=CARTESIAN_POINT('',(0.048,-0.005,-0.019));
#9977=CARTESIAN_POINT('',(0.048,-0.005,-0.0255));
#9978=CARTESIAN_POINT('',(0.048,-0.005,-0.0255));
#9979=CARTESIAN_POINT('',(0.048,0.005,-0.0255));
#9980=CARTESIAN_POINT('',(0.048,0.005,-0.019));
#9981=CARTESIAN_POINT('',(0.052,-0.005,-0.0124));
#9982=CARTESIAN_POINT('',(0.052,9.54097911787244E-18,-0.012));
#9983=CARTESIAN_POINT('',(0.052,9.54097911787244E-18,-0.01455));
#9984=CARTESIAN_POINT('',(0.052,0.005,-0.0124));
#9985=CARTESIAN_POINT('',(0.052,0.005,-0.0179792740578364));
#9986=CARTESIAN_POINT('',(0.052,-0.005,-0.0179792740578364));
#9987=CARTESIAN_POINT('',(0.052,-0.005,-0.0179792740578364));
#9988=CARTESIAN_POINT('',(0.052,-0.005,-0.0124));
#9989=CARTESIAN_POINT('',(0.052,-0.005,-0.0124));
#9990=CARTESIAN_POINT('',(0.052,-8.67361737988404E-19,-0.0124));
#9991=CARTESIAN_POINT('',(0.052,0.005,-0.0124));
#9992=CARTESIAN_POINT('',(0.052,0.005,-0.0124));
#9993=CARTESIAN_POINT('',(0.00574999999999969,0.005,-0.06125));
#9994=CARTESIAN_POINT('',(-0.0325,0.005,-0.007325));
#9995=CARTESIAN_POINT('',(-0.0325,0.005,-0.00999999999999238));
#9996=CARTESIAN_POINT('',(-0.0325,0.005,-0.00999999999999238));
#9997=CARTESIAN_POINT('',(-0.0292,0.005,-0.00999999999999238));
#9998=CARTESIAN_POINT('',(-0.0292,0.005,-0.007325));
#9999=CARTESIAN_POINT('',(-0.0292,0.005,-0.007325));
#10000=CARTESIAN_POINT('',(-0.029202,0.005,-0.007325));
#10001=CARTESIAN_POINT('',(0.00574999999999969,0.005,-0.06125));
#10002=CARTESIAN_POINT('',(-0.049600000000002,0.005,-0.0862020000000012));
#10003=CARTESIAN_POINT('',(-0.0496000000000018,0.005,-0.0778000000000009));
#10004=CARTESIAN_POINT('',(-0.0496000000000006,0.005,-0.0778000000000009));
#10005=CARTESIAN_POINT('',(-0.047000000000002,0.005,-0.077800000000001));
#10006=CARTESIAN_POINT('',(-0.0470000000000019,0.005,-0.074500000000001));
#10007=CARTESIAN_POINT('',(-0.0470000000000019,0.005,-0.074500000000001));
#10008=CARTESIAN_POINT('',(-0.0496,0.005,-0.0745000000000009));
#10009=CARTESIAN_POINT('',(-0.0385000000000006,-0.005,-0.04775));
#10010=CARTESIAN_POINT('',(-0.0385000000000006,-0.005,-0.04775));
#10011=CARTESIAN_POINT('',(-0.0385000000000006,-0.005,-0.0953362007095732));
#10012=CARTESIAN_POINT('',(-0.0385000000000006,-0.005,-0.0953362007095732));
#10013=CARTESIAN_POINT('',(-0.0385000000000006,0.0304979999999896,-0.05195));
#10014=CARTESIAN_POINT('',(-0.0385000000000006,0.0304979999999896,-0.03705));
#10015=CARTESIAN_POINT('',(-0.0385000000000006,0.0304999999999896,-0.03705));
#10016=CARTESIAN_POINT('',(-0.0385000000000006,0.0304999999999896,-0.06125));
#10017=CARTESIAN_POINT('',(-0.0385000000000006,0.0304999999999896,-0.0305));
#10018=CARTESIAN_POINT('',(-0.0385000000000006,-0.005,-0.0305));
#10019=CARTESIAN_POINT('',(-0.0385000000000006,-0.005,-0.0305));
#10020=CARTESIAN_POINT('',(-0.0385000000000006,-0.005,-0.04775));
#10021=CARTESIAN_POINT('',(-0.0385000000000006,0.005,-0.04775));
#10022=CARTESIAN_POINT('',(-0.03425,-0.005,-0.0205));
#10023=CARTESIAN_POINT('',(-0.03425,-0.005,-0.0205));
#10024=CARTESIAN_POINT('',(-0.0285000000000006,-0.005,-0.0205));
#10025=CARTESIAN_POINT('',(-0.0285000000000006,0.0304999999999896,-0.0205));
#10026=CARTESIAN_POINT('',(-0.0285000000000006,0.0304999999999896,-0.0205));
#10027=CARTESIAN_POINT('',(0.00574999999999969,0.0304999999999896,-0.0205));
#10028=CARTESIAN_POINT('',(-0.0172514702322099,0.0304999999999896,-0.0205));
#10029=CARTESIAN_POINT('',(-0.0172514702322099,-0.005,-0.0205));
#10030=CARTESIAN_POINT('',(-0.0172514702322099,-0.005,-0.0205));
#10031=CARTESIAN_POINT('',(-0.03425,-0.005,-0.0205));
#10032=CARTESIAN_POINT('',(-0.03425,0.005,-0.0205));
#10033=CARTESIAN_POINT('',(-0.0292,-0.005,-0.007325));
#10034=CARTESIAN_POINT('',(-0.0292,0.00450000000000284,-0.00999999999999238));
#10035=CARTESIAN_POINT('',(-0.0292,0.00400000000000568,-0.00999999999999238));
#10036=CARTESIAN_POINT('',(-0.0292,0.00350000000000285,-0.0112499999999962));
#10037=CARTESIAN_POINT('',(-0.0292,-0.005,-0.007325));
#10038=CARTESIAN_POINT('',(-0.0292,-0.005,-0.007325));
#10039=CARTESIAN_POINT('',(-0.0292,0.,-0.007325));
#10040=CARTESIAN_POINT('',(-0.0292,1.12757025938492E-17,-0.007));
#10041=CARTESIAN_POINT('',(-0.0292,1.12757025938492E-17,-0.00445));
#10042=CARTESIAN_POINT('',(-0.0496000000000006,-0.005,-0.0778000000000009));
#10043=CARTESIAN_POINT('',(-0.0500000000000013,1.56142466891287E-19,-0.0778000000000009));
#10044=CARTESIAN_POINT('',(-0.0474500000000013,1.56142466891287E-19,-0.0778000000000009));
#10045=CARTESIAN_POINT('',(-0.0457500000000019,0.0035,-0.077800000000001));
#10046=CARTESIAN_POINT('',(-0.047000000000002,0.004,-0.077800000000001));
#10047=CARTESIAN_POINT('',(-0.047000000000002,0.0045,-0.077800000000001));
#10048=CARTESIAN_POINT('',(-0.0496000000000018,0.,-0.0778000000000009));
#10049=CARTESIAN_POINT('',(-0.0496000000000018,-0.005,-0.0778000000000009));
#10050=CARTESIAN_POINT('',(-0.0496000000000006,-0.005,-0.0778000000000009));
#10051=CARTESIAN_POINT('',(0.00574999999999969,-0.005,-0.06125));
#10052=CARTESIAN_POINT('',(-0.0395000000000006,-0.005,-0.0175));
#10053=CARTESIAN_POINT('',(-0.0395000000000006,-0.005,-0.01875));
#10054=CARTESIAN_POINT('',(-0.0395000000000006,-0.005,-0.0175));
#10055=CARTESIAN_POINT('',(-0.049600000000002,-0.005,-0.0862020000000012));
#10056=CARTESIAN_POINT('',(-0.0443815698604079,-0.005,-0.0806250000000011));
#10057=CARTESIAN_POINT('',(-0.0435877132402721,-0.005,-0.079250000000001));
#10058=CARTESIAN_POINT('',(-0.0420000000000006,-0.005,-0.0792500000000011));
#10059=CARTESIAN_POINT('',(-0.0404122867597291,-0.005,-0.0792500000000011));
#10060=CARTESIAN_POINT('',(-0.0396184301395934,-0.005,-0.0806250000000011));
#10061=CARTESIAN_POINT('',(-0.0285000000000006,-0.005,-0.0305));
#10062=CARTESIAN_POINT('',(-0.026375,-0.005,-0.0173815698604073));
#10063=CARTESIAN_POINT('',(-0.02775,-0.005,-0.0165877132402715));
#10064=CARTESIAN_POINT('',(-0.02775,-0.005,-0.015));
#10065=CARTESIAN_POINT('',(-0.02775,-0.005,-0.0134122867597286));
#10066=CARTESIAN_POINT('',(-0.026375,-0.005,-0.0126184301395928));
#10067=CARTESIAN_POINT('',(-0.029202,-0.005,-0.007325));
#10068=CARTESIAN_POINT('',(0.00574999999999969,0.005,-0.06125));
#10069=CARTESIAN_POINT('',(-0.0396184301395934,0.005,-0.0806250000000011));
#10070=CARTESIAN_POINT('',(-0.0404122867597291,0.005,-0.0792500000000011));
#10071=CARTESIAN_POINT('',(-0.0420000000000006,0.005,-0.0792500000000011));
#10072=CARTESIAN_POINT('',(-0.0435877132402721,0.005,-0.079250000000001));
#10073=CARTESIAN_POINT('',(-0.0443815698604079,0.005,-0.0806250000000011));
#10074=CARTESIAN_POINT('',(-0.0443815698604078,0.005,-0.0833750000000011));
#10075=CARTESIAN_POINT('',(-0.0435877132402721,0.005,-0.0847500000000011));
#10076=CARTESIAN_POINT('',(-0.0420000000000006,0.005,-0.0847500000000011));
#10077=CARTESIAN_POINT('',(-0.0404122867597292,0.005,-0.0847500000000011));
#10078=CARTESIAN_POINT('',(-0.0396184301395934,0.005,-0.0833750000000011));
#10079=CARTESIAN_POINT('',(-0.0420000000000006,0.005,-0.0820000000000011));
#10080=CARTESIAN_POINT('',(-0.0420000000000006,0.005,-0.0836500000000011));
#10081=CARTESIAN_POINT('',(0.00574999999999969,0.005,-0.06125));
#10082=CARTESIAN_POINT('',(-0.0208,0.005,-0.000400000000000016));
#10083=CARTESIAN_POINT('',(-0.0047426488389505,0.005,-0.0155));
#10084=CARTESIAN_POINT('',(-0.0075,0.005,-0.00588766341753168));
#10085=CARTESIAN_POINT('',(-0.0075,0.005,-0.000400000000000014));
#10086=CARTESIAN_POINT('',(-0.0075,0.005,-0.00299999999999237));
#10087=CARTESIAN_POINT('',(-0.0075,0.005,-0.00299999999999237));
#10088=CARTESIAN_POINT('',(0.00574999999999969,0.005,-0.06125));
#10089=CARTESIAN_POINT('',(-0.0175,0.005,-0.007325));
#10090=CARTESIAN_POINT('',(-0.0175,0.005,-0.0121123365824683));
#10091=CARTESIAN_POINT('',(-0.0175,0.005,-0.00999999999999238));
#10092=CARTESIAN_POINT('',(-0.0202573511610495,0.005,-0.0025));
#10093=CARTESIAN_POINT('',(-0.029202,0.005,-0.007325));
#10094=CARTESIAN_POINT('',(-0.0208,0.005,-0.007325));
#10095=CARTESIAN_POINT('',(-0.0208,0.005,-0.007325));
#10096=CARTESIAN_POINT('',(-0.0208,0.005,-0.00999999999999238));
#10097=CARTESIAN_POINT('',(-0.0175,0.005,-0.00999999999999238));
#10098=CARTESIAN_POINT('',(-0.00635,-0.005,-0.0055));
#10099=CARTESIAN_POINT('',(-0.0075,0.003,-0.0055));
#10100=CARTESIAN_POINT('',(-0.0047426488389505,0.003,-0.0055));
#10101=CARTESIAN_POINT('',(-0.0047426488389505,-0.005,-0.0055));
#10102=CARTESIAN_POINT('',(-0.0047426488389505,-0.005,-0.0055));
#10103=CARTESIAN_POINT('',(-0.00635,-0.005,-0.0055));
#10104=CARTESIAN_POINT('',(-0.0208,-0.005,-0.007325));
#10105=CARTESIAN_POINT('',(-0.0208,1.12757025938492E-17,-0.007));
#10106=CARTESIAN_POINT('',(-0.0208,1.12757025938492E-17,-0.00955));
#10107=CARTESIAN_POINT('',(-0.0208,0.00350000000000285,-0.0112499999999962));
#10108=CARTESIAN_POINT('',(-0.0208,0.00400000000000568,-0.00999999999999238));
#10109=CARTESIAN_POINT('',(-0.0208,0.00450000000000284,-0.00999999999999238));
#10110=CARTESIAN_POINT('',(-0.0208,0.,-0.007325));
#10111=CARTESIAN_POINT('',(-0.0208,-0.005,-0.007325));
#10112=CARTESIAN_POINT('',(-0.0208,-0.005,-0.007325));
#10113=CARTESIAN_POINT('',(-0.00808027161234255,-0.005,-0.0157628834735344));
#10114=CARTESIAN_POINT('',(-0.0227894852609458,0.0304999999999896,-0.0286334454160623));
#10115=CARTESIAN_POINT('',(-0.00832181398879607,0.0304999999999896,-0.0159742330529313));
#10116=CARTESIAN_POINT('',(-0.0106664241535247,0.0304999999999896,-0.0180257669470688));
#10117=CARTESIAN_POINT('',(-0.00832181398879607,-0.005,-0.0159742330529313));
#10118=CARTESIAN_POINT('',(-0.00832181398879607,-0.005,-0.0159742330529313));
#10119=CARTESIAN_POINT('',(-0.00808027161234255,-0.005,-0.0157628834735344));
#10120=CARTESIAN_POINT('',(-0.0106664241535247,-0.005,-0.0180257669470688));
#10121=CARTESIAN_POINT('',(-0.0106664241535247,-0.005,-0.0180257669470688));
#10122=CARTESIAN_POINT('',(-0.00468639732584257,-0.005,-0.0135));
#10123=CARTESIAN_POINT('',(0.00574999999999969,0.0304999999999896,-0.0135));
#10124=CARTESIAN_POINT('',(0.00628409873888209,0.0304999999999896,-0.0135));
#10125=CARTESIAN_POINT('',(-0.00173676791011089,0.0304999999999896,-0.0135));
#10126=CARTESIAN_POINT('',(0.00628409873888209,-0.005,-0.0135));
#10127=CARTESIAN_POINT('',(0.00628409873888209,-0.005,-0.0135));
#10128=CARTESIAN_POINT('',(-0.00468639732584257,-0.005,-0.0135));
#10129=CARTESIAN_POINT('',(-0.00468639732584257,0.005,-0.0135));
#10130=CARTESIAN_POINT('',(-0.00173676791011089,0.005,-0.0135));
#10131=CARTESIAN_POINT('',(-0.00173676791011089,0.0304999999999896,-0.0135));
#10132=CARTESIAN_POINT('',(0.00574999999999969,-0.005,-0.06125));
#10133=CARTESIAN_POINT('',(-0.0172514702322099,-0.005,-0.0105));
#10134=CARTESIAN_POINT('',(-0.00173676791011089,-0.005,-0.0235));
#10135=CARTESIAN_POINT('',(-0.001375,-0.005,-0.0103815698604072));
#10136=CARTESIAN_POINT('',(-0.00275,-0.005,-0.00958771324027148));
#10137=CARTESIAN_POINT('',(-0.00275,-0.005,-0.008));
#10138=CARTESIAN_POINT('',(-0.00275,-0.005,-0.00641228675972855));
#10139=CARTESIAN_POINT('',(-0.001375,-0.005,-0.00561843013959281));
#10140=CARTESIAN_POINT('',(-0.0208,-0.005,-0.000400000000000016));
#10141=CARTESIAN_POINT('',(-0.0047426488389505,-0.005,-0.0155));
#10142=CARTESIAN_POINT('',(-0.0202573511610495,-0.005,-0.0025));
#10143=CARTESIAN_POINT('',(-0.029202,-0.005,-0.007325));
#10144=CARTESIAN_POINT('',(-0.023625,-0.005,-0.0126184301395928));
#10145=CARTESIAN_POINT('',(-0.02225,-0.005,-0.0134122867597285));
#10146=CARTESIAN_POINT('',(-0.02225,-0.005,-0.015));
#10147=CARTESIAN_POINT('',(-0.02225,-0.005,-0.0165877132402715));
#10148=CARTESIAN_POINT('',(-0.023625,-0.005,-0.0173815698604073));
#10149=CARTESIAN_POINT('',(0.00574999999999969,0.005,-0.06125));
#10150=CARTESIAN_POINT('',(-0.026375,0.005,-0.0126184301395928));
#10151=CARTESIAN_POINT('',(-0.02775,0.005,-0.0134122867597286));
#10152=CARTESIAN_POINT('',(-0.02775,0.005,-0.015));
#10153=CARTESIAN_POINT('',(-0.02775,0.005,-0.0165877132402715));
#10154=CARTESIAN_POINT('',(-0.026375,0.005,-0.0173815698604073));
#10155=CARTESIAN_POINT('',(-0.023625,0.005,-0.0173815698604073));
#10156=CARTESIAN_POINT('',(-0.02225,0.005,-0.0165877132402715));
#10157=CARTESIAN_POINT('',(-0.02225,0.005,-0.015));
#10158=CARTESIAN_POINT('',(-0.02225,0.005,-0.0134122867597285));
#10159=CARTESIAN_POINT('',(-0.023625,0.005,-0.0126184301395928));
#10160=CARTESIAN_POINT('',(-0.025,0.005,-0.015));
#10161=CARTESIAN_POINT('',(-0.025,0.005,-0.01665));
#10162=CARTESIAN_POINT('',(0.00574999999999969,0.005,-0.06125));
#10163=CARTESIAN_POINT('',(0.0177310562561766,0.005,0.0025));
#10164=CARTESIAN_POINT('',(0.0175,0.005,-0.00749733029395758));
#10165=CARTESIAN_POINT('',(0.0175,0.005,-0.0024));
#10166=CARTESIAN_POINT('',(0.0175,0.005,-0.005));
#10167=CARTESIAN_POINT('',(0.0175,0.005,-0.005));
#10168=CARTESIAN_POINT('',(0.0208,0.005,-0.005));
#10169=CARTESIAN_POINT('',(0.0208,0.005,-0.0024));
#10170=CARTESIAN_POINT('',(0.0208,0.005,-0.0024));
#10171=CARTESIAN_POINT('',(0.020798,0.005,-0.0024));
#10172=CARTESIAN_POINT('',(0.00574999999999969,0.005,-0.06125));
#10173=CARTESIAN_POINT('',(-0.0208,0.005,-0.000400000000000016));
#10174=CARTESIAN_POINT('',(0.0075,0.005,-0.00299999999999237));
#10175=CARTESIAN_POINT('',(0.0075,0.005,-0.00299999999999237));
#10176=CARTESIAN_POINT('',(0.0075,0.005,-0.000400000000000011));
#10177=CARTESIAN_POINT('',(0.0075,0.005,-0.00550266970604245));
#10178=CARTESIAN_POINT('',(0.0072689437438234,0.005,-0.0155));
#10179=CARTESIAN_POINT('',(0.0109180049979653,-0.005,-0.0143507125007267));
#10180=CARTESIAN_POINT('',(0.017089126764415,0.0304999999999896,-0.0158934929423391));
#10181=CARTESIAN_POINT('',(0.014320855000872,0.0304999999999896,-0.0152014250014533));
#10182=CARTESIAN_POINT('',(0.00870945498924542,0.0304999999999896,-0.0137985749985467));
#10183=CARTESIAN_POINT('',(0.014320855000872,-0.005,-0.0152014250014533));
#10184=CARTESIAN_POINT('',(0.014320855000872,-0.005,-0.0152014250014533));
#10185=CARTESIAN_POINT('',(0.0109180049979653,-0.005,-0.0143507125007267));
#10186=CARTESIAN_POINT('',(0.00870945498924542,-0.005,-0.0137985749985467));
#10187=CARTESIAN_POINT('',(0.00870945498924542,0.0304999999999896,-0.0137985749985467));
#10188=CARTESIAN_POINT('',(0.0195653415615735,-0.005,-0.0155));
#10189=CARTESIAN_POINT('',(0.00574999999999969,0.0304999999999896,-0.0155));
#10190=CARTESIAN_POINT('',(0.0248487527452418,0.0304999999999896,-0.0155));
#10191=CARTESIAN_POINT('',(0.0167462112512353,0.0304999999999896,-0.0155));
#10192=CARTESIAN_POINT('',(0.0248487527452418,-0.005,-0.0155));
#10193=CARTESIAN_POINT('',(0.0248487527452418,0.005,-0.0155));
#10194=CARTESIAN_POINT('',(0.0195653415615735,0.005,-0.0155));
#10195=CARTESIAN_POINT('',(0.0195653415615735,-0.005,-0.0155));
#10196=CARTESIAN_POINT('',(0.0167462112512353,-0.005,-0.0155));
#10197=CARTESIAN_POINT('',(0.0167462112512353,-0.005,-0.0155));
#10198=CARTESIAN_POINT('',(0.0208,-0.005,-0.0024));
#10199=CARTESIAN_POINT('',(0.0208,0.00450000000000285,-0.005));
#10200=CARTESIAN_POINT('',(0.0208,0.00400000000000569,-0.005));
#10201=CARTESIAN_POINT('',(0.0208,0.00350000000000285,-0.00625));
#10202=CARTESIAN_POINT('',(0.0208,-0.005,-0.0024));
#10203=CARTESIAN_POINT('',(0.0208,-0.005,-0.0024));
#10204=CARTESIAN_POINT('',(0.0208,-8.67361737988404E-19,-0.0024));
#10205=CARTESIAN_POINT('',(0.0208,2.60208521396521E-18,-0.002));
#10206=CARTESIAN_POINT('',(0.0208,2.60208521396521E-18,0.00055));
#10207=CARTESIAN_POINT('',(0.00574999999999969,-0.005,-0.06125));
#10208=CARTESIAN_POINT('',(0.0167462112512353,-0.005,-0.0055));
#10209=CARTESIAN_POINT('',(0.023625,-0.005,-0.0123815698604072));
#10210=CARTESIAN_POINT('',(0.02225,-0.005,-0.0115877132402715));
#10211=CARTESIAN_POINT('',(0.02225,-0.005,-0.01));
#10212=CARTESIAN_POINT('',(0.02225,-0.005,-0.00841228675972854));
#10213=CARTESIAN_POINT('',(0.023625,-0.005,-0.00761843013959281));
#10214=CARTESIAN_POINT('',(0.020798,-0.005,-0.0024));
#10215=CARTESIAN_POINT('',(0.0177310562561766,-0.005,0.0025));
#10216=CARTESIAN_POINT('',(0.0072689437438234,-0.005,-0.0155));
#10217=CARTESIAN_POINT('',(-0.0208,-0.005,-0.000400000000000016));
#10218=CARTESIAN_POINT('',(0.001375,-0.005,-0.00561843013959281));
#10219=CARTESIAN_POINT('',(0.00275,-0.005,-0.00641228675972854));
#10220=CARTESIAN_POINT('',(0.00275,-0.005,-0.008));
#10221=CARTESIAN_POINT('',(0.00275,-0.005,-0.00958771324027148));
#10222=CARTESIAN_POINT('',(0.001375,-0.005,-0.0103815698604072));
#10223=CARTESIAN_POINT('',(0.00628409873888209,-0.005,-0.0235));
#10224=CARTESIAN_POINT('',(0.00574999999999969,0.005,-0.06125));
#10225=CARTESIAN_POINT('',(-0.001375,0.005,-0.00561843013959281));
#10226=CARTESIAN_POINT('',(-0.00275,0.005,-0.00641228675972854));
#10227=CARTESIAN_POINT('',(-0.00275,0.005,-0.008));
#10228=CARTESIAN_POINT('',(-0.00275,0.005,-0.00958771324027148));
#10229=CARTESIAN_POINT('',(-0.001375,0.005,-0.0103815698604072));
#10230=CARTESIAN_POINT('',(-0.00173676791011089,0.005,-0.0235));
#10231=CARTESIAN_POINT('',(0.001375,0.005,-0.0103815698604072));
#10232=CARTESIAN_POINT('',(0.00275,0.005,-0.00958771324027148));
#10233=CARTESIAN_POINT('',(0.00275,0.005,-0.008));
#10234=CARTESIAN_POINT('',(0.00275,0.005,-0.00641228675972854));
#10235=CARTESIAN_POINT('',(0.001375,0.005,-0.00561843013959281));
#10236=CARTESIAN_POINT('',(-2.16840434497101E-19,0.005,-0.008));
#10237=CARTESIAN_POINT('',(-2.16840434497101E-19,0.005,-0.00965));
#10238=CARTESIAN_POINT('',(0.00574999999999969,0.005,-0.06125));
#10239=CARTESIAN_POINT('',(0.0425,0.005,-0.0124));
#10240=CARTESIAN_POINT('',(0.0425,0.005,-0.015));
#10241=CARTESIAN_POINT('',(0.0425,0.005,-0.015));
#10242=CARTESIAN_POINT('',(0.0458,0.005,-0.015));
#10243=CARTESIAN_POINT('',(0.0458,0.005,-0.0124));
#10244=CARTESIAN_POINT('',(0.0458,0.005,-0.0124));
#10245=CARTESIAN_POINT('',(0.045798,0.005,-0.0124));
#10246=CARTESIAN_POINT('',(0.00574999999999969,0.005,-0.06125));
#10247=CARTESIAN_POINT('',(0.020798,0.005,-0.0024));
#10248=CARTESIAN_POINT('',(0.0292,0.005,-0.0024));
#10249=CARTESIAN_POINT('',(0.0292,0.005,-0.0024));
#10250=CARTESIAN_POINT('',(0.0292,0.005,-0.005));
#10251=CARTESIAN_POINT('',(0.0325,0.005,-0.005));
#10252=CARTESIAN_POINT('',(0.0325,0.005,-0.005));
#10253=CARTESIAN_POINT('',(0.0325,0.005,-0.0024));
#10254=CARTESIAN_POINT('',(0.0325,0.005,-0.00825270458200981));
#10255=CARTESIAN_POINT('',(0.0286937515251343,0.005,-0.0175));
#10256=CARTESIAN_POINT('',(0.0321537814103251,-0.005,-0.0186234752377721));
#10257=CARTESIAN_POINT('',(0.0426432934268947,0.0304999999999896,-0.031735365258484));
#10258=CARTESIAN_POINT('',(0.0346525616005428,0.0304999999999896,-0.0217469504755443));
#10259=CARTESIAN_POINT('',(0.0326574408396721,0.0304999999999896,-0.0192530495244557));
#10260=CARTESIAN_POINT('',(0.0346525616005428,-0.005,-0.0217469504755443));
#10261=CARTESIAN_POINT('',(0.0346525616005428,-0.005,-0.0217469504755443));
#10262=CARTESIAN_POINT('',(0.0321537814103251,-0.005,-0.0186234752377721));
#10263=CARTESIAN_POINT('',(0.0326574408396721,-0.005,-0.0192530495244557));
#10264=CARTESIAN_POINT('',(0.0326574408396721,0.0304999999999896,-0.0192530495244557));
#10265=CARTESIAN_POINT('',(0.0440290627287702,-0.005,-0.0255));
#10266=CARTESIAN_POINT('',(0.00574999999999969,0.0304999999999896,-0.0255));
#10267=CARTESIAN_POINT('',(0.0535,0.0304999999999896,-0.0255));
#10268=CARTESIAN_POINT('',(0.0424612496949731,0.0304999999999896,-0.0255));
#10269=CARTESIAN_POINT('',(0.0535,-0.005,-0.0255));
#10270=CARTESIAN_POINT('',(0.0535,-0.005,-0.0255));
#10271=CARTESIAN_POINT('',(0.0440290627287702,-0.005,-0.0255));
#10272=CARTESIAN_POINT('',(0.0440290627287702,0.005,-0.0255));
#10273=CARTESIAN_POINT('',(0.0440290627287702,-0.005,-0.0255));
#10274=CARTESIAN_POINT('',(0.0424612496949731,-0.005,-0.0255));
#10275=CARTESIAN_POINT('',(0.0424612496949731,-0.005,-0.0255));
#10276=CARTESIAN_POINT('',(0.0458,-0.005,-0.0124));
#10277=CARTESIAN_POINT('',(0.0458,0.00450000000000285,-0.015));
#10278=CARTESIAN_POINT('',(0.0458,0.00400000000000569,-0.015));
#10279=CARTESIAN_POINT('',(0.0458,0.00350000000000285,-0.01625));
#10280=CARTESIAN_POINT('',(0.0458,-0.005,-0.0124));
#10281=CARTESIAN_POINT('',(0.0458,-0.005,-0.0124));
#10282=CARTESIAN_POINT('',(0.0458,-8.67361737988404E-19,-0.0124));
#10283=CARTESIAN_POINT('',(0.0458,9.54097911787244E-18,-0.012));
#10284=CARTESIAN_POINT('',(0.0458,9.54097911787244E-18,-0.00945));
#10285=CARTESIAN_POINT('',(0.0292,-0.005,-0.0024));
#10286=CARTESIAN_POINT('',(0.0292,2.60208521396521E-18,-0.002));
#10287=CARTESIAN_POINT('',(0.0292,2.60208521396521E-18,-0.00455));
#10288=CARTESIAN_POINT('',(0.0292,0.00350000000000285,-0.00625));
#10289=CARTESIAN_POINT('',(0.0292,0.00400000000000569,-0.005));
#10290=CARTESIAN_POINT('',(0.0292,0.00299487096125408,-0.00751282259686472));
#10291=CARTESIAN_POINT('',(0.0292,0.00450000000000285,-0.005));
#10292=CARTESIAN_POINT('',(0.0292,-8.67361737988404E-19,-0.0024));
#10293=CARTESIAN_POINT('',(0.0292,-0.005,-0.0024));
#10294=CARTESIAN_POINT('',(0.0292,-0.005,-0.0024));
#10295=CARTESIAN_POINT('',(0.0292,-0.005,-0.00751282259686472));
#10296=CARTESIAN_POINT('',(0.0292,-0.005,-0.00751282259686472));
#10297=CARTESIAN_POINT('',(0.00574999999999969,-0.005,-0.06125));
#10298=CARTESIAN_POINT('',(0.0424612496949731,-0.005,-0.0155));
#10299=CARTESIAN_POINT('',(0.048625,-0.005,-0.0223815698604072));
#10300=CARTESIAN_POINT('',(0.04725,-0.005,-0.0215877132402715));
#10301=CARTESIAN_POINT('',(0.04725,-0.005,-0.02));
#10302=CARTESIAN_POINT('',(0.04725,-0.005,-0.0184122867597286));
#10303=CARTESIAN_POINT('',(0.048625,-0.005,-0.0176184301395928));
#10304=CARTESIAN_POINT('',(0.045798,-0.005,-0.0124));
#10305=CARTESIAN_POINT('',(0.0286937515251343,-0.005,-0.0175));
#10306=CARTESIAN_POINT('',(0.020798,-0.005,-0.0024));
#10307=CARTESIAN_POINT('',(0.026375,-0.005,-0.00761843013959281));
#10308=CARTESIAN_POINT('',(0.02775,-0.005,-0.00841228675972854));
#10309=CARTESIAN_POINT('',(0.02775,-0.005,-0.01));
#10310=CARTESIAN_POINT('',(0.02775,-0.005,-0.0115877132402715));
#10311=CARTESIAN_POINT('',(0.026375,-0.005,-0.0123815698604072));
#10312=CARTESIAN_POINT('',(0.0248487527452418,-0.005,-0.0255));
#10313=CARTESIAN_POINT('',(0.00574999999999969,0.005,-0.06125));
#10314=CARTESIAN_POINT('',(0.023625,0.005,-0.00761843013959281));
#10315=CARTESIAN_POINT('',(0.02225,0.005,-0.00841228675972854));
#10316=CARTESIAN_POINT('',(0.02225,0.005,-0.01));
#10317=CARTESIAN_POINT('',(0.02225,0.005,-0.0115877132402715));
#10318=CARTESIAN_POINT('',(0.023625,0.005,-0.0123815698604072));
#10319=CARTESIAN_POINT('',(0.0248487527452418,0.005,-0.0255));
#10320=CARTESIAN_POINT('',(0.026375,0.005,-0.0123815698604072));
#10321=CARTESIAN_POINT('',(0.02775,0.005,-0.0115877132402715));
#10322=CARTESIAN_POINT('',(0.02775,0.005,-0.01));
#10323=CARTESIAN_POINT('',(0.02775,0.005,-0.00841228675972854));
#10324=CARTESIAN_POINT('',(0.026375,0.005,-0.00761843013959281));
#10325=CARTESIAN_POINT('',(0.025,0.005,-0.01));
#10326=CARTESIAN_POINT('',(0.025,0.005,-0.01165));
#10327=CARTESIAN_POINT('',(0.00574999999999969,0.005,-0.06125));
#10328=CARTESIAN_POINT('',(-0.0496000000000008,0.005,-0.0895000000000011));
#10329=CARTESIAN_POINT('',(-0.0470000000000022,0.005,-0.0895000000000012));
#10330=CARTESIAN_POINT('',(-0.0470000000000022,0.005,-0.0895000000000012));
#10331=CARTESIAN_POINT('',(-0.0470000000000022,0.005,-0.0862000000000012));
#10332=CARTESIAN_POINT('',(-0.0496000000000006,0.005,-0.0862000000000012));
#10333=CARTESIAN_POINT('',(-0.049600000000002,0.005,-0.0862000000000012));
#10334=CARTESIAN_POINT('',(-0.049600000000002,0.005,-0.0862020000000012));
#10335=CARTESIAN_POINT('',(0.00574999999999969,0.005,-0.06125));
#10336=CARTESIAN_POINT('',(0.045798,0.005,-0.0124));
#10337=CARTESIAN_POINT('',(0.0542,0.005,-0.0124));
#10338=CARTESIAN_POINT('',(0.0542,0.005,-0.0124));
#10339=CARTESIAN_POINT('',(0.0542,0.005,-0.015));
#10340=CARTESIAN_POINT('',(0.0575,0.005,-0.015));
#10341=CARTESIAN_POINT('',(0.0575,0.005,-0.015));
#10342=CARTESIAN_POINT('',(0.0575,0.005,-0.0124));
#10343=CARTESIAN_POINT('',(0.0635,-0.005,-0.0608283938165225));
#10344=CARTESIAN_POINT('',(0.0635,0.0304979999999896,-0.03705));
#10345=CARTESIAN_POINT('',(0.0635,0.0304999999999896,-0.03705));
#10346=CARTESIAN_POINT('',(0.0635,0.0350825756949454,-0.03705));
#10347=CARTESIAN_POINT('',(0.0635,0.0350825756949454,-0.03705));
#10348=CARTESIAN_POINT('',(0.0635,0.0350825756949454,-0.05195));
#10349=CARTESIAN_POINT('',(0.0635,0.0304979999999896,-0.05195));
#10350=CARTESIAN_POINT('',(0.0635,-0.005,-0.0926576292810017));
#10351=CARTESIAN_POINT('',(0.0635,-0.005,-0.0926576292810017));
#10352=CARTESIAN_POINT('',(0.0635,-0.005,-0.0608283938165225));
#10353=CARTESIAN_POINT('',(0.0635,-0.005,-0.0355));
#10354=CARTESIAN_POINT('',(0.0635,0.0304999999999896,-0.0355));
#10355=CARTESIAN_POINT('',(0.0635,0.0304999999999896,-0.0355));
#10356=CARTESIAN_POINT('',(0.0635,0.0304999999999896,-0.0608283938165225));
#10357=CARTESIAN_POINT('',(0.0484297537665785,-0.005,-0.110590580831645));
#10358=CARTESIAN_POINT('',(0.0390567024878102,-0.005,-0.118959376616259));
#10359=CARTESIAN_POINT('',(0.0390567024878102,-0.005,-0.118959376616259));
#10360=CARTESIAN_POINT('',(0.0484297537665785,-0.005,-0.110590580831645));
#10361=CARTESIAN_POINT('',(0.0601601576930885,-0.005,-0.100117005897261));
#10362=CARTESIAN_POINT('',(0.0601601576930885,-0.005,-0.100117005897261));
#10363=CARTESIAN_POINT('',(0.0109999999999997,-0.005,-0.1215));
#10364=CARTESIAN_POINT('',(0.0109999999999997,-0.005,-0.1215));
#10365=CARTESIAN_POINT('',(-0.0103965447947223,-0.005,-0.1215));
#10366=CARTESIAN_POINT('',(0.0323965447947218,-0.005,-0.1215));
#10367=CARTESIAN_POINT('',(0.0323965447947218,0.0304999999999896,-0.1215));
#10368=CARTESIAN_POINT('',(-0.0103965447947223,-0.005,-0.1215));
#10369=CARTESIAN_POINT('',(-0.0264297537665791,-0.005,-0.110590580831645));
#10370=CARTESIAN_POINT('',(-0.0351601576930891,-0.005,-0.102795577325832));
#10371=CARTESIAN_POINT('',(-0.0351601576930891,-0.005,-0.102795577325832));
#10372=CARTESIAN_POINT('',(-0.0264297537665791,-0.005,-0.110590580831645));
#10373=CARTESIAN_POINT('',(-0.0170567024878108,-0.005,-0.118959376616259));
#10374=CARTESIAN_POINT('',(-0.0170567024878108,0.0304999999999896,-0.118959376616259));
#10375=CARTESIAN_POINT('',(-0.0496000000000006,-0.005,-0.0862000000000012));
#10376=CARTESIAN_POINT('',(-0.0470000000000021,0.0045,-0.0862000000000012));
#10377=CARTESIAN_POINT('',(-0.0470000000000021,0.004,-0.0862000000000012));
#10378=CARTESIAN_POINT('',(-0.045750000000002,0.0035,-0.0862000000000012));
#10379=CARTESIAN_POINT('',(-0.0496000000000006,-0.005,-0.0862000000000012));
#10380=CARTESIAN_POINT('',(-0.049600000000002,-0.005,-0.0862000000000012));
#10381=CARTESIAN_POINT('',(-0.049600000000002,0.,-0.0862000000000012));
#10382=CARTESIAN_POINT('',(-0.0500000000000014,1.56142466891287E-19,-0.0862000000000012));
#10383=CARTESIAN_POINT('',(-0.0525500000000014,1.56142466891287E-19,-0.0862000000000012));
#10384=CARTESIAN_POINT('',(-0.0305000000000005,-0.005,-0.115));
#10385=CARTESIAN_POINT('',(-0.0411601576930891,-0.005,-0.105482002059742));
#10386=CARTESIAN_POINT('',(-0.0411601576930891,-0.005,-0.105482002059742));
#10387=CARTESIAN_POINT('',(-0.0411601576930891,0.0304999999999896,-0.105482002059742));
#10388=CARTESIAN_POINT('',(-0.0305000000000005,0.0304999999999896,-0.115));
#10389=CARTESIAN_POINT('',(-0.0193454981897901,0.0304999999999896,-0.124959376616259));
#10390=CARTESIAN_POINT('',(-0.0193454981897901,-0.005,-0.124959376616259));
#10391=CARTESIAN_POINT('',(-0.0193454981897901,-0.005,-0.124959376616259));
#10392=CARTESIAN_POINT('',(-0.0305000000000005,-0.005,-0.115));
#10393=CARTESIAN_POINT('',(0.0109999999999997,-0.005,-0.1275));
#10394=CARTESIAN_POINT('',(-0.0126853404967015,-0.005,-0.1275));
#10395=CARTESIAN_POINT('',(-0.0126853404967015,-0.005,-0.1275));
#10396=CARTESIAN_POINT('',(-0.0126853404967015,0.0304999999999896,-0.1275));
#10397=CARTESIAN_POINT('',(0.0109999999999997,0.0304999999999896,-0.1275));
#10398=CARTESIAN_POINT('',(0.034685340496701,0.0304999999999896,-0.1275));
#10399=CARTESIAN_POINT('',(0.034685340496701,-0.005,-0.1275));
#10400=CARTESIAN_POINT('',(0.034685340496701,-0.005,-0.1275));
#10401=CARTESIAN_POINT('',(0.0109999999999997,-0.005,-0.1275));
#10402=CARTESIAN_POINT('',(0.0525,-0.005,-0.115));
#10403=CARTESIAN_POINT('',(0.0413454981897894,-0.005,-0.124959376616259));
#10404=CARTESIAN_POINT('',(0.0413454981897894,-0.005,-0.124959376616259));
#10405=CARTESIAN_POINT('',(0.0413454981897894,0.0304999999999896,-0.124959376616259));
#10406=CARTESIAN_POINT('',(0.0525,0.0304999999999896,-0.115));
#10407=CARTESIAN_POINT('',(0.0631601576930885,0.0304999999999896,-0.105482002059742));
#10408=CARTESIAN_POINT('',(0.0631601576930885,-0.005,-0.105482002059742));
#10409=CARTESIAN_POINT('',(0.0631601576930885,-0.005,-0.105482002059742));
#10410=CARTESIAN_POINT('',(0.0525,-0.005,-0.115));
#10411=CARTESIAN_POINT('',(0.0665,-0.005,-0.06));
#10412=CARTESIAN_POINT('',(0.0665,0.00549999999998955,-0.06));
#10413=CARTESIAN_POINT('',(0.0665,0.00549999999998955,-0.0275));
#10414=CARTESIAN_POINT('',(0.0665,0.00549999999998955,-0.0225));
#10415=CARTESIAN_POINT('',(0.0665,-0.005,-0.0225));
#10416=CARTESIAN_POINT('',(0.0665,-0.005,-0.0225));
#10417=CARTESIAN_POINT('',(0.0665,-0.005,-0.06));
#10418=CARTESIAN_POINT('',(0.0665,-0.005,-0.0980226254434832));
#10419=CARTESIAN_POINT('',(0.0665,0.0354999999999896,-0.0980226254434832));
#10420=CARTESIAN_POINT('',(0.0665,0.0304999999999896,-0.0980226254434832));
#10421=CARTESIAN_POINT('',(0.0665,0.0304999999999896,-0.0225));
#10422=CARTESIAN_POINT('',(0.0665,0.0304999999999896,-0.0275));
#10423=CARTESIAN_POINT('',(0.0665,-0.005,-0.0275));
#10424=CARTESIAN_POINT('',(0.0542,-0.005,-0.0124));
#10425=CARTESIAN_POINT('',(0.0542,9.54097911787244E-18,-0.012));
#10426=CARTESIAN_POINT('',(0.0542,9.54097911787244E-18,-0.01455));
#10427=CARTESIAN_POINT('',(0.0542,0.00350000000000285,-0.01625));
#10428=CARTESIAN_POINT('',(0.0542,0.00400000000000569,-0.015));
#10429=CARTESIAN_POINT('',(0.0542,0.00450000000000285,-0.015));
#10430=CARTESIAN_POINT('',(0.0542,-8.67361737988404E-19,-0.0124));
#10431=CARTESIAN_POINT('',(0.0542,-0.005,-0.0124));
#10432=CARTESIAN_POINT('',(0.0542,-0.005,-0.0124));
#10433=CARTESIAN_POINT('',(0.00574999999999969,-0.005,-0.06125));
#10434=CARTESIAN_POINT('',(0.0382494837203529,-0.005,-0.123843280102903));
#10435=CARTESIAN_POINT('',(0.0382494837203529,-0.005,-0.125093280102903));
#10436=CARTESIAN_POINT('',(-0.0162494837203535,-0.005,-0.123843280102903));
#10437=CARTESIAN_POINT('',(-0.0162494837203535,-0.005,-0.125093280102903));
#10438=CARTESIAN_POINT('',(0.0615,-0.005,-0.0225));
#10439=CARTESIAN_POINT('',(0.0615,-0.005,-0.02375));
#10440=CARTESIAN_POINT('',(0.0615,-0.005,-0.0225));
#10441=CARTESIAN_POINT('',(0.045798,-0.005,-0.0124));
#10442=CARTESIAN_POINT('',(0.051375,-0.005,-0.0176184301395928));
#10443=CARTESIAN_POINT('',(0.05275,-0.005,-0.0184122867597286));
#10444=CARTESIAN_POINT('',(0.05275,-0.005,-0.02));
#10445=CARTESIAN_POINT('',(0.05275,-0.005,-0.0215877132402715));
#10446=CARTESIAN_POINT('',(0.051375,-0.005,-0.0223815698604072));
#10447=CARTESIAN_POINT('',(0.0535,-0.005,-0.0355));
#10448=CARTESIAN_POINT('',(0.0535,-0.005,-0.0926576292810017));
#10449=CARTESIAN_POINT('',(0.0323965447947218,-0.005,-0.1115));
#10450=CARTESIAN_POINT('',(-0.0103965447947223,-0.005,-0.1115));
#10451=CARTESIAN_POINT('',(-0.0285000000000006,-0.005,-0.0953362007095732));
#10452=CARTESIAN_POINT('',(-0.0396184301395934,-0.005,-0.0833750000000011));
#10453=CARTESIAN_POINT('',(-0.0404122867597292,-0.005,-0.0847500000000011));
#10454=CARTESIAN_POINT('',(-0.0420000000000006,-0.005,-0.0847500000000011));
#10455=CARTESIAN_POINT('',(-0.0435877132402721,-0.005,-0.0847500000000011));
#10456=CARTESIAN_POINT('',(-0.0443815698604078,-0.005,-0.0833750000000011));
#10457=CARTESIAN_POINT('',(-0.049600000000002,-0.005,-0.0862020000000012));
#10458=CARTESIAN_POINT('',(-0.0345000000000006,-0.005,-0.0980226254434832));
#10459=CARTESIAN_POINT('',(-0.0126853404967015,-0.005,-0.1175));
#10460=CARTESIAN_POINT('',(0.034685340496701,-0.005,-0.1175));
#10461=CARTESIAN_POINT('',(0.0565,-0.005,-0.0980226254434832));
#10462=CARTESIAN_POINT('',(0.00574999999999969,0.005,-0.06125));
#10463=CARTESIAN_POINT('',(0.048625,0.005,-0.0176184301395928));
#10464=CARTESIAN_POINT('',(0.04725,0.005,-0.0184122867597286));
#10465=CARTESIAN_POINT('',(0.04725,0.005,-0.02));
#10466=CARTESIAN_POINT('',(0.04725,0.005,-0.0215877132402715));
#10467=CARTESIAN_POINT('',(0.048625,0.005,-0.0223815698604072));
#10468=CARTESIAN_POINT('',(0.051375,0.005,-0.0223815698604072));
#10469=CARTESIAN_POINT('',(0.05275,0.005,-0.0215877132402715));
#10470=CARTESIAN_POINT('',(0.05275,0.005,-0.02));
#10471=CARTESIAN_POINT('',(0.05275,0.005,-0.0184122867597286));
#10472=CARTESIAN_POINT('',(0.051375,0.005,-0.0176184301395928));
#10473=CARTESIAN_POINT('',(0.05,0.005,-0.02));
#10474=CARTESIAN_POINT('',(0.05,0.005,-0.02165));
#10475=CARTESIAN_POINT('',(0.00574999999999969,0.0304999999999896,-0.06125));
#10476=CARTESIAN_POINT('',(-0.0285000000000006,0.0304999999999896,-0.0305));
#10477=CARTESIAN_POINT('',(0.0109999999999997,0.0304999999999896,-0.03705));
#10478=CARTESIAN_POINT('',(0.0535,0.0304999999999896,-0.0355));
#10479=CARTESIAN_POINT('',(0.0424612496949731,0.0304999999999896,-0.0155));
#10480=CARTESIAN_POINT('',(0.0248487527452418,0.0304999999999896,-0.0255));
#10481=CARTESIAN_POINT('',(0.0167462112512353,0.0304999999999896,-0.0055));
#10482=CARTESIAN_POINT('',(0.00628409873888209,0.0304999999999896,-0.0235));
#10483=CARTESIAN_POINT('',(-0.00173676791011089,0.0304999999999896,-0.0235));
#10484=CARTESIAN_POINT('',(-0.0172514702322099,0.0304999999999896,-0.0105));
#10485=CARTESIAN_POINT('',(-0.033,0.0304999999999896,-0.0295));
#10486=CARTESIAN_POINT('',(-0.033,0.0304999999999896,-0.03065));
#10487=CARTESIAN_POINT('',(-0.017,0.0304999999999896,-0.0295));
#10488=CARTESIAN_POINT('',(-0.017,0.0304999999999896,-0.03065));
#10489=CARTESIAN_POINT('',(-0.008,0.0304999999999896,-0.0295));
#10490=CARTESIAN_POINT('',(-0.008,0.0304999999999896,-0.03065));
#10491=CARTESIAN_POINT('',(0.008,0.0304999999999896,-0.0295));
#10492=CARTESIAN_POINT('',(0.008,0.0304999999999896,-0.03065));
#10493=CARTESIAN_POINT('',(0.017,0.0304999999999896,-0.0295));
#10494=CARTESIAN_POINT('',(0.017,0.0304999999999896,-0.03065));
#10495=CARTESIAN_POINT('',(0.033,0.0304999999999896,-0.0295));
#10496=CARTESIAN_POINT('',(0.033,0.0304999999999896,-0.03065));
#10497=CARTESIAN_POINT('',(0.042,0.0304999999999896,-0.0295));
#10498=CARTESIAN_POINT('',(0.042,0.0304999999999896,-0.03065));
#10499=CARTESIAN_POINT('',(0.058,0.0304999999999896,-0.0295));
#10500=CARTESIAN_POINT('',(0.058,0.0304999999999896,-0.03065));
#10501=CARTESIAN_POINT('',(0.058,0.0355019999999895,-0.0295));
#10502=CARTESIAN_POINT('',(0.058,0.0334999999999896,-0.0295));
#10503=CARTESIAN_POINT('',(0.058,0.0334999999999896,-0.03065));
#10504=CARTESIAN_POINT('',(0.00249999416822776,0.0355019999999895,-0.0900000001653548));
#10505=CARTESIAN_POINT('',(0.00249999416822776,0.0334999999999896,-0.0900000001653548));
#10506=CARTESIAN_POINT('',(0.00249999416822776,0.0334999999999896,-0.0911500001653548));
#10507=CARTESIAN_POINT('',(-0.0275000058317723,0.0355019999999895,-0.0900000001653548));
#10508=CARTESIAN_POINT('',(-0.0275000058317723,0.0334999999999896,-0.0900000001653548));
#10509=CARTESIAN_POINT('',(-0.0275000058317723,0.0334999999999896,-0.0911500001653548));
#10510=CARTESIAN_POINT('',(-0.0275000058317723,0.0355019999999895,-0.0740000001653548));
#10511=CARTESIAN_POINT('',(-0.0275000058317723,0.0334999999999896,-0.0740000001653548));
#10512=CARTESIAN_POINT('',(-0.0275000058317723,0.0334999999999896,-0.0751500001653548));
#10513=CARTESIAN_POINT('',(0.042,0.0355019999999895,-0.0295));
#10514=CARTESIAN_POINT('',(0.042,0.0334999999999896,-0.0295));
#10515=CARTESIAN_POINT('',(0.042,0.0334999999999896,-0.03065));
#10516=CARTESIAN_POINT('',(0.033,0.0355019999999895,-0.0295));
#10517=CARTESIAN_POINT('',(0.033,0.0334999999999896,-0.0295));
#10518=CARTESIAN_POINT('',(0.033,0.0334999999999896,-0.03065));
#10519=CARTESIAN_POINT('',(0.017,0.0355019999999895,-0.0295));
#10520=CARTESIAN_POINT('',(0.017,0.0334999999999896,-0.0295));
#10521=CARTESIAN_POINT('',(0.017,0.0334999999999896,-0.03065));
#10522=CARTESIAN_POINT('',(0.008,0.0355019999999895,-0.0295));
#10523=CARTESIAN_POINT('',(0.008,0.0334999999999896,-0.0295));
#10524=CARTESIAN_POINT('',(0.008,0.0334999999999896,-0.03065));
#10525=CARTESIAN_POINT('',(-0.008,0.0355019999999895,-0.0295));
#10526=CARTESIAN_POINT('',(-0.008,0.0334999999999896,-0.0295));
#10527=CARTESIAN_POINT('',(-0.008,0.0334999999999896,-0.03065));
#10528=CARTESIAN_POINT('',(-0.017,0.0355019999999895,-0.0295));
#10529=CARTESIAN_POINT('',(-0.017,0.0334999999999896,-0.0295));
#10530=CARTESIAN_POINT('',(-0.017,0.0334999999999896,-0.03065));
#10531=CARTESIAN_POINT('',(-0.033,0.0355019999999895,-0.0295));
#10532=CARTESIAN_POINT('',(-0.033,0.0334999999999896,-0.0295));
#10533=CARTESIAN_POINT('',(-0.033,0.0334999999999896,-0.03065));
#10534=CARTESIAN_POINT('',(-0.033,0.0355019999999895,-0.0595));
#10535=CARTESIAN_POINT('',(-0.033,0.0334999999999896,-0.0595));
#10536=CARTESIAN_POINT('',(-0.033,0.0334999999999896,-0.06065));
#10537=CARTESIAN_POINT('',(0.033,0.0355019999999895,-0.0595));
#10538=CARTESIAN_POINT('',(0.033,0.0334999999999896,-0.0595));
#10539=CARTESIAN_POINT('',(0.033,0.0334999999999896,-0.06065));
#10540=CARTESIAN_POINT('',(0.042,0.0355019999999895,-0.0595));
#10541=CARTESIAN_POINT('',(0.042,0.0334999999999896,-0.0595));
#10542=CARTESIAN_POINT('',(0.042,0.0334999999999896,-0.06065));
#10543=CARTESIAN_POINT('',(0.058,0.0355019999999895,-0.0595));
#10544=CARTESIAN_POINT('',(0.058,0.0334999999999896,-0.0595));
#10545=CARTESIAN_POINT('',(0.058,0.0334999999999896,-0.06065));
#10546=CARTESIAN_POINT('',(0.00249999416822774,0.0355019999999895,-0.0740000001653548));
#10547=CARTESIAN_POINT('',(0.00249999416822774,0.0334999999999896,-0.0740000001653548));
#10548=CARTESIAN_POINT('',(0.00249999416822774,0.0334999999999896,-0.0751500001653548));
#10549=CARTESIAN_POINT('',(0.017,0.0355019999999895,-0.0595));
#10550=CARTESIAN_POINT('',(0.017,0.0334999999999896,-0.0595));
#10551=CARTESIAN_POINT('',(0.017,0.0334999999999896,-0.06065));
#10552=CARTESIAN_POINT('',(0.008,0.0355019999999895,-0.0595));
#10553=CARTESIAN_POINT('',(0.008,0.0334999999999896,-0.0595));
#10554=CARTESIAN_POINT('',(0.008,0.0334999999999896,-0.06065));
#10555=CARTESIAN_POINT('',(-0.008,0.0355019999999895,-0.0595));
#10556=CARTESIAN_POINT('',(-0.008,0.0334999999999896,-0.0595));
#10557=CARTESIAN_POINT('',(-0.008,0.0334999999999896,-0.06065));
#10558=CARTESIAN_POINT('',(-0.017,0.0355019999999895,-0.0595));
#10559=CARTESIAN_POINT('',(-0.017,0.0334999999999896,-0.0595));
#10560=CARTESIAN_POINT('',(-0.017,0.0334999999999896,-0.06065));
#10561=CARTESIAN_POINT('',(-0.017,0.0334999999999896,-0.0595));
#10562=CARTESIAN_POINT('',(-0.017,0.0334999999999896,-0.0595));
#10563=CARTESIAN_POINT('',(-0.017,0.0334999999999896,-0.06165));
#10564=CARTESIAN_POINT('',(0.0109999999999997,0.0334999999999896,-0.0665));
#10565=CARTESIAN_POINT('',(-0.008,0.0334999999999896,-0.0595));
#10566=CARTESIAN_POINT('',(-0.008,0.0334999999999896,-0.0595));
#10567=CARTESIAN_POINT('',(-0.008,0.0334999999999896,-0.06165));
#10568=CARTESIAN_POINT('',(0.0109999999999997,0.0334999999999896,-0.0665));
#10569=CARTESIAN_POINT('',(0.008,0.0334999999999896,-0.0595));
#10570=CARTESIAN_POINT('',(0.008,0.0334999999999896,-0.0595));
#10571=CARTESIAN_POINT('',(0.008,0.0334999999999896,-0.06165));
#10572=CARTESIAN_POINT('',(0.0109999999999997,0.0334999999999896,-0.0665));
#10573=CARTESIAN_POINT('',(0.017,0.0334999999999896,-0.0595));
#10574=CARTESIAN_POINT('',(0.017,0.0334999999999896,-0.0595));
#10575=CARTESIAN_POINT('',(0.017,0.0334999999999896,-0.06165));
#10576=CARTESIAN_POINT('',(0.0109999999999997,0.0334999999999896,-0.0665));
#10577=CARTESIAN_POINT('',(0.00249999416822774,0.0334999999999896,-0.0740000001653548));
#10578=CARTESIAN_POINT('',(0.00249999416822774,0.0334999999999896,-0.0740000001653548));
#10579=CARTESIAN_POINT('',(0.00249999416822774,0.0334999999999896,-0.0761500001653548));
#10580=CARTESIAN_POINT('',(0.0109999999999997,0.0334999999999896,-0.0665));
#10581=CARTESIAN_POINT('',(0.058,0.0334999999999896,-0.0595));
#10582=CARTESIAN_POINT('',(0.058,0.0334999999999896,-0.0595));
#10583=CARTESIAN_POINT('',(0.058,0.0334999999999896,-0.06165));
#10584=CARTESIAN_POINT('',(0.0109999999999997,0.0334999999999896,-0.0665));
#10585=CARTESIAN_POINT('',(0.042,0.0334999999999896,-0.0595));
#10586=CARTESIAN_POINT('',(0.042,0.0334999999999896,-0.0595));
#10587=CARTESIAN_POINT('',(0.042,0.0334999999999896,-0.06165));
#10588=CARTESIAN_POINT('',(0.0109999999999997,0.0334999999999896,-0.0665));
#10589=CARTESIAN_POINT('',(0.033,0.0334999999999896,-0.0595));
#10590=CARTESIAN_POINT('',(0.033,0.0334999999999896,-0.0595));
#10591=CARTESIAN_POINT('',(0.033,0.0334999999999896,-0.06165));
#10592=CARTESIAN_POINT('',(0.0109999999999997,0.0334999999999896,-0.0665));
#10593=CARTESIAN_POINT('',(-0.033,0.0334999999999896,-0.0595));
#10594=CARTESIAN_POINT('',(-0.033,0.0334999999999896,-0.0595));
#10595=CARTESIAN_POINT('',(-0.033,0.0334999999999896,-0.06165));
#10596=CARTESIAN_POINT('',(0.0109999999999997,0.0334999999999896,-0.0665));
#10597=CARTESIAN_POINT('',(-0.033,0.0334999999999896,-0.0295));
#10598=CARTESIAN_POINT('',(-0.033,0.0334999999999896,-0.0295));
#10599=CARTESIAN_POINT('',(-0.033,0.0334999999999896,-0.03165));
#10600=CARTESIAN_POINT('',(0.0109999999999997,0.0334999999999896,-0.0665));
#10601=CARTESIAN_POINT('',(-0.017,0.0334999999999896,-0.0295));
#10602=CARTESIAN_POINT('',(-0.017,0.0334999999999896,-0.0295));
#10603=CARTESIAN_POINT('',(-0.017,0.0334999999999896,-0.03165));
#10604=CARTESIAN_POINT('',(0.0109999999999997,0.0334999999999896,-0.0665));
#10605=CARTESIAN_POINT('',(-0.008,0.0334999999999896,-0.0295));
#10606=CARTESIAN_POINT('',(-0.008,0.0334999999999896,-0.0295));
#10607=CARTESIAN_POINT('',(-0.008,0.0334999999999896,-0.03165));
#10608=CARTESIAN_POINT('',(0.0109999999999997,0.0334999999999896,-0.0665));
#10609=CARTESIAN_POINT('',(0.008,0.0334999999999896,-0.0295));
#10610=CARTESIAN_POINT('',(0.008,0.0334999999999896,-0.0295));
#10611=CARTESIAN_POINT('',(0.008,0.0334999999999896,-0.03165));
#10612=CARTESIAN_POINT('',(0.0109999999999997,0.0334999999999896,-0.0665));
#10613=CARTESIAN_POINT('',(0.017,0.0334999999999896,-0.0295));
#10614=CARTESIAN_POINT('',(0.017,0.0334999999999896,-0.0295));
#10615=CARTESIAN_POINT('',(0.017,0.0334999999999896,-0.03165));
#10616=CARTESIAN_POINT('',(0.0109999999999997,0.0334999999999896,-0.0665));
#10617=CARTESIAN_POINT('',(0.033,0.0334999999999896,-0.0295));
#10618=CARTESIAN_POINT('',(0.033,0.0334999999999896,-0.0295));
#10619=CARTESIAN_POINT('',(0.033,0.0334999999999896,-0.03165));
#10620=CARTESIAN_POINT('',(0.0109999999999997,0.0334999999999896,-0.0665));
#10621=CARTESIAN_POINT('',(0.042,0.0334999999999896,-0.0295));
#10622=CARTESIAN_POINT('',(0.042,0.0334999999999896,-0.0295));
#10623=CARTESIAN_POINT('',(0.042,0.0334999999999896,-0.03165));
#10624=CARTESIAN_POINT('',(0.0418331358289228,0.0354999999999896,-0.0273564850482419));
#10625=CARTESIAN_POINT('',(0.042106738487981,0.0354999999999896,-0.0273351861620965));
#10626=CARTESIAN_POINT('',(0.0423745998068921,0.0354999999999896,-0.0273651728308195));
#10627=CARTESIAN_POINT('',(0.0426367197856561,0.0354999999999896,-0.0274464450544108));
#10628=CARTESIAN_POINT('',(0.0109999999999997,0.0334999999999896,-0.0665));
#10629=CARTESIAN_POINT('',(-0.0275000058317723,0.0334999999999896,-0.0740000001653548));
#10630=CARTESIAN_POINT('',(-0.0275000058317723,0.0334999999999896,-0.0740000001653548));
#10631=CARTESIAN_POINT('',(-0.0275000058317723,0.0334999999999896,-0.0761500001653548));
#10632=CARTESIAN_POINT('',(0.0109999999999997,0.0334999999999896,-0.0665));
#10633=CARTESIAN_POINT('',(-0.0275000058317723,0.0334999999999896,-0.0900000001653548));
#10634=CARTESIAN_POINT('',(-0.0275000058317723,0.0334999999999896,-0.0900000001653548));
#10635=CARTESIAN_POINT('',(-0.0275000058317723,0.0334999999999896,-0.0921500001653548));
#10636=CARTESIAN_POINT('',(0.0109999999999997,0.0334999999999896,-0.0665));
#10637=CARTESIAN_POINT('',(0.00249999416822776,0.0334999999999896,-0.0900000001653548));
#10638=CARTESIAN_POINT('',(0.00249999416822776,0.0334999999999896,-0.0900000001653548));
#10639=CARTESIAN_POINT('',(0.00249999416822776,0.0334999999999896,-0.0921500001653548));
#10640=CARTESIAN_POINT('',(0.0109999999999997,0.0334999999999896,-0.0665));
#10641=CARTESIAN_POINT('',(0.058,0.0334999999999896,-0.0295));
#10642=CARTESIAN_POINT('',(0.058,0.0334999999999896,-0.0295));
#10643=CARTESIAN_POINT('',(0.058,0.0334999999999896,-0.03165));
#10644=CARTESIAN_POINT('',(0.0572110133080971,0.0354999999999896,-0.0275));
#10645=CARTESIAN_POINT('',(0.0577163590957988,0.0354999999999896,-0.0273006444493471));
#10646=CARTESIAN_POINT('',(0.0582836456395884,0.0354999999999896,-0.0273006463174257));
#10647=CARTESIAN_POINT('',(0.058788986691903,0.0354999999999896,-0.0275));
#10648=CARTESIAN_POINT('',(0.0109999999999997,0.0334999999999896,-0.0665));
#10649=CARTESIAN_POINT('',(0.045798,9.54097911787244E-18,-0.012));
#10650=CARTESIAN_POINT('',(0.045798,-8.67361737988404E-19,-0.0124));
#10651=CARTESIAN_POINT('',(0.045798,9.54097911787244E-18,-0.012));
#10652=CARTESIAN_POINT('',(0.045798,-8.67361737988404E-19,-0.0124));
#10653=CARTESIAN_POINT('',(0.0425,0.00450000000000285,-0.015));
#10654=CARTESIAN_POINT('',(0.0425,0.00450000000000285,-0.015));
#10655=CARTESIAN_POINT('',(0.0425,0.00400000000000569,-0.015));
#10656=CARTESIAN_POINT('',(0.0425,0.00400000000000569,-0.015));
#10657=CARTESIAN_POINT('',(0.0425,0.00350000000000285,-0.01625));
#10658=CARTESIAN_POINT('',(0.0425,0.00350000000000285,-0.01625));
#10659=CARTESIAN_POINT('',(0.0425,0.,-0.0124));
#10660=CARTESIAN_POINT('',(0.0575,0.00450000000000285,-0.015));
#10661=CARTESIAN_POINT('',(0.0575,0.00400000000000569,-0.015));
#10662=CARTESIAN_POINT('',(0.0575,0.00400000000000569,-0.015));
#10663=CARTESIAN_POINT('',(0.0575,0.00450000000000285,-0.015));
#10664=CARTESIAN_POINT('',(0.0575,0.00350000000000285,-0.01625));
#10665=CARTESIAN_POINT('',(0.0575,0.00350000000000285,-0.01625));
#10666=CARTESIAN_POINT('',(0.0575,0.,-0.0124));
#10667=CARTESIAN_POINT('',(0.020798,2.60208521396521E-18,-0.002));
#10668=CARTESIAN_POINT('',(0.020798,-8.67361737988404E-19,-0.0024));
#10669=CARTESIAN_POINT('',(0.020798,2.60208521396521E-18,-0.002));
#10670=CARTESIAN_POINT('',(0.020798,-8.67361737988404E-19,-0.0024));
#10671=CARTESIAN_POINT('',(0.0175,0.00450000000000285,-0.005));
#10672=CARTESIAN_POINT('',(0.0175,0.00450000000000285,-0.005));
#10673=CARTESIAN_POINT('',(0.0175,0.00400000000000569,-0.005));
#10674=CARTESIAN_POINT('',(0.0175,0.00400000000000569,-0.005));
#10675=CARTESIAN_POINT('',(0.0175,0.00350000000000285,-0.00625));
#10676=CARTESIAN_POINT('',(0.0175,0.00350000000000285,-0.00625));
#10677=CARTESIAN_POINT('',(0.0175,0.00300106788241698,-0.00749733029395758));
#10678=CARTESIAN_POINT('',(0.0177310562561766,0.00700000000002276,0.0025));
#10679=CARTESIAN_POINT('',(0.0175,0.,-0.0024));
#10680=CARTESIAN_POINT('',(0.0175,0.005,-0.00749733029395758));
#10681=CARTESIAN_POINT('',(0.0325,0.00450000000000285,-0.005));
#10682=CARTESIAN_POINT('',(0.0325,0.00400000000000569,-0.005));
#10683=CARTESIAN_POINT('',(0.0325,0.00400000000000569,-0.005));
#10684=CARTESIAN_POINT('',(0.0325,0.00450000000000285,-0.005));
#10685=CARTESIAN_POINT('',(0.0325,0.00350000000000285,-0.00625));
#10686=CARTESIAN_POINT('',(0.0286937515251343,-0.00100000000002276,-0.0175));
#10687=CARTESIAN_POINT('',(0.0325,0.00269891816719437,-0.00825270458200981));
#10688=CARTESIAN_POINT('',(0.0325,0.00350000000000285,-0.00625));
#10689=CARTESIAN_POINT('',(0.0325,0.,-0.0024));
#10690=CARTESIAN_POINT('',(0.0325,0.00269891816719437,-0.00825270458200981));
#10691=CARTESIAN_POINT('',(-0.0208,1.7347234759768E-18,-7.73445434828669E-18));
#10692=CARTESIAN_POINT('',(-0.0208,0.,-0.000400000000000016));
#10693=CARTESIAN_POINT('',(-0.0208,0.,-0.000400000000000016));
#10694=CARTESIAN_POINT('',(-0.0208,1.7347234759768E-18,-7.73445434828669E-18));
#10695=CARTESIAN_POINT('',(-0.0075,0.00450000000000284,-0.00299999999999237));
#10696=CARTESIAN_POINT('',(-0.0075,0.00450000000000284,-0.00299999999999237));
#10697=CARTESIAN_POINT('',(-0.0075,0.00400000000000568,-0.00299999999999238));
#10698=CARTESIAN_POINT('',(-0.0075,0.00400000000000568,-0.00299999999999238));
#10699=CARTESIAN_POINT('',(-0.0075,0.00350000000000284,-0.0042499999999962));
#10700=CARTESIAN_POINT('',(-0.0075,0.00350000000000284,-0.0042499999999962));
#10701=CARTESIAN_POINT('',(-0.0075,0.00284493463298692,-0.00588766341753168));
#10702=CARTESIAN_POINT('',(-0.0047426488389505,-0.00100000000001049,-0.0155));
#10703=CARTESIAN_POINT('',(-0.0075,0.,-0.000400000000000014));
#10704=CARTESIAN_POINT('',(-0.0075,0.005,-0.00588766341753168));
#10705=CARTESIAN_POINT('',(0.0075,0.00450000000000284,-0.00299999999999237));
#10706=CARTESIAN_POINT('',(0.0075,0.00400000000000568,-0.00299999999999237));
#10707=CARTESIAN_POINT('',(0.0075,0.00400000000000568,-0.00299999999999237));
#10708=CARTESIAN_POINT('',(0.0075,0.00450000000000284,-0.00299999999999237));
#10709=CARTESIAN_POINT('',(0.0075,0.00350000000000284,-0.00424999999999619));
#10710=CARTESIAN_POINT('',(0.0072689437438234,-0.0010000000000105,-0.0155));
#10711=CARTESIAN_POINT('',(0.0075,0.00299893211758303,-0.00550266970604245));
#10712=CARTESIAN_POINT('',(0.0075,0.00350000000000284,-0.00424999999999619));
#10713=CARTESIAN_POINT('',(0.0075,0.,-0.000400000000000012));
#10714=CARTESIAN_POINT('',(0.0075,0.00299893211758303,-0.00550266970604245));
#10715=CARTESIAN_POINT('',(-0.029202,1.12757025938492E-17,-0.007));
#10716=CARTESIAN_POINT('',(-0.029202,0.,-0.007325));
#10717=CARTESIAN_POINT('',(-0.029202,1.12757025938492E-17,-0.007));
#10718=CARTESIAN_POINT('',(-0.029202,0.,-0.007325));
#10719=CARTESIAN_POINT('',(-0.0325,0.00450000000000284,-0.00999999999999238));
#10720=CARTESIAN_POINT('',(-0.0325,0.00450000000000284,-0.00999999999999238));
#10721=CARTESIAN_POINT('',(-0.0325,0.00400000000000568,-0.00999999999999238));
#10722=CARTESIAN_POINT('',(-0.0325,0.00400000000000568,-0.00999999999999238));
#10723=CARTESIAN_POINT('',(-0.0325,0.00350000000000285,-0.0112499999999962));
#10724=CARTESIAN_POINT('',(-0.0325,0.00350000000000285,-0.0112499999999962));
#10725=CARTESIAN_POINT('',(-0.0325,0.,-0.007325));
#10726=CARTESIAN_POINT('',(-0.0175,0.00450000000000284,-0.00999999999999238));
#10727=CARTESIAN_POINT('',(-0.0175,0.00400000000000568,-0.00999999999999238));
#10728=CARTESIAN_POINT('',(-0.0175,0.00400000000000568,-0.00999999999999238));
#10729=CARTESIAN_POINT('',(-0.0175,0.00450000000000284,-0.00999999999999238));
#10730=CARTESIAN_POINT('',(-0.0175,0.00350000000000285,-0.0112499999999962));
#10731=CARTESIAN_POINT('',(-0.0202573511610495,0.00700000000001051,-0.0025));
#10732=CARTESIAN_POINT('',(-0.0175,0.00315506536701308,-0.0121123365824683));
#10733=CARTESIAN_POINT('',(-0.0175,0.00350000000000285,-0.0112499999999962));
#10734=CARTESIAN_POINT('',(-0.0175,0.,-0.007325));
#10735=CARTESIAN_POINT('',(-0.0175,0.00315506536701308,-0.0121123365824683));
#10736=CARTESIAN_POINT('',(-0.0500000000000014,1.56142466891287E-19,-0.0862020000000012));
#10737=CARTESIAN_POINT('',(-0.049600000000002,0.,-0.0862020000000012));
#10738=CARTESIAN_POINT('',(-0.0500000000000014,1.56142466891287E-19,-0.0862020000000012));
#10739=CARTESIAN_POINT('',(-0.049600000000002,0.,-0.0862020000000012));
#10740=CARTESIAN_POINT('',(-0.0470000000000022,0.0045,-0.0895000000000012));
#10741=CARTESIAN_POINT('',(-0.0470000000000022,0.0045,-0.0895000000000012));
#10742=CARTESIAN_POINT('',(-0.0470000000000022,0.004,-0.0895000000000012));
#10743=CARTESIAN_POINT('',(-0.0470000000000022,0.004,-0.0895000000000012));
#10744=CARTESIAN_POINT('',(-0.0457500000000021,0.0035,-0.0895000000000012));
#10745=CARTESIAN_POINT('',(-0.0457500000000021,0.0035,-0.0895000000000012));
#10746=CARTESIAN_POINT('',(-0.0496000000000008,0.,-0.0895000000000011));
#10747=CARTESIAN_POINT('',(-0.0470000000000019,0.0045,-0.074500000000001));
#10748=CARTESIAN_POINT('',(-0.0470000000000019,0.004,-0.074500000000001));
#10749=CARTESIAN_POINT('',(-0.0470000000000019,0.004,-0.074500000000001));
#10750=CARTESIAN_POINT('',(-0.0470000000000019,0.0045,-0.074500000000001));
#10751=CARTESIAN_POINT('',(-0.0457500000000018,0.0035,-0.074500000000001));
#10752=CARTESIAN_POINT('',(-0.0457500000000018,0.0035,-0.074500000000001));
#10753=CARTESIAN_POINT('',(-0.0496,0.,-0.0745000000000009));
#10754=CARTESIAN_POINT('',(0.0109999999999997,0.0304979999999896,-0.03705));
#10755=CARTESIAN_POINT('',(0.0615,0.0304999999999896,-0.03705));
#10756=CARTESIAN_POINT('',(0.0109999999999997,0.0304979999999896,-0.05195));
#10757=CARTESIAN_POINT('',(0.0615,0.0304999999999896,-0.05195));
#10758=CARTESIAN_POINT('',(-0.0362,0.0284999999999896,-0.05195));
#10759=CARTESIAN_POINT('',(-0.0362,0.0284999999999896,-0.05195));
#10760=CARTESIAN_POINT('',(0.0109999999999997,0.0284999999999896,-0.05195));
#10761=CARTESIAN_POINT('',(-0.0352,0.0284999999999896,-0.05195));
#10762=CARTESIAN_POINT('',(-0.0352,0.0284999999999896,-0.05195));
#10763=CARTESIAN_POINT('',(-0.0148,0.0284999999999896,-0.05195));
#10764=CARTESIAN_POINT('',(-0.0148,0.0284999999999896,-0.05195));
#10765=CARTESIAN_POINT('',(0.0109999999999997,0.0284999999999896,-0.05195));
#10766=CARTESIAN_POINT('',(-0.0102,0.0284999999999896,-0.05195));
#10767=CARTESIAN_POINT('',(-0.0102,0.0284999999999896,-0.05195));
#10768=CARTESIAN_POINT('',(0.0102,0.0284999999999896,-0.05195));
#10769=CARTESIAN_POINT('',(0.0102,0.0284999999999896,-0.05195));
#10770=CARTESIAN_POINT('',(0.0109999999999997,0.0284999999999896,-0.05195));
#10771=CARTESIAN_POINT('',(0.0148,0.0284999999999896,-0.05195));
#10772=CARTESIAN_POINT('',(0.0148,0.0284999999999896,-0.05195));
#10773=CARTESIAN_POINT('',(0.0352,0.0284999999999896,-0.05195));
#10774=CARTESIAN_POINT('',(0.0352,0.0284999999999896,-0.05195));
#10775=CARTESIAN_POINT('',(0.0109999999999997,0.0284999999999896,-0.05195));
#10776=CARTESIAN_POINT('',(0.0398,0.0284999999999896,-0.05195));
#10777=CARTESIAN_POINT('',(0.0398,0.0284999999999896,-0.05195));
#10778=CARTESIAN_POINT('',(0.0602,0.0284999999999896,-0.05195));
#10779=CARTESIAN_POINT('',(0.0602,0.0284999999999896,-0.05195));
#10780=CARTESIAN_POINT('',(0.0109999999999997,0.0284999999999896,-0.05195));
#10781=CARTESIAN_POINT('',(0.0612,0.0284999999999896,-0.05195));
#10782=CARTESIAN_POINT('',(0.0612,0.0284999999999896,-0.05195));
#10783=CARTESIAN_POINT('',(-0.0110000058317723,0.0304979999999896,-0.0948000001653549));
#10784=CARTESIAN_POINT('',(-0.00505000583177226,0.0304979999999896,-0.0948000001653549));
#10785=CARTESIAN_POINT('',(-0.0169500058317722,0.0304979999999896,-0.0948000001653549));
#10786=CARTESIAN_POINT('',(-0.0169500058317722,0.0304979999999896,-0.0820000001653549));
#10787=CARTESIAN_POINT('',(-0.0169500058317722,0.0304979999999896,-0.0692000001653549));
#10788=CARTESIAN_POINT('',(-0.0110000058317723,0.0304979999999896,-0.0692000001653549));
#10789=CARTESIAN_POINT('',(-0.00505000583177226,0.0304979999999896,-0.0692000001653549));
#10790=CARTESIAN_POINT('',(-0.00505000583177226,0.0304979999999896,-0.0820000001653549));
#10791=CARTESIAN_POINT('',(-0.00505000583177226,0.0284999999999896,-0.0932000001653548));
#10792=CARTESIAN_POINT('',(-0.00505000583177226,0.0284999999999896,-0.0932000001653548));
#10793=CARTESIAN_POINT('',(-0.00505000583177226,0.0284999999999896,-0.0820000001653549));
#10794=CARTESIAN_POINT('',(-0.00505000583177226,0.0284999999999896,-0.0922000001653548));
#10795=CARTESIAN_POINT('',(-0.00505000583177226,0.0284999999999896,-0.0922000001653548));
#10796=CARTESIAN_POINT('',(-0.00505000583177226,0.0284999999999896,-0.0718000001653548));
#10797=CARTESIAN_POINT('',(-0.00505000583177226,0.0284999999999896,-0.0718000001653548));
#10798=CARTESIAN_POINT('',(-0.00505000583177226,0.0284999999999896,-0.0820000001653549));
#10799=CARTESIAN_POINT('',(-0.00505000583177226,0.0284999999999896,-0.0708000001653548));
#10800=CARTESIAN_POINT('',(-0.00505000583177226,0.0284999999999896,-0.0708000001653548));
#10801=CARTESIAN_POINT('',(-0.029560662209738,0.0104999999999895,-0.0175));
#10802=CARTESIAN_POINT('',(-0.0382500000000006,0.176458155253291,-0.0175));
#10803=CARTESIAN_POINT('',(-0.0382500000000006,0.0304999999999896,-0.0175));
#10804=CARTESIAN_POINT('',(-0.0266583123951777,0.0104999999999895,-0.0175));
#10805=CARTESIAN_POINT('',(-0.0266583123951777,0.0304999999999896,-0.0175));
#10806=CARTESIAN_POINT('',(-0.0355791561975892,0.0304999999999896,-0.0175));
#10807=CARTESIAN_POINT('',(0.0527984378812836,0.0104999999999895,-0.0225));
#10808=CARTESIAN_POINT('',(0.0439031242374328,0.0104999999999895,-0.0225));
#10809=CARTESIAN_POINT('',(0.0439031242374328,0.0304999999999896,-0.0225));
#10810=CARTESIAN_POINT('',(0.0439031242374328,0.0154999999999896,-0.0225));
#10811=CARTESIAN_POINT('',(0.0483416876048223,0.0154999999999896,-0.0225));
#10812=CARTESIAN_POINT('',(0.0483416876048223,0.0154999999999896,-0.0225));
#10813=CARTESIAN_POINT('',(0.0483416876048223,0.0104999999999895,-0.0225));
#10814=CARTESIAN_POINT('',(0.0483416876048223,0.0304999999999896,-0.0225));
#10815=CARTESIAN_POINT('',(0.0439031242374328,0.0304999999999896,-0.0225));
#10816=CARTESIAN_POINT('',(0.0350968757625672,0.0104999999999895,-0.0175));
#10817=CARTESIAN_POINT('',(0.0340993153821318,0.0104999999999895,-0.0162530495244557));
#10818=CARTESIAN_POINT('',(0.0340993153821318,0.0304999999999896,-0.0162530495244557));
#10819=CARTESIAN_POINT('',(0.0340993153821318,0.0154999999999896,-0.0162530495244557));
#10820=CARTESIAN_POINT('',(0.0360944361430026,0.0154999999999896,-0.0187469504755442));
#10821=CARTESIAN_POINT('',(0.0360944361430026,0.0154999999999896,-0.0187469504755442));
#10822=CARTESIAN_POINT('',(0.0360944361430026,0.0354999999999896,-0.0187469504755442));
#10823=CARTESIAN_POINT('',(0.0360944361430026,0.0304999999999896,-0.0187469504755442));
#10824=CARTESIAN_POINT('',(0.0340993153821318,0.0304999999999896,-0.0162530495244557));
#10825=CARTESIAN_POINT('',(0.0234906738172394,0.0104999999999895,-0.0125));
#10826=CARTESIAN_POINT('',(0.0233416876048223,0.0104999999999895,-0.0125));
#10827=CARTESIAN_POINT('',(0.0233416876048223,0.0304999999999896,-0.0125));
#10828=CARTESIAN_POINT('',(0.0171155281280883,0.0304999999999896,-0.0125));
#10829=CARTESIAN_POINT('',(0.0171155281280883,0.0304999999999896,-0.0125));
#10830=CARTESIAN_POINT('',(0.0171155281280883,0.0104999999999895,-0.0125));
#10831=CARTESIAN_POINT('',(0.0118844718719117,0.0104999999999895,-0.0115));
#10832=CARTESIAN_POINT('',(0.014690171877725,0.0354999999999896,-0.0122014250014533));
#10833=CARTESIAN_POINT('',(0.014690171877725,0.0304999999999896,-0.0122014250014533));
#10834=CARTESIAN_POINT('',(0.00907877186609842,0.0304999999999896,-0.0107985749985467));
#10835=CARTESIAN_POINT('',(0.00907877186609842,0.0304999999999896,-0.0107985749985467));
#10836=CARTESIAN_POINT('',(0.00907877186609842,0.0104999999999895,-0.0107985749985467));
#10837=CARTESIAN_POINT('',(0.000631573726218232,0.0104999999999895,-0.0105));
#10838=CARTESIAN_POINT('',(-0.00286397325842574,0.0104999999999895,-0.0105));
#10839=CARTESIAN_POINT('',(-0.00286397325842574,0.0304999999999896,-0.0105));
#10840=CARTESIAN_POINT('',(-0.00286397325842574,0.0154999999999896,-0.0105));
#10841=CARTESIAN_POINT('',(-0.0016583123951777,0.0154999999999896,-0.0105));
#10842=CARTESIAN_POINT('',(-0.0016583123951777,0.0154999999999896,-0.0105));
#10843=CARTESIAN_POINT('',(-0.0016583123951777,0.0104999999999895,-0.0105));
#10844=CARTESIAN_POINT('',(-0.0016583123951777,0.0304999999999896,-0.0105));
#10845=CARTESIAN_POINT('',(-0.00286397325842574,0.0304999999999896,-0.0105));
#10846=CARTESIAN_POINT('',(-0.0106213244194752,0.0104999999999895,-0.014));
#10847=CARTESIAN_POINT('',(-0.0117936295018396,0.0104999999999895,-0.0150257669470688));
#10848=CARTESIAN_POINT('',(-0.0117936295018396,0.0304999999999896,-0.0150257669470688));
#10849=CARTESIAN_POINT('',(-0.0117936295018396,0.0154999999999896,-0.0150257669470688));
#10850=CARTESIAN_POINT('',(-0.00944901933711093,0.0154999999999896,-0.0129742330529312));
#10851=CARTESIAN_POINT('',(-0.00944901933711093,0.0154999999999896,-0.0129742330529312));
#10852=CARTESIAN_POINT('',(-0.00944901933711093,0.0104999999999895,-0.0129742330529312));
#10853=CARTESIAN_POINT('',(-0.00944901933711093,0.0304999999999896,-0.0129742330529312));
#10854=CARTESIAN_POINT('',(-0.0117936295018396,0.0304999999999896,-0.0150257669470688));
#10855=CARTESIAN_POINT('',(0.0109999999999997,0.0104999999999895,-0.0665));
#10856=CARTESIAN_POINT('',(-0.00286397325842574,0.0104999999999895,-0.0205));
#10857=CARTESIAN_POINT('',(-0.0047426488389505,0.0104999999999895,-0.0155));
#10858=CARTESIAN_POINT('',(-0.0395000000000006,0.0104999999999895,-0.0820000000000011));
#10859=CARTESIAN_POINT('',(-0.0395000000000006,0.0104999999999895,-0.0803416876048234));
#10860=CARTESIAN_POINT('',(-0.0395000000000006,0.0304999999999896,-0.0803416876048234));
#10861=CARTESIAN_POINT('',(-0.0395000000000006,0.0154999999999896,-0.0803416876048234));
#10862=CARTESIAN_POINT('',(-0.0395000000000006,0.0154999999999896,-0.0820000000000011));
#10863=CARTESIAN_POINT('',(-0.0395000000000006,0.0154999999999896,-0.075000000000001));
#10864=CARTESIAN_POINT('',(-0.0395000000000006,0.0104999999999895,-0.075000000000001));
#10865=CARTESIAN_POINT('',(-0.0395000000000006,0.0304999999999896,-0.075000000000001));
#10866=CARTESIAN_POINT('',(-0.0395000000000006,0.0304999999999896,-0.0776708438024122));
#10867=CARTESIAN_POINT('',(0.0109999999999997,0.0104999999999895,-0.0665));
#10868=CARTESIAN_POINT('',(-0.0420000000000006,0.0104999999999895,-0.0820000000000011));
#10869=CARTESIAN_POINT('',(-0.0420000000000006,0.0104999999999895,-0.0820000000000011));
#10870=CARTESIAN_POINT('',(-0.0420000000000006,0.0104999999999895,-0.0803500000000011));
#10871=CARTESIAN_POINT('',(-0.0420000000000006,-0.148922228444871,-0.0820000000000011));
#10872=CARTESIAN_POINT('',(-0.025,-0.148922228444871,-0.015));
#10873=CARTESIAN_POINT('',(-2.16840434497101E-19,-0.148922228444871,-0.008));
#10874=CARTESIAN_POINT('',(0.025,-0.148922228444871,-0.01));
#10875=CARTESIAN_POINT('',(0.05,-0.148922228444871,-0.02));
#10876=CARTESIAN_POINT('',(-0.0420000000000006,0.0104999999999895,-0.0820000000000011));
#10877=CARTESIAN_POINT('',(-0.0395000000000006,0.0304999999999896,-0.0803416876048234));
#10878=CARTESIAN_POINT('',(-0.0395000000000006,0.0307600298282524,-0.0803416876048234));
#10879=CARTESIAN_POINT('',(-0.0394590559294798,0.0312736682431771,-0.0804013310989213));
#10880=CARTESIAN_POINT('',(-0.0392916858434537,0.0319817963844053,-0.0806845220090212));
#10881=CARTESIAN_POINT('',(-0.0390746623478181,0.0325331888692077,-0.081223497022785));
#10882=CARTESIAN_POINT('',(-0.0389632178552995,0.0327514378620803,-0.0819918747678818));
#10883=CARTESIAN_POINT('',(-0.0390725062153143,0.0325376739554058,-0.0827710640300774));
#10884=CARTESIAN_POINT('',(-0.0392896268096435,0.0319886332495701,-0.0833111912587059));
#10885=CARTESIAN_POINT('',(-0.0394588528576481,0.0312765769429211,-0.0835986005962466));
#10886=CARTESIAN_POINT('',(-0.0395000000000006,0.0307606152891508,-0.0836583123951802));
#10887=CARTESIAN_POINT('',(-0.0395000000000007,0.0304999999999899,-0.0836583123951802));
#10888=CARTESIAN_POINT('',(-0.0395000000000006,0.0154999999999896,-0.0836583123951788));
#10889=CARTESIAN_POINT('',(-0.0395000000000006,0.0147819569661086,-0.0836583123951788));
#10890=CARTESIAN_POINT('',(-0.0398029037509801,0.013445109378269,-0.0841441222233553));
#10891=CARTESIAN_POINT('',(-0.0407411219601259,0.0120783754815029,-0.084815056441384));
#10892=CARTESIAN_POINT('',(-0.0418617757652687,0.0112066871050665,-0.0850430319063458));
#10893=CARTESIAN_POINT('',(-0.0431665160453142,0.0105892423655767,-0.0849090467451967));
#10894=CARTESIAN_POINT('',(-0.0441028126204504,0.0104999999999895,-0.0842570948994663));
#10895=CARTESIAN_POINT('',(-0.0445000000000006,0.0104999999999895,-0.0836583123951788));
#10896=CARTESIAN_POINT('',(-0.0445000000000006,0.0104999999999895,-0.0803416876048234));
#10897=CARTESIAN_POINT('',(-0.0441040194128329,0.0104999999999895,-0.0797447244085053));
#10898=CARTESIAN_POINT('',(-0.0431745318917739,0.0105874171653807,-0.0790944316158964));
#10899=CARTESIAN_POINT('',(-0.0418683708258747,0.01120255944267,-0.078956494421365));
#10900=CARTESIAN_POINT('',(-0.0407467722295688,0.0120723537052209,-0.0791823203729345));
#10901=CARTESIAN_POINT('',(-0.0398041900185812,0.01343902767057,-0.0798536045296057));
#10902=CARTESIAN_POINT('',(-0.0395000000000006,0.0147832743633714,-0.0803416876048234));
#10903=CARTESIAN_POINT('',(-0.0395000000000006,0.0154999999999896,-0.0803416876048234));
#10904=CARTESIAN_POINT('',(0.,0.0104999999999895,-0.008));
#10905=CARTESIAN_POINT('',(-0.00286397325842574,0.0107652428168003,-0.00710688344824306));
#10906=CARTESIAN_POINT('',(-0.00306586585913091,0.0109849619559036,-0.00775429616090207));
#10907=CARTESIAN_POINT('',(-0.00302209077864908,0.0113590932478658,-0.00838607819408981));
#10908=CARTESIAN_POINT('',(-0.00286397325842576,0.0118275675545669,-0.00889311655175696));
#10909=CARTESIAN_POINT('',(-0.00286397325842574,0.0118275675545669,-0.00889311655175696));
#10910=CARTESIAN_POINT('',(0.0016583123951777,0.0304999999999896,-0.0105));
#10911=CARTESIAN_POINT('',(0.0016583123951777,0.0307600298282524,-0.0105));
#10912=CARTESIAN_POINT('',(0.00159866890107975,0.0312736682431771,-0.0105409440705207));
#10913=CARTESIAN_POINT('',(0.00131547799097998,0.0319817963844053,-0.0107083141565469));
#10914=CARTESIAN_POINT('',(0.000776502977216095,0.0325331888692076,-0.0109253376521825));
#10915=CARTESIAN_POINT('',(8.12523211932965E-6,0.0327514378620803,-0.0110367821447011));
#10916=CARTESIAN_POINT('',(-0.000771064030076342,0.0325376739554058,-0.0109274937846863));
#10917=CARTESIAN_POINT('',(-0.00131119125870474,0.0319886332495701,-0.0107103731903571));
#10918=CARTESIAN_POINT('',(-0.0015986005962455,0.0312765769429211,-0.0105411471423525));
#10919=CARTESIAN_POINT('',(-0.00165831239517907,0.0307606152891508,-0.0105));
#10920=CARTESIAN_POINT('',(-0.0016583123951791,0.0304999999999899,-0.0105));
#10921=CARTESIAN_POINT('',(-0.0016583123951777,0.0154999999999896,-0.0105));
#10922=CARTESIAN_POINT('',(-0.0016583123951777,0.0147688447688149,-0.0105));
#10923=CARTESIAN_POINT('',(-0.00216046979338045,0.0134105125449043,-0.0101880181469484));
#10924=CARTESIAN_POINT('',(-0.00270379698470151,0.0123021415845475,-0.00940675675210711));
#10925=CARTESIAN_POINT('',(-0.00286397325842574,0.0118275675545669,-0.00889311655175696));
#10926=CARTESIAN_POINT('',(0.025,0.0104999999999895,-0.01));
#10927=CARTESIAN_POINT('',(0.0266486087943004,0.0304999999999896,-0.0125064095920969));
#10928=CARTESIAN_POINT('',(0.0266486087943004,0.0310059564433879,-0.0125064095920969));
#10929=CARTESIAN_POINT('',(0.0265516020516989,0.0315103646648312,-0.0125838163924072));
#10930=CARTESIAN_POINT('',(0.0262906272877073,0.0319277730625216,-0.0127081878081548));
#10931=CARTESIAN_POINT('',(0.0266486087943004,0.0304999999999896,-0.0125064095920969));
#10932=CARTESIAN_POINT('',(0.0262906272877014,0.0319277730625199,-0.0127081878081552));
#10933=CARTESIAN_POINT('',(0.0262906272877015,0.0319277730625199,-0.0127081878081552));
#10934=CARTESIAN_POINT('',(0.0260915813996423,0.0322461311440848,-0.0128030460945193));
#10935=CARTESIAN_POINT('',(0.025473311212719,0.0327777718727561,-0.0130465677185573));
#10936=CARTESIAN_POINT('',(0.0241902701401668,0.0326235029833857,-0.0129601917081348));
#10937=CARTESIAN_POINT('',(0.0234700975354188,0.031671697557077,-0.0125926136153548));
#10938=CARTESIAN_POINT('',(0.0233416876048223,0.0308937501026369,-0.0125));
#10939=CARTESIAN_POINT('',(0.0233416876048223,0.0304999999999896,-0.0125));
#10940=CARTESIAN_POINT('',(0.0266653481182711,0.0104999999999895,-0.00750468125383336));
#10941=CARTESIAN_POINT('',(0.0272646488301904,0.0104999999999895,-0.00790464791717306));
#10942=CARTESIAN_POINT('',(0.0279164377787706,0.0105732812603803,-0.00884188823684178));
#10943=CARTESIAN_POINT('',(0.0280433881828218,0.0111532603441909,-0.0101747205288421));
#10944=CARTESIAN_POINT('',(0.0277932668357823,0.0120182470601439,-0.0113087397444172));
#10945=CARTESIAN_POINT('',(0.0271158477202211,0.0134209331375803,-0.0122176106481153));
#10946=CARTESIAN_POINT('',(0.0266486087943004,0.014779646016004,-0.0125064095920969));
#10947=CARTESIAN_POINT('',(0.0266486087943004,0.0154999999999896,-0.0125064095920969));
#10948=CARTESIAN_POINT('',(0.0266486087943004,0.0154999999999896,-0.0125064095920969));
#10949=CARTESIAN_POINT('',(0.0266486087943004,0.0229999999999895,-0.0125064095920969));
#10950=CARTESIAN_POINT('',(0.05,0.0104999999999895,-0.02));
#10951=CARTESIAN_POINT('',(0.0516583123951777,0.0304999999999896,-0.0225));
#10952=CARTESIAN_POINT('',(0.0516583123951777,0.0307600298282524,-0.0225));
#10953=CARTESIAN_POINT('',(0.0515986689010798,0.0312736682431771,-0.0225409440705208));
#10954=CARTESIAN_POINT('',(0.05131547799098,0.0319817963844053,-0.0227083141565469));
#10955=CARTESIAN_POINT('',(0.0507765029772161,0.0325331888692077,-0.0229253376521825));
#10956=CARTESIAN_POINT('',(0.0500081252321193,0.0327514378620803,-0.0230367821447011));
#10957=CARTESIAN_POINT('',(0.0492289359699237,0.0325376739554058,-0.0229274937846863));
#10958=CARTESIAN_POINT('',(0.0486888087412953,0.0319886332495701,-0.0227103731903571));
#10959=CARTESIAN_POINT('',(0.0484013994037545,0.0312765769429211,-0.0225411471423525));
#10960=CARTESIAN_POINT('',(0.0483416876048209,0.0307606152891508,-0.0225));
#10961=CARTESIAN_POINT('',(0.0483416876048209,0.0304999999999899,-0.0225));
#10962=CARTESIAN_POINT('',(0.0483416876048223,0.0154999999999896,-0.0225));
#10963=CARTESIAN_POINT('',(0.0483416876048223,0.0147819569661086,-0.0225));
#10964=CARTESIAN_POINT('',(0.0478558777766458,0.013445109378269,-0.0221970962490205));
#10965=CARTESIAN_POINT('',(0.0471849435586171,0.0120783754815029,-0.0212588780398746));
#10966=CARTESIAN_POINT('',(0.0469569680936554,0.0112066871050665,-0.0201382242347319));
#10967=CARTESIAN_POINT('',(0.0470909532548044,0.0105892423655767,-0.0188334839546863));
#10968=CARTESIAN_POINT('',(0.0477429051005348,0.0104999999999895,-0.0178971873795502));
#10969=CARTESIAN_POINT('',(0.0483416876048223,0.0104999999999895,-0.0175));
#10970=CARTESIAN_POINT('',(-0.025,0.0104999999999895,-0.015));
#10971=CARTESIAN_POINT('',(-0.0233416876048223,0.0304999999999896,-0.0175));
#10972=CARTESIAN_POINT('',(-0.0233416876048223,0.0307600298282524,-0.0175));
#10973=CARTESIAN_POINT('',(-0.0234013310989203,0.0312736682431771,-0.0175409440705208));
#10974=CARTESIAN_POINT('',(-0.02368452200902,0.0319817963844053,-0.0177083141565469));
#10975=CARTESIAN_POINT('',(-0.0242234970227839,0.0325331888692076,-0.0179253376521825));
#10976=CARTESIAN_POINT('',(-0.0249918747678807,0.0327514378620803,-0.0180367821447011));
#10977=CARTESIAN_POINT('',(-0.0257710640300763,0.0325376739554058,-0.0179274937846863));
#10978=CARTESIAN_POINT('',(-0.0263111912587047,0.0319886332495701,-0.0177103731903571));
#10979=CARTESIAN_POINT('',(-0.0265986005962455,0.0312765769429212,-0.0175411471423525));
#10980=CARTESIAN_POINT('',(-0.0266583123951791,0.0307606152891508,-0.0175));
#10981=CARTESIAN_POINT('',(-0.0266583123951791,0.0304999999999899,-0.0175));
#10982=CARTESIAN_POINT('',(-0.0233416876048223,0.0104999999999895,-0.0125));
#10983=CARTESIAN_POINT('',(-0.0227447244085042,0.0104999999999895,-0.0128959805871677));
#10984=CARTESIAN_POINT('',(-0.0220944316158953,0.0105874171653807,-0.0138254681082268));
#10985=CARTESIAN_POINT('',(-0.021956494421364,0.01120255944267,-0.0151316291741259));
#10986=CARTESIAN_POINT('',(-0.0221823203729334,0.0120723537052209,-0.0162532277704318));
#10987=CARTESIAN_POINT('',(-0.0228536045296046,0.01343902767057,-0.0171958099814193));
#10988=CARTESIAN_POINT('',(-0.0233416876048223,0.0147832743633715,-0.0175));
#10989=CARTESIAN_POINT('',(-0.0233416876048223,0.0154999999999896,-0.0175));
#10990=CARTESIAN_POINT('',(0.05275,0.005002,-0.02));
#10991=CARTESIAN_POINT('',(0.05275,0.005002,-0.0215877132402715));
#10992=CARTESIAN_POINT('',(0.05275,0.005002,-0.0184122867597286));
#10993=CARTESIAN_POINT('',(0.051375,0.005002,-0.0176184301395928));
#10994=CARTESIAN_POINT('',(0.051375,0.005002,-0.0223815698604072));
#10995=CARTESIAN_POINT('',(-0.0420000000000006,0.005002,-0.0847500000000011));
#10996=CARTESIAN_POINT('',(-0.0435877132402721,0.005002,-0.0847500000000011));
#10997=CARTESIAN_POINT('',(-0.0404122867597292,0.005002,-0.0847500000000011));
#10998=CARTESIAN_POINT('',(-0.0396184301395934,0.005002,-0.0833750000000011));
#10999=CARTESIAN_POINT('',(-0.0443815698604078,0.005002,-0.0833750000000011));
#11000=CARTESIAN_POINT('',(0.048625,0.005002,-0.0223815698604072));
#11001=CARTESIAN_POINT('',(0.04725,0.005002,-0.0215877132402715));
#11002=CARTESIAN_POINT('',(0.04725,0.005002,-0.02));
#11003=CARTESIAN_POINT('',(0.04725,0.005002,-0.0184122867597286));
#11004=CARTESIAN_POINT('',(0.048625,0.005002,-0.0176184301395928));
#11005=CARTESIAN_POINT('',(0.02775,0.005002,-0.01));
#11006=CARTESIAN_POINT('',(0.02775,0.005002,-0.0115877132402715));
#11007=CARTESIAN_POINT('',(0.02775,0.005002,-0.00841228675972854));
#11008=CARTESIAN_POINT('',(0.026375,0.005002,-0.00761843013959281));
#11009=CARTESIAN_POINT('',(0.026375,0.005002,-0.0123815698604072));
#11010=CARTESIAN_POINT('',(0.023625,0.005002,-0.0123815698604072));
#11011=CARTESIAN_POINT('',(0.02225,0.005002,-0.0115877132402715));
#11012=CARTESIAN_POINT('',(0.02225,0.005002,-0.01));
#11013=CARTESIAN_POINT('',(0.02225,0.005002,-0.00841228675972854));
#11014=CARTESIAN_POINT('',(0.023625,0.005002,-0.00761843013959281));
#11015=CARTESIAN_POINT('',(0.00275,0.005002,-0.008));
#11016=CARTESIAN_POINT('',(0.00275,0.005002,-0.00958771324027148));
#11017=CARTESIAN_POINT('',(0.00275,0.005002,-0.00641228675972854));
#11018=CARTESIAN_POINT('',(0.001375,0.005002,-0.00561843013959281));
#11019=CARTESIAN_POINT('',(0.001375,0.005002,-0.0103815698604072));
#11020=CARTESIAN_POINT('',(-0.001375,0.005002,-0.0103815698604072));
#11021=CARTESIAN_POINT('',(-0.00275,0.005002,-0.00958771324027148));
#11022=CARTESIAN_POINT('',(-0.00275,0.005002,-0.008));
#11023=CARTESIAN_POINT('',(-0.00275,0.005002,-0.00641228675972854));
#11024=CARTESIAN_POINT('',(-0.001375,0.005002,-0.00561843013959281));
#11025=CARTESIAN_POINT('',(-0.02225,0.005002,-0.015));
#11026=CARTESIAN_POINT('',(-0.02225,0.005002,-0.0165877132402715));
#11027=CARTESIAN_POINT('',(-0.02225,0.005002,-0.0134122867597285));
#11028=CARTESIAN_POINT('',(-0.023625,0.005002,-0.0126184301395928));
#11029=CARTESIAN_POINT('',(-0.023625,0.005002,-0.0173815698604073));
#11030=CARTESIAN_POINT('',(-0.02775,0.005002,-0.015));
#11031=CARTESIAN_POINT('',(-0.02775,0.005002,-0.0134122867597286));
#11032=CARTESIAN_POINT('',(-0.02775,0.005002,-0.0165877132402715));
#11033=CARTESIAN_POINT('',(-0.026375,0.005002,-0.0126184301395928));
#11034=CARTESIAN_POINT('',(-0.026375,0.005002,-0.0173815698604073));
#11035=CARTESIAN_POINT('',(-0.0443815698604079,0.005002,-0.0806250000000011));
#11036=CARTESIAN_POINT('',(-0.0435877132402721,0.005002,-0.079250000000001));
#11037=CARTESIAN_POINT('',(-0.0396184301395934,0.005002,-0.0806250000000011));
#11038=CARTESIAN_POINT('',(-0.0404122867597291,0.005002,-0.0792500000000011));
#11039=CARTESIAN_POINT('',(-0.0420000000000006,0.005002,-0.0792500000000011));
#11040=CARTESIAN_POINT('',(0.00665341561573509,0.0104999999999895,-0.0205));
#11041=CARTESIAN_POINT('',(0.00665341561573509,0.0304999999999896,-0.0205));
#11042=CARTESIAN_POINT('',(-0.00286397325842574,0.0104999999999895,-0.0205));
#11043=CARTESIAN_POINT('',(-0.00286397325842574,0.0154999999999896,-0.0205));
#11044=CARTESIAN_POINT('',(-0.00286397325842574,0.0304999999999896,-0.0205));
#11045=CARTESIAN_POINT('',(-0.0183786755805248,0.0104999999999895,-0.0075));
#11046=CARTESIAN_POINT('',(-0.0183786755805248,0.0154999999999896,-0.0075));
#11047=CARTESIAN_POINT('',(-0.0183786755805248,0.0304999999999896,-0.0075));
#11048=CARTESIAN_POINT('',(0.0171155281280883,0.0104999999999895,-0.0025));
#11049=CARTESIAN_POINT('',(0.0171155281280883,0.0304999999999896,-0.0025));
#11050=CARTESIAN_POINT('',(0.0262906272877014,0.0104999999999895,-0.0225));
#11051=CARTESIAN_POINT('',(0.0262906272877014,0.0154999999999896,-0.0225));
#11052=CARTESIAN_POINT('',(0.0262906272877014,0.0304999999999896,-0.0225));
#11053=CARTESIAN_POINT('',(0.0439031242374328,0.0104999999999895,-0.0125));
#11054=CARTESIAN_POINT('',(0.0439031242374328,0.0154999999999896,-0.0125));
#11055=CARTESIAN_POINT('',(0.0439031242374328,0.0304999999999896,-0.0125));
#11056=CARTESIAN_POINT('',(0.0323965447947218,-0.005,-0.1115));
#11057=CARTESIAN_POINT('',(0.0565,-0.005,-0.0980226254434832));
#11058=CARTESIAN_POINT('',(0.0565,0.0304999999999896,-0.0980226254434832));
#11059=CARTESIAN_POINT('',(0.0535,-0.005,-0.0926576292810017));
#11060=CARTESIAN_POINT('',(-0.0285000000000006,-0.005,-0.0953362007095732));
#11061=CARTESIAN_POINT('',(-0.0103965447947223,-0.005,-0.1115));
#11062=CARTESIAN_POINT('',(0.034685340496701,-0.005,-0.1175));
#11063=CARTESIAN_POINT('',(0.034685340496701,0.0304999999999896,-0.1175));
#11064=CARTESIAN_POINT('',(-0.0126853404967015,-0.005,-0.1175));
#11065=CARTESIAN_POINT('',(-0.0126853404967015,0.0304999999999896,-0.1175));
#11066=CARTESIAN_POINT('',(-0.0345000000000006,-0.005,-0.0980226254434832));
#11067=CARTESIAN_POINT('',(-0.0345000000000006,0.0304999999999896,-0.0980226254434832));
#11068=CARTESIAN_POINT('',(-0.0285000000000006,-0.005,-0.0305));
#11069=CARTESIAN_POINT('',(0.0535,-0.005,-0.0355));
#11070=CARTESIAN_POINT('',(0.0424612496949731,-0.005,-0.0155));
#11071=CARTESIAN_POINT('',(0.0248487527452418,-0.005,-0.0255));
#11072=CARTESIAN_POINT('',(0.0167462112512353,-0.005,-0.0055));
#11073=CARTESIAN_POINT('',(0.00628409873888209,-0.005,-0.0235));
#11074=CARTESIAN_POINT('',(-0.00173676791011089,-0.005,-0.0235));
#11075=CARTESIAN_POINT('',(-0.0172514702322099,-0.005,-0.0105));
#11076=CARTESIAN_POINT('',(0.0177310562561766,-0.005,0.0025));
#11077=CARTESIAN_POINT('',(-0.0202573511610495,-0.005,-0.0025));
#11078=CARTESIAN_POINT('',(-0.0047426488389505,-0.005,-0.0155));
#11079=CARTESIAN_POINT('',(0.0072689437438234,-0.005,-0.0155));
#11080=CARTESIAN_POINT('',(0.0286937515251343,-0.005,-0.0175));
#11081=CARTESIAN_POINT('',(-0.0395000000000006,0.0304999999999896,-0.06125));
#11082=CARTESIAN_POINT('',(-0.0395000000000006,0.0304999999999896,-0.0940000000000012));
#11083=CARTESIAN_POINT('',(-0.0395000000000006,0.0304999999999896,-0.0980226254434832));
#11084=CARTESIAN_POINT('',(-0.0345000000000006,0.0304999999999896,-0.0980226254434832));
#11085=CARTESIAN_POINT('',(-0.0378300788465449,0.0304999999999896,-0.101752313751613));
#11086=CARTESIAN_POINT('',(-0.0271699211534562,0.0304999999999896,-0.11127031169187));
#11087=CARTESIAN_POINT('',(-0.0160154193432458,0.0304999999999896,-0.12122968830813));
#11088=CARTESIAN_POINT('',(-0.0126853404967015,0.0304999999999896,-0.1175));
#11089=CARTESIAN_POINT('',(-0.0164813011682481,0.034074605684907,-0.125108354006145));
#11090=CARTESIAN_POINT('',(-0.0169856698216046,0.0340170628444988,-0.124900750056359));
#11091=CARTESIAN_POINT('',(-0.0173427829020526,0.034155267006206,-0.124514223461299));
#11092=CARTESIAN_POINT('',(-0.017562295092736,0.0344755092557348,-0.123915630107446));
#11093=CARTESIAN_POINT('',(-0.0174242654571604,0.0349520128437942,-0.1231415250756));
#11094=CARTESIAN_POINT('',(-0.0165934221009918,0.035348167837253,-0.122485979274384));
#11095=CARTESIAN_POINT('',(-0.015446167055668,0.0354282920535789,-0.12268059551482));
#11096=CARTESIAN_POINT('',(-0.0148650314039408,0.0352923504307914,-0.123674317530982));
#11097=CARTESIAN_POINT('',(-0.0151600140203181,0.0348305839462097,-0.124663852023593));
#11098=CARTESIAN_POINT('',(-0.0158187273440371,0.0343519596357393,-0.125089220660729));
#11099=CARTESIAN_POINT('',(-0.0164813011682481,0.034074605684907,-0.125108354006145));
#11100=CARTESIAN_POINT('',(-0.0169856698216046,0.0340170628444988,-0.124900750056359));
#11101=CARTESIAN_POINT('',(-0.0173427829020526,0.034155267006206,-0.124514223461299));
#11102=CARTESIAN_POINT('',(-0.0169611272261199,0.0340496873448514,-0.12487092961548));
#11103=CARTESIAN_POINT('',(-0.0126853404967015,0.0304999999999896,-0.1225));
#11104=CARTESIAN_POINT('',(0.0109999999999997,0.0304999999999896,-0.1225));
#11105=CARTESIAN_POINT('',(0.034685340496701,0.0304999999999896,-0.1225));
#11106=CARTESIAN_POINT('',(0.034685340496701,0.0304999999999896,-0.1175));
#11107=CARTESIAN_POINT('',(0.0382975403202875,0.03413743625402,-0.125126346138996));
#11108=CARTESIAN_POINT('',(0.0376609538281308,0.034453355128087,-0.125019685061907));
#11109=CARTESIAN_POINT('',(0.0370628530336115,0.034927360732206,-0.12452040692168));
#11110=CARTESIAN_POINT('',(0.0368977985852051,0.0353382074036434,-0.123481075728822));
#11111=CARTESIAN_POINT('',(0.0376255279699537,0.035428763544135,-0.122575316080134));
#11112=CARTESIAN_POINT('',(0.038778549093391,0.0353056009558244,-0.122551425193625));
#11113=CARTESIAN_POINT('',(0.039501160299905,0.0348557264100432,-0.123298652228379));
#11114=CARTESIAN_POINT('',(0.0395452302926227,0.0343766306384308,-0.12408140775167));
#11115=CARTESIAN_POINT('',(0.0392394970778874,0.0340890020345725,-0.124663035551794));
#11116=CARTESIAN_POINT('',(0.0388162310336172,0.0340133944298665,-0.125000700239731));
#11117=CARTESIAN_POINT('',(0.0382975403202875,0.03413743625402,-0.125126346138996));
#11118=CARTESIAN_POINT('',(0.0376609538281308,0.034453355128087,-0.125019685061907));
#11119=CARTESIAN_POINT('',(0.0370628530336115,0.034927360732206,-0.12452040692168));
#11120=CARTESIAN_POINT('',(0.037833275939215,0.0343796492103393,-0.125021953544921));
#11121=CARTESIAN_POINT('',(0.0380154193432452,0.0304999999999896,-0.12122968830813));
#11122=CARTESIAN_POINT('',(0.0491699211534556,0.0304999999999896,-0.11127031169187));
#11123=CARTESIAN_POINT('',(0.0598300788465443,0.0304999999999896,-0.101752313751613));
#11124=CARTESIAN_POINT('',(0.0615,-0.005,-0.0225));
#11125=CARTESIAN_POINT('',(0.0615,0.00549999999998955,-0.0225));
#11126=CARTESIAN_POINT('',(0.0565,0.0304999999999896,-0.0980226254434832));
#11127=CARTESIAN_POINT('',(0.0615,0.0304999999999896,-0.0980226254434832));
#11128=CARTESIAN_POINT('',(0.0615,0.00549999999998955,-0.0665));
#11129=CARTESIAN_POINT('',(0.0615,0.0104999999999895,-0.02125));
#11130=CARTESIAN_POINT('',(0.0618581462800161,0.0104999999999895,-0.02125));
#11131=CARTESIAN_POINT('',(0.0625527812334886,0.0104066225988406,-0.0215693197858541));
#11132=CARTESIAN_POINT('',(0.0627847707843646,0.0103323370334912,-0.0223024480385495));
#11133=CARTESIAN_POINT('',(0.0627401959270615,0.0103437499999896,-0.02265625));
#11134=CARTESIAN_POINT('',(0.0627401959270615,0.0103437499999895,-0.02265625));
#11135=CARTESIAN_POINT('',(0.0615,0.00549999999998955,-0.0275));
#11136=CARTESIAN_POINT('',(0.0615,0.0304999999999896,-0.06125));
#11137=CARTESIAN_POINT('',(0.0615,0.0304999999999896,-0.0275));
#11138=CARTESIAN_POINT('',(0.0615,0.0104999999999895,-0.0275));
#11139=CARTESIAN_POINT('',(0.0627401959270615,0.0842290776266454,-0.02265625));
#11140=CARTESIAN_POINT('',(0.0627401959270615,0.0304999999999896,-0.02265625));
#11141=CARTESIAN_POINT('',(0.0615,0.0304999999999896,-0.0275));
#11142=CARTESIAN_POINT('',(0.0615,0.0304999999999896,-0.0275));
#11143=CARTESIAN_POINT('',(0.0627401959270615,0.0304999999999896,-0.02265625));
#11144=CARTESIAN_POINT('',(0.0627401959270615,0.0308402154406441,-0.02265625));
#11145=CARTESIAN_POINT('',(0.0627356205665347,0.0315074497530512,-0.0227249247363064));
#11146=CARTESIAN_POINT('',(0.0626549054514094,0.0324836772685887,-0.0230199100524566));
#11147=CARTESIAN_POINT('',(0.0623974318501502,0.0333717656596541,-0.0234590819169913));
#11148=CARTESIAN_POINT('',(0.0618449308762415,0.0338071891388203,-0.02375));
#11149=CARTESIAN_POINT('',(0.0615,0.0338071891388203,-0.02375));
#11150=CARTESIAN_POINT('',(0.0615,0.0338071891388203,-0.02375));
#11151=CARTESIAN_POINT('',(0.0615,0.0304999999999896,-0.0275));
#11152=CARTESIAN_POINT('',(0.00574999999999969,0.0304999999999896,-0.0275));
#11153=CARTESIAN_POINT('',(0.0615,0.0338071891388203,-0.02375));
#11154=CARTESIAN_POINT('',(0.0611445038257201,0.0338071891388203,-0.02375));
#11155=CARTESIAN_POINT('',(0.0605379527627686,0.0334429270072361,-0.0234208669427166));
#11156=CARTESIAN_POINT('',(0.0602923990777027,0.032540440485701,-0.0228936165077288));
#11157=CARTESIAN_POINT('',(0.0602459304579965,0.031540513425887,-0.0225730418603984));
#11158=CARTESIAN_POINT('',(0.06025,0.0308502385099326,-0.0225));
#11159=CARTESIAN_POINT('',(0.06025,0.0304999999999896,-0.0225));
#11160=CARTESIAN_POINT('',(0.0439031242374328,0.0304999999999896,-0.0275));
#11161=CARTESIAN_POINT('',(0.0439031242374328,0.0304999999999896,-0.0125));
#11162=CARTESIAN_POINT('',(0.0321900920957874,0.0304999999999896,-0.0218704257133164));
#11163=CARTESIAN_POINT('',(0.0410815558080086,0.0304999999999896,-0.0329847553535929));
#11164=CARTESIAN_POINT('',(0.0301949713349166,0.0304999999999896,-0.0193765247622279));
#11165=CARTESIAN_POINT('',(0.0262906272877014,0.0304999999999896,-0.0225));
#11166=CARTESIAN_POINT('',(0.0262906272877014,0.0304999999999896,-0.0175));
#11167=CARTESIAN_POINT('',(0.00574999999999969,0.0304999999999896,-0.0175));
#11168=CARTESIAN_POINT('',(0.0171155281280883,0.0304999999999896,-0.0175));
#11169=CARTESIAN_POINT('',(0.0171155281280883,0.0304999999999896,-0.0025));
#11170=CARTESIAN_POINT('',(0.0134774937525433,0.0304999999999896,-0.01705213750218));
#11171=CARTESIAN_POINT('',(0.0166040555143422,0.0304999999999896,-0.0178337779426298));
#11172=CARTESIAN_POINT('',(0.00786609374091675,0.0304999999999896,-0.0156492874992733));
#11173=CARTESIAN_POINT('',(0.00665341561573509,0.0304999999999896,-0.0205));
#11174=CARTESIAN_POINT('',(0.00665341561573509,0.0304999999999896,-0.0155));
#11175=CARTESIAN_POINT('',(0.00574999999999969,0.0304999999999896,-0.0155));
#11176=CARTESIAN_POINT('',(-0.00286397325842574,0.0304999999999896,-0.0155));
#11177=CARTESIAN_POINT('',(-0.00286397325842574,0.0304999999999896,-0.0205));
#11178=CARTESIAN_POINT('',(-0.00615649629776834,0.0304999999999896,-0.0167371165264657));
#11179=CARTESIAN_POINT('',(-0.0214724760452088,0.0304999999999896,-0.030138598805476));
#11180=CARTESIAN_POINT('',(-0.00850110646249698,0.0304999999999896,-0.0187886504206032));
#11181=CARTESIAN_POINT('',(-0.0183786755805248,0.0304999999999896,-0.0075));
#11182=CARTESIAN_POINT('',(-0.0183786755805248,0.0304999999999896,-0.0225));
#11183=CARTESIAN_POINT('',(-0.0395000000000006,0.0304999999999896,-0.06125));
#11184=CARTESIAN_POINT('',(-0.0395000000000006,0.0304999999999896,-0.070000000000001));
#11185=CARTESIAN_POINT('',(-0.0395000000000006,0.0304999999999896,-0.0225));
#11186=CARTESIAN_POINT('',(-0.0430355339059333,0.0340355339059223,-0.0189644660940673));
#11187=CARTESIAN_POINT('',(-0.0395000000000006,0.0304999999999896,-0.0225));
#11188=CARTESIAN_POINT('',(0.00574999999999969,0.0304999999999896,-0.0225));
#11189=CARTESIAN_POINT('',(-0.0382500000000006,0.0304999999999896,-0.0175));
#11190=CARTESIAN_POINT('',(-0.0382500000000006,0.0307979004691669,-0.0175));
#11191=CARTESIAN_POINT('',(-0.0382482667923048,0.0313835497903466,-0.0175522646817281));
#11192=CARTESIAN_POINT('',(-0.0382707329306228,0.032243620321697,-0.0177858864157254));
#11193=CARTESIAN_POINT('',(-0.0384035719066563,0.0330459977373977,-0.0181660272344681));
#11194=CARTESIAN_POINT('',(-0.038763619336292,0.0336022046877172,-0.0185703330421087));
#11195=CARTESIAN_POINT('',(-0.0393065974064509,0.0338219204663514,-0.0187630332027064));
#11196=CARTESIAN_POINT('',(-0.0397704282115638,0.0338053256138857,-0.018747686758156));
#11197=CARTESIAN_POINT('',(-0.0401588354496879,0.0336154884844282,-0.0185849076702542));
#11198=CARTESIAN_POINT('',(-0.0405066565427921,0.0332200326455811,-0.01828997893823));
#11199=CARTESIAN_POINT('',(-0.040694690205011,0.0325871266691992,-0.0179268687295439));
#11200=CARTESIAN_POINT('',(-0.0407310055051112,0.0320250990075307,-0.0177291967127779));
#11201=CARTESIAN_POINT('',(-0.0407401959270621,0.0317401959270511,-0.01765625));
#11202=CARTESIAN_POINT('',(-0.0407401959270621,0.0317401959270511,-0.01765625));
#11203=CARTESIAN_POINT('',(-0.0395000000000006,0.0304999999999896,-0.0225));
#11204=CARTESIAN_POINT('',(-0.0395000000000006,-0.005,-0.0225));
#11205=CARTESIAN_POINT('',(-0.0407401959270621,0.0842290776266454,-0.01765625));
#11206=CARTESIAN_POINT('',(-0.0407401959270621,0.0103437499999895,-0.01765625));
#11207=CARTESIAN_POINT('',(-0.0395000000000006,0.00549999999998955,-0.0225));
#11208=CARTESIAN_POINT('',(-0.0395000000000006,-0.005,-0.0175));
#11209=CARTESIAN_POINT('',(-0.0395000000000006,0.00549999999998955,-0.0175));
#11210=CARTESIAN_POINT('',(-0.0395000000000006,0.00549999999998955,-0.0665));
#11211=CARTESIAN_POINT('',(-0.0407401959270621,0.0103437499999896,-0.01765625));
#11212=CARTESIAN_POINT('',(-0.040784335281109,0.0103324485399406,-0.0173059047384827));
#11213=CARTESIAN_POINT('',(-0.0405543074090956,0.010406331995607,-0.0165689863521787));
#11214=CARTESIAN_POINT('',(-0.0398579902677355,0.0104999999999895,-0.01625));
#11215=CARTESIAN_POINT('',(-0.0395000000000006,0.0104999999999895,-0.01625));
#11216=CARTESIAN_POINT('',(-0.029560662209738,0.0154999999999896,-0.0125));
#11217=CARTESIAN_POINT('',(-0.0183786755805248,0.0154999999999896,-0.0125));
#11218=CARTESIAN_POINT('',(-0.0183786755805248,0.0154999999999896,-0.0075));
#11219=CARTESIAN_POINT('',(-0.0150861525411821,0.0154999999999896,-0.0112628834735344));
#11220=CARTESIAN_POINT('',(-0.0139138474588178,0.0154999999999896,-0.0102371165264656));
#11221=CARTESIAN_POINT('',(-0.0127415423764535,0.0154999999999896,-0.00921134957939685));
#11222=CARTESIAN_POINT('',(-0.00286397325842574,0.0154999999999896,-0.0205));
#11223=CARTESIAN_POINT('',(-0.00286397325842574,0.0154999999999896,-0.0055));
#11224=CARTESIAN_POINT('',(0.000631573726218232,0.0154999999999896,-0.0055));
#11225=CARTESIAN_POINT('',(0.0262906272877014,0.0154999999999896,-0.0225));
#11226=CARTESIAN_POINT('',(0.0380036594293469,0.0154999999999896,-0.0131295742866836));
#11227=CARTESIAN_POINT('',(0.0390012198097823,0.0154999999999896,-0.0143765247622279));
#11228=CARTESIAN_POINT('',(0.0399987801902177,0.0154999999999896,-0.0156234752377721));
#11229=CARTESIAN_POINT('',(0.0439031242374328,0.0154999999999896,-0.0125));
#11230=CARTESIAN_POINT('',(0.0439031242374328,0.0154999999999896,-0.0175));
#11231=CARTESIAN_POINT('',(0.0527984378812836,0.0154999999999896,-0.0175));
#11232=CARTESIAN_POINT('',(-0.0445000000000006,0.0154999999999896,-0.0665));
#11233=CARTESIAN_POINT('',(-0.0395000000000006,0.0154999999999896,-0.0890000000000012));
#11234=CARTESIAN_POINT('',(-0.0395000000000006,0.0146045387492022,-0.0890000000000012));
#11235=CARTESIAN_POINT('',(-0.0398632846007927,0.0132863696395803,-0.0889747768324475));
#11236=CARTESIAN_POINT('',(-0.0409661931642982,0.0118814120029,-0.0891857876126314));
#11237=CARTESIAN_POINT('',(-0.0419939343760331,0.0111171727583227,-0.0896104266672831));
#11238=CARTESIAN_POINT('',(-0.0430259136355506,0.0106877265011188,-0.0903732050181884));
#11239=CARTESIAN_POINT('',(-0.0441351313920997,0.0104744970818056,-0.0917807417443153));
#11240=CARTESIAN_POINT('',(-0.0445000000000006,0.0104999999999895,-0.0931036756828226));
#11241=CARTESIAN_POINT('',(-0.0445000000000006,0.0104999999999895,-0.0940000000000012));
#11242=CARTESIAN_POINT('',(-0.0445000000000006,0.0154999999999896,-0.0665));
#11243=CARTESIAN_POINT('',(-0.0445000000000006,0.0104999999999895,-0.070000000000001));
#11244=CARTESIAN_POINT('',(-0.0445000000000006,0.0104999999999895,-0.0708954612507884));
#11245=CARTESIAN_POINT('',(-0.0441367153992085,0.0104747768324359,-0.0722136303604103));
#11246=CARTESIAN_POINT('',(-0.043033806835703,0.0106857876126198,-0.0736185879970906));
#11247=CARTESIAN_POINT('',(-0.0420060656239681,0.0111104266672714,-0.0743828272416679));
#11248=CARTESIAN_POINT('',(-0.0409740863644506,0.0118732050181768,-0.0748122734988717));
#11249=CARTESIAN_POINT('',(-0.0398648686079015,0.0132807417443037,-0.075025502918185));
#11250=CARTESIAN_POINT('',(-0.0395000000000006,0.0146036756828109,-0.075000000000001));
#11251=CARTESIAN_POINT('',(-0.0395000000000006,0.0154999999999896,-0.075000000000001));
#11252=CARTESIAN_POINT('',(-0.0345000000000006,0.0304999999999896,-0.0820000000000011));
#11253=CARTESIAN_POINT('',(-0.0345000000000006,0.0304999999999896,-0.070000000000001));
#11254=CARTESIAN_POINT('',(-0.0345000000000006,0.0304999999999896,-0.0940000000000012));
#11255=CARTESIAN_POINT('',(-0.0395000000000006,-0.005,-0.0940000000000012));
#11256=CARTESIAN_POINT('',(-0.0395000000000006,0.0304999999999896,-0.0940000000000012));
#11257=CARTESIAN_POINT('',(-0.0395000000000006,0.0304999999999896,-0.0940000000000012));
#11258=CARTESIAN_POINT('',(-0.0395000000000006,0.0304999999999896,-0.0940000000000012));
#11259=CARTESIAN_POINT('',(0.00574999999999969,0.0304999999999896,-0.0940000000000012));
#11260=CARTESIAN_POINT('',(-0.0395000000000006,0.0104999999999895,-0.070000000000001));
#11261=CARTESIAN_POINT('',(-0.0395000000000006,0.0304999999999896,-0.070000000000001));
#11262=CARTESIAN_POINT('',(-0.0395000000000006,0.0304999999999896,-0.070000000000001));
#11263=CARTESIAN_POINT('',(-0.0395000000000006,0.0304999999999896,-0.070000000000001));
#11264=CARTESIAN_POINT('',(0.00574999999999969,0.0304999999999896,-0.070000000000001));
#11265=CARTESIAN_POINT('',(-0.0395000000000006,0.176458155253291,-0.0175));
#11266=CARTESIAN_POINT('',(0.0615,0.176458155253291,-0.0225));
#11267=CARTESIAN_POINT('',(0.0382494837203529,0.176458155253291,-0.123843280102903));
#11268=CARTESIAN_POINT('',(-0.0162494837203535,0.176458155253291,-0.123843280102903));
#11269=CARTESIAN_POINT('',(-0.000175005831772255,0.0284999999999896,-0.0718000001653548));
#11270=CARTESIAN_POINT('',(0.00469999416822775,0.0284999999999896,-0.0718000001653548));
#11271=CARTESIAN_POINT('',(0.00469999416822775,0.0284999999999896,-0.0718000001653548));
#11272=CARTESIAN_POINT('',(-0.000175005831772255,0.0284999999999896,-0.0718000001653548));
#11273=CARTESIAN_POINT('',(0.00469999416822775,0.0284999999999896,-0.0820000001653548));
#11274=CARTESIAN_POINT('',(0.00469999416822775,0.0284999999999896,-0.0922000001653548));
#11275=CARTESIAN_POINT('',(0.00469999416822775,0.0284999999999896,-0.0922000001653548));
#11276=CARTESIAN_POINT('',(0.00469999416822775,0.0284999999999896,-0.0820000001653548));
#11277=CARTESIAN_POINT('',(-0.000175005831772254,0.0284999999999896,-0.0922000001653548));
#11278=CARTESIAN_POINT('',(-0.000175005831772254,0.0284999999999896,-0.0922000001653548));
#11279=CARTESIAN_POINT('',(0.000324994168227746,0.0284999999999896,-0.0932000001653548));
#11280=CARTESIAN_POINT('',(0.00569999416822775,0.0284999999999896,-0.0932000001653548));
#11281=CARTESIAN_POINT('',(0.00569999416822775,0.0284999999999896,-0.0932000001653548));
#11282=CARTESIAN_POINT('',(0.000324994168227746,0.0284999999999896,-0.0932000001653548));
#11283=CARTESIAN_POINT('',(0.00569999416822775,0.0284999999999896,-0.0820000001653548));
#11284=CARTESIAN_POINT('',(0.00569999416822775,0.0284999999999896,-0.0708000001653548));
#11285=CARTESIAN_POINT('',(0.00569999416822775,0.0284999999999896,-0.0708000001653548));
#11286=CARTESIAN_POINT('',(0.00569999416822775,0.0284999999999896,-0.0820000001653548));
#11287=CARTESIAN_POINT('',(0.000324994168227745,0.0284999999999896,-0.0708000001653548));
#11288=CARTESIAN_POINT('',(0.000324994168227745,0.0284999999999896,-0.0708000001653548));
#11289=CARTESIAN_POINT('',(0.0124999999999997,0.0284999999999896,-0.0745));
#11290=CARTESIAN_POINT('',(-0.0352,0.0284999999999896,-0.056825));
#11291=CARTESIAN_POINT('',(-0.0352,0.0284999999999896,-0.056825));
#11292=CARTESIAN_POINT('',(-0.0352,0.0284999999999896,-0.0617));
#11293=CARTESIAN_POINT('',(-0.0352,0.0284999999999896,-0.0617));
#11294=CARTESIAN_POINT('',(-0.0362,0.0284999999999896,-0.057325));
#11295=CARTESIAN_POINT('',(-0.0362,0.0284999999999896,-0.0627));
#11296=CARTESIAN_POINT('',(-0.0362,0.0284999999999896,-0.0627));
#11297=CARTESIAN_POINT('',(-0.0362,0.0284999999999896,-0.057325));
#11298=CARTESIAN_POINT('',(0.0125,0.0284999999999896,-0.0627));
#11299=CARTESIAN_POINT('',(0.0612,0.0284999999999896,-0.0627));
#11300=CARTESIAN_POINT('',(0.0612,0.0284999999999896,-0.0627));
#11301=CARTESIAN_POINT('',(0.0125,0.0284999999999896,-0.0627));
#11302=CARTESIAN_POINT('',(0.0612,0.0284999999999896,-0.057325));
#11303=CARTESIAN_POINT('',(0.0612,0.0284999999999896,-0.057325));
#11304=CARTESIAN_POINT('',(0.0602,0.0284999999999896,-0.056825));
#11305=CARTESIAN_POINT('',(0.0602,0.0284999999999896,-0.0617));
#11306=CARTESIAN_POINT('',(0.0602,0.0284999999999896,-0.0617));
#11307=CARTESIAN_POINT('',(0.0602,0.0284999999999896,-0.056825));
#11308=CARTESIAN_POINT('',(0.05,0.0284999999999896,-0.0617));
#11309=CARTESIAN_POINT('',(0.0398,0.0284999999999896,-0.0617));
#11310=CARTESIAN_POINT('',(0.0398,0.0284999999999896,-0.0617));
#11311=CARTESIAN_POINT('',(0.05,0.0284999999999896,-0.0617));
#11312=CARTESIAN_POINT('',(0.0398,0.0284999999999896,-0.056825));
#11313=CARTESIAN_POINT('',(0.0398,0.0284999999999896,-0.056825));
#11314=CARTESIAN_POINT('',(0.0352,0.0284999999999896,-0.056825));
#11315=CARTESIAN_POINT('',(0.0352,0.0284999999999896,-0.0617));
#11316=CARTESIAN_POINT('',(0.0352,0.0284999999999896,-0.0617));
#11317=CARTESIAN_POINT('',(0.0352,0.0284999999999896,-0.056825));
#11318=CARTESIAN_POINT('',(0.025,0.0284999999999896,-0.0617));
#11319=CARTESIAN_POINT('',(0.0148,0.0284999999999896,-0.0617));
#11320=CARTESIAN_POINT('',(0.0148,0.0284999999999896,-0.0617));
#11321=CARTESIAN_POINT('',(0.025,0.0284999999999896,-0.0617));
#11322=CARTESIAN_POINT('',(0.0148,0.0284999999999896,-0.056825));
#11323=CARTESIAN_POINT('',(0.0148,0.0284999999999896,-0.056825));
#11324=CARTESIAN_POINT('',(0.0102,0.0284999999999896,-0.056825));
#11325=CARTESIAN_POINT('',(0.0102,0.0284999999999896,-0.0617));
#11326=CARTESIAN_POINT('',(0.0102,0.0284999999999896,-0.0617));
#11327=CARTESIAN_POINT('',(0.0102,0.0284999999999896,-0.056825));
#11328=CARTESIAN_POINT('',(0.,0.0284999999999896,-0.0617));
#11329=CARTESIAN_POINT('',(-0.0102,0.0284999999999896,-0.0617));
#11330=CARTESIAN_POINT('',(-0.0102,0.0284999999999896,-0.0617));
#11331=CARTESIAN_POINT('',(0.,0.0284999999999896,-0.0617));
#11332=CARTESIAN_POINT('',(-0.0102,0.0284999999999896,-0.056825));
#11333=CARTESIAN_POINT('',(-0.0102,0.0284999999999896,-0.056825));
#11334=CARTESIAN_POINT('',(-0.0148,0.0284999999999896,-0.056825));
#11335=CARTESIAN_POINT('',(-0.0148,0.0284999999999896,-0.0617));
#11336=CARTESIAN_POINT('',(-0.0148,0.0284999999999896,-0.0617));
#11337=CARTESIAN_POINT('',(-0.0148,0.0284999999999896,-0.056825));
#11338=CARTESIAN_POINT('',(-0.025,0.0284999999999896,-0.0617));
#11339=CARTESIAN_POINT('',(-0.025,0.0284999999999896,-0.0617));
#11340=CARTESIAN_POINT('',(0.0124999999999997,0.0284999999999896,-0.0745));
#11341=MECHANICAL_DESIGN_GEOMETRIC_PRESENTATION_REPRESENTATION('',(#6709),
#11342);
#11342=(
GEOMETRIC_REPRESENTATION_CONTEXT(3)
GLOBAL_UNCERTAINTY_ASSIGNED_CONTEXT((#11343))
GLOBAL_UNIT_ASSIGNED_CONTEXT((#11346,#11345,#11344))
REPRESENTATION_CONTEXT('Palm','TOP_LEVEL_ASSEMBLY_PART')
);
#11343=UNCERTAINTY_MEASURE_WITH_UNIT(LENGTH_MEASURE(2.E-5),#11346,
'DISTANCE_ACCURACY_VALUE','Maximum Tolerance applied to model');
#11344=(
NAMED_UNIT(*)
SI_UNIT($,.STERADIAN.)
SOLID_ANGLE_UNIT()
);
#11345=(
NAMED_UNIT(*)
PLANE_ANGLE_UNIT()
SI_UNIT($,.RADIAN.)
);
#11346=(
LENGTH_UNIT()
NAMED_UNIT(*)
SI_UNIT($,.METRE.)
);
#11347=PRODUCT_DEFINITION_SHAPE('','',#11348);
#11348=PRODUCT_DEFINITION('','',#11350,#11349);
#11349=PRODUCT_DEFINITION_CONTEXT('',#11356,'design');
#11350=PRODUCT_DEFINITION_FORMATION_WITH_SPECIFIED_SOURCE('','',#11352,
 .NOT_KNOWN.);
#11351=PRODUCT_RELATED_PRODUCT_CATEGORY('','',(#11352));
#11352=PRODUCT('Palm','Palm','Palm',(#11354));
#11353=PRODUCT_CATEGORY('','');
#11354=PRODUCT_CONTEXT('',#11356,'mechanical');
#11355=APPLICATION_PROTOCOL_DEFINITION('international standard',
'ap242_managed_model_based_3d_engineering',2020,#11356);
#11356=APPLICATION_CONTEXT('managed model based 3d engineering');
ENDSEC;
END-ISO-10303-21;
